qseqid	final_id	reason
844c5560b8a0a057ed829defb1dad699133d9541	Bacillariophyta%Coscinodiscophyceae%Stephanodiscales%NA%NA%NA	10
d47d391d67d5ae6d3d93d6893772b3557d1721ce	NA%NA%NA%NA%NA%NA	10
53b5f449fc8f292a4dd09f382768a8859af0bde3	NA%NA%NA%NA%NA%NA	10
849f62821cb21de8814b79bd7138c5b359ebfdd8	NA%NA%NA%NA%NA%NA	10
0591158b7ee039046eb89f661c428ab8c32e9d7d	NA%NA%NA%NA%NA%NA	10
44d4ccb9f5218a2b9b29875af5840ffc7024343b	NA%NA%NA%NA%NA%NA	10
df070889dec7a2074b7ca43d8eb2fbf1abb7f33e	NA%NA%NA%NA%NA%NA	10
0b99a148770d184a76a4830fd38d831115de78fe	NA%NA%NA%NA%NA%NA	10
3e864af09a29a7a13aa8f5cb4b7a2c96c257de54	NA%NA%NA%NA%NA%NA	10
3b11fca592e65c0886ebf5916fdce40691ce180e	Rotifera%Eurotatoria%Ploima%Brachionidae%Brachionus%NA	3
8568a4b6435452883a4dfec64f8c34e97fa8f5b1	NA%NA%NA%NA%NA%NA	10
5bca285a490bd28b861a79695a16d4c886f550bc	NA%NA%NA%NA%NA%NA	10
b7950ae55bb966f90f7c585bcced46431b59b6aa	Ascomycota%NA%NA%NA%NA%NA	10
08816de8e718166eb71e73747e20273ce7f2d7db	NA%NA%NA%NA%NA%NA	10
29c0f6c357e9c702bad4de4cff2ed43bfd296beb	Ascomycota%Dothideomycetes%Cladosporiales%Cladosporiaceae%Cladosporium%NA	10
906d9c8e7de7fd5894e475fab64a6f76f430db30	NA%NA%NA%NA%NA%NA	10
d5803bec6d71061d78f4ecbf8cda7bf76b6599ac	Oomycota%NA%NA%NA%NA%NA	10
e08b8a6ad5651b5b6342a922f39b6309c5b7d6ac	Oomycota%NA%NA%NA%NA%NA	10
de1bc16852d781959857897682efe82a1be76c0d	NA%NA%NA%NA%NA%NA	10
d96e466ebf2fb461b925a2bff387045016de43c2	Mollusca%Gastropoda%Nudibranchia%Dendronotidae%Dendronotus%Dendronotus venustus	1
39bad365e95c3b5655584fe288b17378101f5ab5	Ascomycota%Leotiomycetes%Thelebolales%NA%NA%NA	10
4bd4bff9a2cdcb9455fbde197077d4e6b0edf847	NA%NA%NA%NA%NA%NA	10
555d5a147e1bb4ef966647cfee7428002d8ad755	NA%NA%NA%NA%NA%NA	10
6c11f84e0e44ef8bec0acce65530aa3800f85dcc	NA%NA%NA%NA%NA%NA	10
50fe9e137cb80a494c37a013782dcb2f4744b28e	NA%NA%NA%NA%NA%NA	10
0c881cffbd0b21b4fd140dbc82b2b523a439996e	NA%NA%NA%NA%NA%NA	10
c5ed2c21843d97ee61ec49152166ac23ae653b1c	NA%Dinophyceae%Peridiniales%Kryptoperidiniaceae%Durinskia%Durinskia baltica	1
d89ef5a0eb93a46e49403198c930a6ca61309db5	Bacillariophyta%Bacillariophyceae%Naviculales%NA%NA%NA	10
ba8cd7a08b436ffc34018d97c2e39cadadbc6fe2	Bacillariophyta%Bacillariophyceae%Bacillariales%NA%NA%NA	10
360fa1f8221abcc86628315ab95f98bfaae125e8	NA%NA%NA%NA%NA%NA	10
5cda93dcaf234cbe94694880456c08ef1f28f25c	NA%NA%NA%NA%NA%NA	10
feb9762c729716e1f7d930f4db019d46aaf09600	Mollusca%Gastropoda%Nudibranchia%Dendronotidae%Dendronotus%Dendronotus venustus	1
dee65769a3213e858314e21fb8f6f150a74e7a99	Bacillariophyta%Bacillariophyceae%Bacillariales%Bacillariaceae%Nitzschia%Nitzschia palea	2
f421f04407038fc904bea559c2922d10387f8839	NA%NA%NA%NA%NA%NA	10
c9653c060562d877f957640a84fed2719fb6e3c3	NA%NA%NA%NA%NA%NA	10
d1e3d4ea7c1259e0b1b9fb76482ae264efbda68e	NA%NA%NA%NA%NA%NA	10
052111ea37689a37dbe18f34cb1e69d035de4dc2	NA%NA%NA%NA%NA%NA	10
adf13c3d109fab78e422cd2560d33cccf065492b	NA%NA%NA%NA%NA%NA	10
3847c5f619b10a47e3db5a268d975384c08f87f2	NA%NA%NA%NA%NA%NA	10
ac1b13fa2ffd3dac032ba97d3167860d775c93e9	Rhodophyta%Florideophyceae%NA%NA%NA%NA	10
6791b056aaf8452ef2d070f4f16dc476c7a577ba	NA%NA%NA%NA%NA%NA	10
42d1eb16ae0c7ace8c032fe7206b963335cfa5e7	NA%NA%NA%NA%NA%NA	10
7ca318ee91f599d8dae8965eedba798a302d4b97	Bacillariophyta%Bacillariophyceae%Bacillariales%Bacillariaceae%Nitzschia%Nitzschia palea	2
a2a2df5f8609c39c23f0feb092541898925c8c65	NA%NA%NA%NA%NA%NA	10
ecd5184f8dd52cb6d8f38295a80bbc1bdfdfc352	NA%NA%NA%NA%NA%NA	10
92bd36f6628859ee1f38a96158f8ddb2d04c8488	Ascomycota%Sordariomycetes%Hypocreales%NA%NA%NA	10
b1e7f033fbd97e31a27deaa7aea877d4dde89549	Cnidaria%Hydrozoa%Anthoathecata%Corynidae%Sarsia%Sarsia princeps	1
d544687bdd114c9ddd7afe5dcb5a8eca6328b35d	NA%NA%NA%NA%NA%NA	10
fbeba131faeacabb841e1c9d06bbb1e925e6d234	NA%NA%NA%NA%NA%NA	10
cf54d5610d308a825401043abde3e8f0cef6d54d	NA%NA%NA%NA%NA%NA	10
cc20b251ffad155ff3d349b7ec82a768fccd074a	NA%NA%NA%NA%NA%NA	10
c55fe56917e9c4a407b5cef9d75178487311fd82	NA%NA%NA%NA%NA%NA	10
11f00b5ac298b31168d0c3716352ef6ced3cd995	Basidiomycota%Agaricomycetes%Agaricales%NA%NA%NA	10
9d6ee5e5c08b35d071df9afa13cfcd46ac94f69f	Arthropoda%Insecta%NA%NA%NA%NA	10
5b269a46c9a8265b47aee5a2f16a2c2f2f5becdd	NA%NA%NA%NA%NA%NA	10
51b68582ecd3224b2a82bfd0fc666fe4502aeff9	NA%NA%NA%NA%NA%NA	10
3335eae8b79e3221ec236c75ed32d2c04d395b0e	Ascomycota%NA%NA%NA%NA%NA	10
a7a0dea09414f0199efd36b4d9f2af7facd3959f	Ascomycota%Sordariomycetes%Hypocreales%NA%NA%NA	10
a83a70ff5f18fd4c6439e75e5f1d18c3d3495d36	NA%NA%NA%NA%NA%NA	10
a52d9bd8609d4fadda3bef570768522e1daf3d86	NA%NA%NA%NA%NA%NA	10
5c1307d9566fef5e2532e2f9fa5a84389c735464	NA%NA%NA%NA%NA%NA	10
50ad32a08dc58bbdc80cf8a499f0af85a109eb21	NA%NA%NA%NA%NA%NA	10
3db5d21a7dcb2f946df70cbc64f4b4849e13bd59	NA%NA%NA%NA%NA%NA	10
648bb86a57d11f5a55193ae93cce64c236aef2de	NA%NA%NA%NA%NA%NA	10
bc63f4762019c29f9072a8bea3e6d6d957930e55	Rotifera%Eurotatoria%NA%NA%NA%NA	10
096298f8e0f35ad9afb4b1dd4457978443d30696	NA%NA%NA%NA%NA%NA	10
1276767a720d41f770bd51f6621207e4fbe14f70	NA%NA%NA%NA%NA%NA	10
7eb330ab352999d37dbe4373cc6fe00384f97223	NA%NA%NA%NA%NA%NA	10
a42a5835f5d58b52ff5bc0323934ee2ef9737f9f	NA%NA%NA%NA%NA%NA	10
d2ede21480ac42a8aa8f37201d696217fa1a73cf	NA%NA%NA%NA%NA%NA	10
e3b675949c7e8130cb8c0f2d4c7155ccc47daa8d	NA%NA%NA%NA%NA%NA	10
7f2e6fdc9678a2e6b336c5fd3d83504e8fe703e2	NA%NA%NA%NA%NA%NA	10
87622d73f173214c9e3635dc8ccfcb56fe97f151	NA%NA%NA%NA%NA%NA	10
803ccbbcd780fb79519cc04f1d52980c04115a0a	Ascomycota%Dothideomycetes%Cladosporiales%Cladosporiaceae%Cladosporium%Cladosporium bruhnei	1
f9f3d3504d9a374a5022f34bcfdbc8916156aeab	NA%NA%NA%NA%NA%NA	10
2ea5b0c6f9e7000037c604e87bfe94ce1a453e38	Ascomycota%Sordariomycetes%Hypocreales%NA%NA%NA	10
02cfd0142abb05f9276f7f0fb0d626601d7da8c6	NA%NA%NA%NA%NA%NA	10
0314e480baacd4625ebf7765021099e865b745b7	NA%NA%NA%NA%NA%NA	10
16f772113ee75b7578daf22c5e2832ae964fc230	NA%NA%NA%NA%NA%NA	10
1767d44dd27a6a51ad73ee742c68d2a44f62d0bb	NA%NA%NA%NA%NA%NA	10
21dbd1f241973186399b8b0e10fc9ff501fe71a8	NA%NA%NA%NA%NA%NA	10
28100549288b4ffc294bfaed7d4d249d71e02a0c	NA%NA%NA%NA%NA%NA	10
2842546690618a12b01bc8c72ef58807befffafd	NA%NA%NA%NA%NA%NA	10
7cd4fe60d91901a3a7f9eb34ea25332d0417189f	NA%NA%NA%NA%NA%NA	10
4cb3df333f44755d32c3a846ceb03cfeb8b6a6b4	NA%NA%NA%NA%NA%NA	10
4e6377c9a93cbf3d8b413373aa158e4fdd77bb50	Ascomycota%Dothideomycetes%Cladosporiales%NA%NA%NA	10
66697106489f57f6805980e6514feb10b79bd0a0	Chordata%Actinopteri%NA%NA%NA%NA	10
7a6492264af93dbae12716a6e7a15d9de227fee6	NA%NA%NA%NA%NA%NA	10
7b4ce8a5594964a111fce4ad979c40c5edaf7e65	NA%NA%NA%NA%NA%NA	10
9ae76e5532f6fd603a89a5572d53a5f090986475	NA%NA%NA%NA%NA%NA	10
28a7fe19d08a216ebcfccd9e68b44b845016353e	Chordata%Actinopteri%Cichliformes%Cichlidae%Amphilophus%NA	3
b7497f2ab415c00abe0b6f2966a7e2f8857c1252	Arthropoda%Hexanauplia%Calanoida%NA%NA%NA	10
088b13a052c7a693cdd14d2a3c03d24cc0926792	NA%NA%NA%NA%NA%NA	10
7abeaba0d9a6ee064544360ba2eea104b5bec194	NA%NA%NA%NA%NA%NA	10
bb9a747fc942dffeea44eaeca1c7b1824b5fcff2	NA%NA%NA%NA%NA%NA	10
c469ec9c321cd5516acbbceb360a17ddad65d6b3	Porifera%Demospongiae%Clionaida%Clionaidae%NA%NA	7
ae359464cb8c0a8fc9402f2c1116dee40d27cbc2	Arthropoda%Arachnida%Sarcoptiformes%Proctophyllodidae%NA%NA	7
942a3ca0b253ad7297057a31ad27126d2644c4a3	NA%NA%NA%NA%NA%NA	10
2b20e74cb568b5e8ef8890b64fc543bd3f3408cb	NA%NA%NA%NA%NA%NA	10
6c3f79496c717fec95c234ddb50c8cd695aa44ab	NA%NA%NA%NA%NA%NA	10
786ea95a0817204a0bb4aea2863b11e1eeba0fa4	NA%NA%NA%NA%NA%NA	10
efbfd9f97b3cd610c5b651ef4295ade884f22e58	Arthropoda%NA%NA%NA%NA%NA	10
f14bcd13b47f9847d37789b3b98b47999d690d1b	NA%NA%NA%NA%NA%NA	10
cead256e5400d1a7963f1d7a479d1ea755f789fc	NA%NA%NA%NA%NA%NA	10
ddd8d3c1f788f7ac7fb9be82c599824dec777e53	NA%NA%NA%NA%NA%NA	10
b129eaa7ebb0e6b50199c7e3356d8c11b8b82ccd	Bacillariophyta%Bacillariophyceae%Naviculales%Sellaphoraceae%Sellaphora%NA	3
b30fcf7a6ea798059e1c28fe468b1e97386e7635	NA%NA%NA%NA%NA%NA	10
1c1a7913edb9011a32de8e013d1e0cad4364a8ed	NA%NA%NA%NA%NA%NA	10
399074ff4c05e88f94de8abf5d1895ecaa8016ca	NA%NA%NA%NA%NA%NA	10
f2fc5f2065479d85bd2f07d9db2a425fe48bac21	NA%NA%NA%NA%NA%NA	10
456617d2e8af4b162ccc0082e622e4ac226e04b0	NA%NA%NA%NA%NA%NA	10
58d5e0936af5135a289af3b8d99497affd02e42e	NA%NA%NA%NA%NA%NA	10
db70684342c3a6cabcd3fa501899fb386f256aa5	NA%NA%NA%NA%NA%NA	10
ad50e4282b928f6779f4ec9f06201f2640458e9a	NA%NA%NA%NA%NA%NA	10
ae36d23c4d762853e4f5ee7e828f1871653f1e68	NA%NA%NA%NA%NA%NA	10
90bd4f3af9f427d1fce7893f1ce60393c023d2e7	NA%NA%NA%NA%NA%NA	10
7e01b8e9a39610cf65a3d21d7dd5ae62eaa79b69	NA%NA%NA%NA%NA%NA	10
001ff23a58000ed3b13a24b2b9666bfc0e47ea58	NA%NA%NA%NA%NA%NA	10
43b459ece968195c29915fd275d09b1b8cd97dab	NA%NA%NA%NA%NA%NA	10
0bd4dcec5453d8d7853f98190d78ee084c750544	NA%NA%NA%NA%NA%NA	10
21482fbfbab5a527dc9e726ab4c907ce3ea68abc	NA%NA%NA%NA%NA%NA	10
bae5c9f3bc504db30f4994e9b9696a46e06004ce	NA%NA%NA%NA%NA%NA	10
596b9d7aed113fd88573899349dad0fa922737bc	Oomycota%NA%NA%NA%NA%NA	10
b6d1526433da847c555560e11a6b5ef5d6fdb008	Arthropoda%Insecta%Diptera%Simuliidae%Simulium%NA	3
a5b1e30c3ad16f5bfb46eb5bfff5657d1d502d28	NA%NA%NA%NA%NA%NA	10
a66b15932f0bf1601d79c6319b8309934733c2be	NA%NA%NA%NA%NA%NA	10
a64ff4a916004ab6032d046ed4ae039b3d3b177d	NA%NA%NA%NA%NA%NA	10
a4424b3188e976e08858566c6c69fff8cf8bd806	Rhodophyta%Florideophyceae%Rhodymeniales%NA%NA%NA	10
a1aa43c2c50fbcc807883103ca6aea657ed8d28f	NA%NA%NA%NA%NA%NA	10
fe0ed7454d60c1d083b09315b2c66bfcff2c5337	NA%NA%NA%NA%NA%NA	10
8c4e9b73fb298e32d6a26f446a04b1bca9f691b6	NA%NA%NA%NA%NA%NA	10
913980fc15d47f04fb280b85947e0b2bab6f0d4b	NA%NA%NA%NA%NA%NA	10
9515035c295014dadc1d72a90adc20c2cdf86bff	NA%NA%NA%NA%NA%NA	10
faaf0116bb7312b16d8be882aa1c69e8fbbb70aa	Ascomycota%Eurotiomycetes%Eurotiales%Aspergillaceae%Aspergillus%Aspergillus oryzae	1
95953d54c5dc03c6bbc2ce2110de27c77dfc8bc0	NA%NA%NA%NA%NA%NA	10
e8bd57f77b0f7211e8467805bd429aa2f453c4ea	NA%NA%NA%NA%NA%NA	10
9b516f3a27df1f7eec0600c1c388ed99970d6bde	Ascomycota%Dothideomycetes%Cladosporiales%Cladosporiaceae%Cladosporium%NA	10
cac7b8cd653bf8b6071ccc9e6d7a4f7c5c31dd07	NA%NA%NA%NA%NA%NA	10
f65d3ceb84758566bfe51126c371167041dff806	Oomycota%NA%Pythiales%NA%NA%NA	10
ce94a0dd6b06256f18aa5115763bac21809bc8d1	Basidiomycota%Agaricomycetes%Boletales%NA%NA%NA	10
dda822691ee03019c6ee9dd146c15f2e682f2883	Arthropoda%Insecta%NA%NA%NA%NA	10
dbb36e2b8c9146b0ce46214e74605cf9b6c04035	NA%NA%NA%NA%NA%NA	10
db4d99640476400e55207f989189252f16ff9ec6	NA%NA%NA%NA%NA%NA	10
d64b5e32ab5c055604f82d2d25920ad9260d2381	NA%NA%NA%NA%NA%NA	10
d7b56e6cf97b242f808bd7412afee90071b93da1	NA%NA%NA%NA%NA%NA	10
41fab024cd3026ce26b70a430b8f4ae0e4bcc731	NA%NA%NA%NA%NA%NA	10
2f21086d937df6ad03521bca7d5c1e0e9b6b1905	NA%NA%NA%NA%NA%NA	10
4392839c58853ea29115e44b82affb37d8c419af	Bacillariophyta%Bacillariophyceae%Bacillariales%Bacillariaceae%Nitzschia%Nitzschia palea	2
12c3096b3a60fb7290757d6381d6b6d128a9cdc5	Ascomycota%Eurotiomycetes%Eurotiales%Aspergillaceae%Aspergillus%NA	10
144138bedc717b327c7fbbd24d09a7245769119a	NA%NA%NA%NA%NA%NA	10
153b8022c8b984aa93c73f7bf85fc48569f8cd73	Arthropoda%Insecta%NA%NA%NA%NA	10
1765e693328a7e4ad041b3c8d1727e668e7c6f3b	NA%NA%NA%NA%NA%NA	10
1abf883192f0e0c38ce5bf7da298a8c5ad054135	Oomycota%NA%NA%NA%NA%NA	10
21de6202746d76f3e8632366bd82d05dd0293527	NA%NA%NA%NA%NA%NA	10
064f71e9476eff8480ab8002456cc3f444210f07	NA%NA%NA%NA%NA%NA	10
337e060c240ccb010b0813fdd4821e33fded1a48	NA%NA%NA%NA%NA%NA	10
3553e578c85d9708e17ee097bb435646436f71f6	Rotifera%Eurotatoria%NA%NA%NA%NA	10
38254afcab19b25d4941bbe83a927642d6a33214	NA%NA%NA%NA%NA%NA	10
3b66d2df4c2a16e7f5b90afc7ee4b0144849d303	NA%NA%NA%NA%NA%NA	10
3bcee30634327df4ab2a0ba48b3f86b42bad2b9c	NA%NA%NA%NA%NA%NA	10
448adf2177a975404a33b1cff215045cf0cb8fee	NA%NA%NA%NA%NA%NA	10
6dec5eb78f7a433257d1e5961a56287dd17d343f	NA%NA%NA%NA%NA%NA	10
65ce3368bc31bce7759e79c81f157090d9eb1bf8	NA%NA%NA%NA%NA%NA	10
666173177afb8a677e12295152ac5809a2f45b68	NA%NA%NA%NA%NA%NA	10
643f182891aa2c642ce1a5b1322e588cb03f71f1	NA%NA%NA%NA%NA%NA	10
7f3ca77e4069396d2c142cb4d21b51783df8ebd4	NA%NA%NA%NA%NA%NA	10
7b98f7d6f2a9e8880b62eb743f04251257402956	NA%NA%NA%NA%NA%NA	10
4e429f11ac01bad9ebd12ac685d0843339a08d62	NA%NA%NA%NA%NA%NA	10
4abfea5f52044dd609d9bbf04875419dfe7db968	NA%NA%NA%NA%NA%NA	10
49d3ab0f2330f7b0edc84e3d9304c35f92beaf9f	NA%NA%NA%NA%NA%NA	10
45262aa69c9da21052fa3277f15415f0bbf19fae	NA%NA%NA%NA%NA%NA	10
52204ecf053b9e52296c68035e1190d78647add8	Ascomycota%NA%NA%NA%NA%NA	10
522f83ebd480a73a181490035398e8b0308ab60b	Arthropoda%Insecta%Diptera%NA%NA%NA	10
54afdf2f5338e98522df47f470edef0b7b6ab796	Mollusca%Gastropoda%Littorinimorpha%Cochliopidae%Pyrgophorus%Pyrgophorus platyrachis	2
550ba3c1df63452ec6d136088918a6be9a55c34c	NA%NA%NA%NA%NA%NA	10
57374c5b10f892191a28419268347d6762b153f1	Cnidaria%Scyphozoa%Semaeostomeae%Ulmaridae%Aurelia%Aurelia miyakei	1
83f05066e5ee1a0757f3f661c232b024d42cfdd9	Discosea%NA%Himatismenida%NA%NA%NA	10
d6cd746d8a7f7621561090d4afe7d172343b6164	Arthropoda%Hexanauplia%Calanoida%NA%NA%NA	10
dbb40f9269a031ef9d04c34611c0aed9cd987d37	NA%NA%NA%NA%NA%NA	10
a9fabd23136aa58592b6f537b4405fdb91ae3a3c	NA%NA%NA%NA%NA%NA	10
857d1e20ffeb1b9d7daa3be1693bece69afaf278	NA%NA%NA%NA%NA%NA	10
3c74ae5f4355e01f655ff908143b3b9ffbc7dbd1	NA%NA%NA%NA%NA%NA	10
3e680896deac906b3afd070acfc8698e1ddfedf9	Arthropoda%Arachnida%Scorpiones%Buthidae%Odontobuthus%Odontobuthus brevidigitus	1
07bb9cce38252207a15aada4d754444aa6aea673	Oomycota%NA%NA%NA%NA%NA	10
64224373e80cb3afd05a9836239293e2d3f34baf	NA%NA%NA%NA%NA%NA	10
9d33badf93a1467d54bd733d81119fd8f219a667	NA%NA%NA%NA%NA%NA	10
d1a1af6f7b9e054a923145ed9b4075b4138b8761	NA%NA%NA%NA%NA%NA	10
83a16ad12209fe65912bd8968eb9834fc187bfa6	Chordata%Mammalia%Primates%Hominidae%Homo%Homo sapiens	1
868c6f52ca719883074d24b2098d63c5ca34d97d	NA%NA%NA%NA%NA%NA	10
3b95ecc3f818e013777b5f6e0f12b1187a56c204	NA%NA%NA%NA%NA%NA	10
088a1866616297e53158dc45df35c93960e62164	NA%NA%NA%NA%NA%NA	10
1e7ce9535f8a3cb24299fee078eb343cba8bd9dc	NA%NA%NA%NA%NA%NA	10
dbc6fc7e2a0a2f6861d5c74ae8f735f0ee4d70bf	NA%NA%NA%NA%NA%NA	10
14597ba6d2c1eb84724c888635955a376e91e1fd	NA%NA%NA%NA%NA%NA	10
27a61f6cc651726ba3f7748cae87a0ba154e9f66	NA%NA%NA%NA%NA%NA	10
30806d76f68b9f97a8f8ab6a39626118074e8130	NA%NA%NA%NA%NA%NA	10
490f437ebbd18ed5296e8ea0bcd671c4ca866857	NA%NA%NA%NA%NA%NA	10
6321baa96843cf9e08e46163a4f8f4454ebbd441	Chordata%Chondrichthyes%Chimaeriformes%NA%NA%NA	10
add0793350c06cc5f0ca65ccaa6108df3db4d405	Ascomycota%Eurotiomycetes%Eurotiales%NA%NA%NA	10
0eec8f7a9e0ae84e11bd9e91bc25ac578e3739a0	Arthropoda%NA%NA%NA%NA%NA	10
098241f09157ea31c74afc8f1a52895c7c3d923c	NA%NA%NA%NA%NA%NA	10
001b6a2de52e7e567e339100db52e8438885bb97	NA%NA%NA%NA%NA%NA	10
002ed44dd2e00446f244b6f304db58169011dbaf	NA%NA%NA%NA%NA%NA	10
002e113e0024c8823325ebd3272e6f2cdd9f72f4	NA%NA%NA%NA%NA%NA	10
ea676fcf7340afba52ffefa43eb757190654427a	Chlorophyta%Chlorophyceae%Sphaeropleales%Pseudomuriellaceae%Pseudomuriella%NA	3
e32fd30e50a08d043f80557cc6b93e19e1aec44b	NA%NA%NA%NA%NA%NA	10
f289da8da2995d5d443e9580d9ba3e2755d72a08	NA%NA%NA%NA%NA%NA	10
dbddd30dcd58eedb787114598ce52da0b9728b2e	NA%NA%NA%NA%NA%NA	10
d38c450bf091246c6c4c466c1d3fcf6816e3e617	NA%NA%NA%NA%NA%NA	10
b5e9662f2a298e4f89bcf4c9bf5f735717e6d8a8	NA%NA%NA%NA%NA%NA	10
54da19692fd9721250ed89115c9b2750a9f1cf82	NA%NA%NA%NA%NA%NA	10
a8c916f64cc3e3aac1fc8f2b60b76877c66f9380	NA%NA%NA%NA%NA%NA	10
598b973a2ac474634672d966a50ceb4dadbedfce	NA%Xanthophyceae%Tribonematales%Tribonemataceae%Tribonema%NA	10
7ae4ac09cd6606d5f74e5e2e230ae489398b4887	Ascomycota%Sordariomycetes%Hypocreales%NA%NA%NA	10
8a3507aa17bb19752d9e0d70abcc90e9eae4e992	NA%NA%NA%NA%NA%NA	10
9167d1131f24a98a6460100e2fa3d6ee9bc3c8f5	NA%NA%NA%NA%NA%NA	10
19f6b8dfabc4b69f1565a157584d5c1d874614d3	NA%NA%NA%NA%NA%NA	10
11a4224c6dbb8df774c42bd4869f9296996a2dd3	NA%NA%NA%NA%NA%NA	10
93b53a7ee245d0ac80b70cbac3e19511a2026ab8	Rotifera%Eurotatoria%Ploima%Brachionidae%Brachionus%NA	3
9603661d98bf991fa711e396a657dcc35767fee0	NA%NA%NA%NA%NA%NA	10
b398d87ad9892a4ad58d6a5a7f5f2c4679c1ef47	NA%NA%NA%NA%NA%NA	10
ad217f6bab923690309b566d71f69aee541a8317	Arthropoda%Malacostraca%Isopoda%Cymothoidae%Livoneca%Livoneca redmanii	1
a8f93ebce2881609db951bbe1d9366ab13d36762	Ascomycota%Dothideomycetes%Cladosporiales%Cladosporiaceae%Cladosporium%NA	5
a81866eb73405e644ff5c00088e8a83ecbd28028	NA%NA%NA%NA%NA%NA	10
a1eeb33b5275ee744315511993b933c4f0ce135c	NA%NA%NA%NA%NA%NA	10
a5cdf845b787dde59061d5cf3f633b85d46a1dd8	NA%NA%NA%NA%NA%NA	10
9d4572c22f8c2dafd1100905ef7eef4e4016b849	NA%NA%NA%NA%NA%NA	10
d8265eb7bec3ebc7e8080dac5113450c3cd6374e	NA%NA%NA%NA%NA%NA	10
8d86e3dc8db260280d3afdafdd604a4ec98b8e61	Ascomycota%Sordariomycetes%Hypocreales%Nectriaceae%Macroconia%NA	10
905576d8e8d41d8ab88504330ee6bea0b035d284	NA%NA%NA%NA%NA%NA	10
bf285361f695d2079fd75ff963f26e6692f4d03d	NA%NA%NA%NA%NA%NA	10
e9e05b37b540afc62e98da07063ec4d197e312e9	NA%NA%NA%NA%NA%NA	10
e0e36085d2cd0bc806723824b0d7ce615b4163c7	NA%NA%NA%NA%NA%NA	10
ecdcdca3f2c4fbc983357c86b539734f7ed49173	NA%NA%NA%NA%NA%NA	10
ef2cc0de1061e0b1b40727d7569329fbd73ae377	NA%NA%NA%NA%NA%NA	10
b3ea07a3118c5b167417142eaaaac85c4f7ec347	Bacillariophyta%Bacillariophyceae%Naviculales%NA%NA%NA	10
b7f9c26ebb9da022d3ea286b807963ce86604a74	NA%NA%NA%NA%NA%NA	10
b763e35454e0eb721aaca1454634cae947cbe35c	NA%NA%NA%NA%NA%NA	10
c052455c66a9cdd2c9c88be95c58e0dbdbe75005	NA%NA%NA%NA%NA%NA	10
c8b496d9f0b39f4bd9f3c82d053a534ac2b7a9b8	NA%NA%NA%NA%NA%NA	10
cea37061aa6a09f28a686760e9fae0b63be432c5	Porifera%Demospongiae%Bubarida%NA%NA%NA	10
f81945fa962bb4818b59df71f04eabdd74b2466c	Oomycota%NA%NA%NA%NA%NA	10
f26c6fa183371fd3abdd554cf7964ae946e7ca25	NA%NA%NA%NA%NA%NA	10
f7a657416c5c64cf7073c5967594c076408ab58a	Arthropoda%NA%NA%NA%NA%NA	10
0573443a1b4a10051a594bbe72f01374b6a2bec4	Mollusca%Gastropoda%Stylommatophora%NA%NA%NA	10
05fbe18c00d19bbc12863f2df236d7cd93ba880a	NA%NA%NA%NA%NA%NA	10
06a7cf68b2372e3bcca32524f01a342106e66cab	NA%NA%NA%NA%NA%NA	10
0d9b81f5f08b0d52ac022953f9165f232aec969a	NA%NA%NA%NA%NA%NA	10
0e909511b29be683584d6c9c3e1c35e5df3425c7	NA%NA%NA%NA%NA%NA	10
1a182a83ca29736f1e7f6d13efbff60336c3e7d0	NA%NA%NA%NA%NA%NA	10
147a808363d02264c77cc0fe08243ae6288f889e	NA%NA%NA%NA%NA%NA	10
100b4b175ea749b5e5a01e4e339067da74d60f7b	Rotifera%Eurotatoria%Ploima%Brachionidae%NA%NA	7
2132ec839a536c6254c487238d678593d71bdf40	NA%NA%NA%NA%NA%NA	10
21d0b30b570dba2b0deb5a6dfb5320ae57233e05	NA%NA%NA%NA%NA%NA	10
23375b35522817a910cb5f3be0d2207fb6a754cc	NA%NA%NA%NA%NA%NA	10
246901bc97379438ab4beabbfe66f60a020f05d5	NA%NA%NA%NA%NA%NA	10
24bb11dcfe6c97c6d3e12e06888e1ca81b883139	NA%NA%NA%NA%NA%NA	10
24cfed2923b894c9b38e587fb95dc5dfe77b051a	NA%NA%NA%NA%NA%NA	10
29eef18a7c5a4125563542edbe8b51a21b1668c9	NA%NA%NA%NA%NA%NA	10
60e52f9935e617b976f7cadce5375168deb5028b	NA%Phaeophyceae%Fucales%NA%NA%NA	10
8528d0cd5343171ce993ca77fd2b1569adfc7819	NA%NA%NA%NA%NA%NA	10
6a3eedc338a573d80f8c35962423bf64df7c1e50	NA%NA%NA%NA%NA%NA	10
62fd229729a3be3bc7e5930cf7df9ce5a04a23cf	Arthropoda%Insecta%NA%NA%NA%NA	10
85406cccf3250f3d0e5ca68d8e05bbd39ccfc634	NA%NA%NA%NA%NA%NA	10
3f49ddf5e1d7a86e3a15be75e123ce1cc4afe182	NA%NA%NA%NA%NA%NA	10
3a4ef1532b428ac0996288d875c8ecd6efde1e24	Arthropoda%Insecta%NA%NA%NA%NA	10
39a35fa05d32bdf0f31169abb09576b2e5637130	NA%NA%NA%NA%NA%NA	10
4e2f2ce7a7ed952729d7a4bfadaeb41215adf789	NA%NA%NA%NA%NA%NA	10
4e0c1f2124700f8d9ab5a0bf16163317aa7781c4	NA%NA%NA%NA%NA%NA	10
41067945004dd725b3d07b88fae5decb3742fea4	Ascomycota%Sordariomycetes%Hypocreales%Nectriaceae%Fusarium%Fusarium proliferatum	1
4250cc5a7255190f7ba7d7c279b37099a8df7315	NA%NA%NA%NA%NA%NA	10
70a0dc6b062131e1b0fe4a5a12acf8f2b33496b2	NA%NA%NA%NA%NA%NA	10
71b664fc5de3f2c0d07a81300411c56d6deedb2f	NA%NA%NA%NA%NA%NA	10
72f2cce85ef814bb817e3bf111ac888da79df279	NA%NA%NA%NA%NA%NA	10
734fe47eaa302a87492378bab59d6e425a238b5c	NA%NA%NA%NA%NA%NA	10
755faa189b77ad89ca723647e8c1511fb09d0fc6	Rotifera%Eurotatoria%Ploima%Brachionidae%Brachionus%NA	3
7a099a280d4b8668afc891b730d6f5978d2c1272	NA%NA%NA%NA%NA%NA	10
7ca04927be0c3933dbca39972dff3921a1ccc5b0	Porifera%Demospongiae%Tetractinellida%Theneidae%Thenea%NA	4
36038e34f3eba8ac8d04af17ad25c2ff95e26b81	Bacillariophyta%Bacillariophyceae%Naviculales%Naviculaceae%Navicula%Navicula cryptocephala	1
6590657ec2263f1c74a3142cc3f54bde3d4f1a6c	NA%NA%NA%NA%NA%NA	10
50ba5b4183afc9f4c2ac7fb46214bbb1de709aa6	NA%NA%NA%NA%NA%NA	10
a1f4ae7c00ffb23734c202dc2c85473b87fc9c15	NA%NA%NA%NA%NA%NA	10
ba9c4fc6b7c0af576d07b57991cd7d9cfb95c612	NA%NA%NA%NA%NA%NA	10
af2db1133b7b70c5ae233168c3e1ad03dc1937ec	Chordata%Actinopteri%Cichliformes%Cichlidae%Cribroheros%Cribroheros longimanus	1
b2d5ec989add48b4a7fecb7dd205ff66cfd3c67c	NA%NA%NA%NA%NA%NA	10
6332277822183f2d344ad1e8e9dfb34a84a64ea6	NA%NA%NA%NA%NA%NA	10
f12bab99f6dbe82caa60a4344595400e02f27971	NA%NA%NA%NA%NA%NA	10
99093cd0b6143049fb2db376d607e75ad25a3ee4	NA%NA%NA%NA%NA%NA	10
87a1c4f8b2bef4ce4cd7dc36173b0a6ab3b8b4f3	NA%NA%NA%NA%NA%NA	10
16ad3bb018019619f52c49619f277d4e241673bc	NA%NA%NA%NA%NA%NA	10
954272c6eb57d177102922f998725364225cf6e2	NA%NA%NA%NA%NA%NA	10
434c16e9281b972df45a278856cf5573ba62a4da	NA%NA%NA%NA%NA%NA	10
5df20eaf270c5e501b6fd2f8104c8fd7223cbeb3	NA%NA%NA%NA%NA%NA	10
bfdfdbd3c59153b6de5aedfa735f231d7cd306d9	NA%NA%NA%NA%NA%NA	10
bcffe123a6f100aded0fda8a2906e514bfdc02bf	NA%NA%NA%NA%NA%NA	10
286fd8f0cf48d1e778b0fdcfd70ab4241169018f	NA%NA%NA%NA%NA%NA	10
c308ac5604f8c08284a14fb596c3b7cc660fdc13	Bacillariophyta%Coscinodiscophyceae%Thalassiosirales%NA%NA%NA	10
36d0b984fa8cd6353afe44f44bdbf8384a4df0c1	NA%NA%NA%NA%NA%NA	10
13b40e9be5338c54528e84e7d1b4ae176e78ecfa	NA%NA%NA%NA%NA%NA	10
d852fafc9787ac8ff25c58b22e03f24519c8898b	NA%NA%NA%NA%NA%NA	10
6e1c65ebfe3351ada2b7e21ad5e3a89cde000b3f	NA%NA%NA%NA%NA%NA	10
72da514f61878268e831202468d42312ff962d67	NA%NA%NA%NA%NA%NA	10
618883defe8208c399331031b50eb29b85a44a48	NA%NA%NA%NA%NA%NA	10
3246ecf9c81ddce06b6744c677f78029674f6625	NA%NA%NA%NA%NA%NA	10
3010ae460a2951cefc8de2747b7b81d6166810a0	NA%NA%NA%NA%NA%NA	10
ed995185cac4125c3c7a7640e8a3e82e3a8d9dcf	NA%NA%NA%NA%NA%NA	10
12ec21ff083060b9111eb642e158fe771ffa6087	NA%NA%NA%NA%NA%NA	10
ebc1b8b26c7b60a2ac784a2121801f738ac94ddc	NA%NA%NA%NA%NA%NA	10
213d9bf8bf09e20d782c80109a50676c0255c67f	NA%NA%NA%NA%NA%NA	10
8a9c5a3028d1ac4002c17d3f4e15c664d8cdb2a3	NA%NA%NA%NA%NA%NA	10
92f1a7a58edb2d0645c930d711c3b35adb2f4caf	Chordata%Actinopteri%NA%NA%NA%NA	10
f1f889d52f881331d31c9d19759cc8f77634ca4b	NA%NA%NA%NA%NA%NA	10
5a8ed54f5b6a51d22f94d47c968c48a38f962266	Chordata%Mammalia%Primates%Hominidae%Homo%Homo sapiens	1
6ee6755264176f349a68fa6ae4a1b61d7afcd35b	NA%NA%NA%NA%NA%NA	10
3d75071d5ba36dde86e1476e976349639b865590	Ascomycota%Eurotiomycetes%Eurotiales%NA%NA%NA	10
d9575ea64e68091d09e127e17ae12997455b40b2	NA%NA%NA%NA%NA%NA	10
20c52abc8cca28fa13e2163d6e94f91ec90946e0	NA%NA%NA%NA%NA%NA	10
3d76ceb4af6d4ad4ed45efa8d405b34d475357fb	NA%NA%NA%NA%NA%NA	10
0a94ee69ceb85a51680c8209f35b027a19c89a95	NA%NA%NA%NA%NA%NA	10
08ca2ef408a4e17db11cebb17c54a81aa55758b6	NA%NA%NA%NA%NA%NA	10
17ec90ae82f737261479273e39f8967ba6ca9ad2	NA%NA%NA%NA%NA%NA	10
e3f6652405499d6942db40233e320cc1dfba6965	NA%NA%NA%NA%NA%NA	10
d9dfc97ccac89abd71fcbd2ff52fc473e0de611a	NA%NA%NA%NA%NA%NA	10
457228a5b3362a9383fa671153f4511194475308	Chordata%Actinopteri%Clupeiformes%Clupeidae%Dorosoma%Dorosoma chavesi	1
afe97164f839ac2f14b062190ff7bf64919b78ab	NA%NA%NA%NA%NA%NA	10
b4dd700f608d3695b9f9f8cdc36a657e3a9b3f5b	NA%NA%NA%NA%NA%NA	10
f3d771c2dcd5b829246dab464b18dda9600fa30f	Ascomycota%Eurotiomycetes%Eurotiales%NA%NA%NA	10
af713d073c6103ab5d57849e58a263f8ec369cdd	Cnidaria%Anthozoa%Scleractinia%Caryophylliidae%Gardineria%NA	3
2efe8fb14955ee8486a574e1c2d4ed93d25ae2cf	NA%Dinophyceae%NA%NA%NA%NA	10
5c530d0cb0c985a5def65999dd5a15d0a9585a2d	NA%NA%NA%NA%NA%NA	10
80a3a18f99d70066d64f78100078bf0eb1557b16	NA%NA%NA%NA%NA%NA	10
df1ac7ca3c876dd564bc6152f990d8b47597a1c3	NA%NA%NA%NA%NA%NA	10
ad3b3086df9e0cb076c825152f28eeee91ed00f6	NA%NA%NA%NA%NA%NA	10
9c3fdefc716a70182c136c1603d9c177b3b97fc4	NA%NA%NA%NA%NA%NA	10
4f4b70c8361a64ace5fa87872f2a0b9b68d66836	NA%NA%NA%NA%NA%NA	10
af6ad4a06a0479c2cfc1563e138d67cd3f150e95	NA%NA%NA%NA%NA%NA	10
9730082f3d6878fd21194231bd05a882d9ba668f	Arthropoda%Hexanauplia%Calanoida%Diaptomidae%Arctodiaptomus%Arctodiaptomus dorsalis	2
1f5073d6562df6c9985fcf499c4b5662497b4631	NA%NA%NA%NA%NA%NA	10
301571c323d0525c9f9db2b25797a0ea3d5d4b97	NA%NA%NA%NA%NA%NA	10
6d41e302db92beca96ddc905bda74135c88875fb	NA%NA%NA%NA%NA%NA	10
1d45cf5e57067ed4b39ed8e675f5ebc02d1e3114	NA%NA%NA%NA%NA%NA	10
66d2a8f1576e1fe242e004490c8b184a9175bb6c	NA%NA%NA%NA%NA%NA	10
71612cb5a503e31b0d916618431d498ab2e8ab09	NA%NA%NA%NA%NA%NA	10
cf5393926bc5dfbb02816fdd6fd9b18ce387b547	NA%NA%NA%NA%NA%NA	10
d31a68de480cf0bed95f00e68061b86fdcb2a168	NA%NA%NA%NA%NA%NA	10
19032d1b29c641dde4610fabb3b023033f6eca03	NA%NA%NA%NA%NA%NA	10
ad90dad52e8b6a478e5f41cda307892e2d031dc6	NA%NA%NA%NA%NA%NA	10
5ffa7b399152d41d112f53c96ea3c2838b96c4a8	Ascomycota%Eurotiomycetes%Eurotiales%NA%NA%NA	10
594bdc480e391c00f278e80559364336f97682e1	NA%NA%NA%NA%NA%NA	10
6ff30397db4300e1dd1e8c600529440899c0c42b	NA%NA%NA%NA%NA%NA	10
49b9622c33e5f29030856b6f2dde86502b3a247a	NA%NA%NA%NA%NA%NA	10
1eb50e453061502660be070312f6076585c37e7a	NA%NA%NA%NA%NA%NA	10
6c7f7a042de16c0a234b112c8c9949f72d234a66	NA%NA%NA%NA%NA%NA	10
252a533521720ac86ef15d081c5ac9cf60e4bcec	NA%NA%NA%NA%NA%NA	10
09f946734d16c9fa1869f22955dd7543073dc9d0	Arthropoda%Hexanauplia%Calanoida%Diaptomidae%Arctodiaptomus%Arctodiaptomus dorsalis	2
b7594d9ebfbe426ac29c6ec6cb464b84bf92a8aa	NA%NA%NA%NA%NA%NA	10
405b5a2b66763d3f5878fd830789269f25a68b1c	NA%NA%NA%NA%NA%NA	10
629602d313efe70c6656773067f151ce6726bfe4	NA%NA%NA%NA%NA%NA	10
334dfa84c03edbb6f6e355211ca140a3ebcb8d22	NA%NA%NA%NA%NA%NA	10
30278e0bb1c8c5b237d9eceae9cd088db9d7ac68	NA%NA%NA%NA%NA%NA	10
318a228637aa17e07ca58dbaec2a0a272b884cb8	Arthropoda%Hexanauplia%Cyclopoida%Cyclopidae%Mesocyclops%Mesocyclops edax	1
9c416f17338cc11181d143b7d75890100bd1a825	Ascomycota%Sordariomycetes%Hypocreales%NA%NA%NA	10
ff518d50cfb239c81900ce74b5c1cc67b0e4c64d	NA%NA%NA%NA%NA%NA	10
a6b640159a6c4e04505e254cac05590c07c593fc	Rhodophyta%Florideophyceae%Rhodymeniales%Champiaceae%Champia%Champia parvula	1
a28c72566f8f68236d1e7c4d202eb3762fd6c44c	NA%NA%NA%NA%NA%NA	10
b4bcbcb5b7e7c9bd1696032a67e0845c529e161e	NA%NA%NA%NA%NA%NA	10
b1773c0de077123ed6b63c593c839a13957660b3	Chordata%Actinopteri%Clupeiformes%Clupeidae%Dorosoma%Dorosoma chavesi	1
98e29a040510a262d7b912ec66b89786c16a4fc4	NA%NA%NA%NA%NA%NA	10
4ca6c2e5586a18f69ec417f61afd3f22b3889f0c	NA%Dinophyceae%Peridiniales%Kryptoperidiniaceae%Durinskia%Durinskia baltica	1
0e62dc7dfc9739b89d3c294e42e2c5d96d2ac4d2	NA%NA%NA%NA%NA%NA	10
16d0e654ee64ba60ac665c70a8aad11a32042b6f	NA%NA%NA%NA%NA%NA	10
3ddb9971bdc1df03e5b6f8e047d271c710eaf88c	NA%NA%NA%NA%NA%NA	10
434d48478ac6b6947c7f952d56e6682322eff497	NA%NA%NA%NA%NA%NA	10
79b47661f5381c91ff6dd65ae227f29a6a5f0766	Ascomycota%Leotiomycetes%Chaetomellales%NA%NA%NA	10
c192dbe7cb60395623f0e5f335a42b564a741cdf	NA%NA%NA%NA%NA%NA	10
830e2ac5df5d218e4202d2f5691a49e21ba412ca	Bacillariophyta%Bacillariophyceae%Cymbellales%NA%NA%NA	10
843b7a417536b70d6ff8824967431f7fa1d2c789	NA%NA%NA%NA%NA%NA	10
935d018bc501124775912de23206b1ba788ea02a	NA%NA%NA%NA%NA%NA	10
cbfef0fa8b77fbd999aae6d774c8d0640dc363d2	NA%NA%NA%NA%NA%NA	10
aeab147fc264c58524d5cc400adca5b73c6f0736	NA%NA%NA%NA%NA%NA	10
ace985c89aa3f6b95afd9aff5e24edf17a7075c3	NA%NA%NA%NA%NA%NA	10
aae9fd025df5289a4cf8cc056a28198d1ad4fc81	Arthropoda%Hexanauplia%Calanoida%Diaptomidae%Arctodiaptomus%Arctodiaptomus dorsalis	2
a40057ad4e702c9f10242f76079fd2afc48346f3	NA%NA%NA%NA%NA%NA	10
a2c23bbb8c4b9bb6e314922c99c15ad43db1c0c9	NA%NA%NA%NA%NA%NA	10
a0bc996997b9624606176ad730f38832960ee071	NA%NA%NA%NA%NA%NA	10
a094bcfd0e84419835d9537f64c1aee5cfb262e0	NA%NA%NA%NA%NA%NA	10
9e9263e8be0386049780d3839d460828bf70512f	NA%NA%NA%NA%NA%NA	10
9f067e46940d5ceed5a3773fc55a46c419b8bfb6	Bacillota%Bacilli%Lactobacillales%Aerococcaceae%Aerococcus%Aerococcus urinae	1
982d85649a71b0d45f99714db31691d21450c0e8	NA%NA%NA%NA%NA%NA	10
992b9d3bca5cb38f12c019164e2288028ba97d4d	NA%NA%NA%NA%NA%NA	10
93c50efd74585fd0df9736e119bb918992708145	NA%NA%NA%NA%NA%NA	10
ffb918ee8d24d101b195fd737380cce201cbde41	NA%NA%NA%NA%NA%NA	10
90aaeddc8b71bf284019e8708ecc6427df91f5b6	Chordata%Actinopteri%NA%NA%NA%NA	10
fbe7c6c34191f1056e0c0d89c9ef4e7e8ef7b077	NA%NA%NA%NA%NA%NA	10
91ad6b20a770df0099cd7aa2ae53e443768870e0	Chordata%Actinopteri%Cichliformes%Cichlidae%Cribroheros%Cribroheros longimanus	2
fa6ddc81a8f64321e7016fd17e4c34685070cb0d	NA%NA%NA%NA%NA%NA	10
f8f30dd99003410e039e4b1b2c8473031529acb4	NA%NA%NA%NA%NA%NA	10
f8f41f740ed87428fddf7fd446e159f274139b0e	Arthropoda%NA%NA%NA%NA%NA	10
f9f105f11d595b35051f8ae11c2b2b667f14d288	NA%NA%NA%NA%NA%NA	10
cfeb6081547f1a3547baccc7a5838edfe2910722	NA%NA%NA%NA%NA%NA	10
cdd6707312bd7f9cde4517d58f884d06e463ea54	NA%NA%NA%NA%NA%NA	10
c222b89dad18f8e6c4e4774578dc84cf1b4fadd0	NA%NA%NA%NA%NA%NA	10
d2392115b054d583f129e54843f57ec776ba762a	NA%NA%NA%NA%NA%NA	10
b8c49328aec3c0850c9f26287e44b3d86f7a6877	NA%NA%NA%NA%NA%NA	10
012f30d840474ed2303f399b7991cc680b9efaf9	NA%NA%NA%NA%NA%NA	10
3c5fdaf832b5839ffb04f618ded667f522d308c7	NA%NA%NA%NA%NA%NA	10
3d3e0571151ce46ba4d2844af33e3b42e3a89fda	NA%NA%NA%NA%NA%NA	10
360ef438c51db08b212b62087b3abf6d9e4904b6	NA%NA%NA%NA%NA%NA	10
3116c14a462ac0a7d927b7dc197cb63f05cf406d	NA%NA%NA%NA%NA%NA	10
320bfa8ec584986c09f0a8605362969753a68d49	NA%NA%NA%NA%NA%NA	10
1fce01f839b11e1394b05400c3dd852332f2dc8b	NA%NA%NA%NA%NA%NA	10
1b43711f9be01da5a8c4a5006985b2e5f082d4e4	NA%NA%NA%NA%NA%NA	10
13b83be16fa13aa7c96ae83e30adde7094459d7b	NA%NA%NA%NA%NA%NA	10
2feed4550ca1b7465fe41268e50b043688d8af4b	NA%NA%NA%NA%NA%NA	10
28e8eba1d428bd504029a46de5cc868b27988aac	NA%NA%NA%NA%NA%NA	10
0e4ed8e261730519f2ed8b582a82652202b2f07a	NA%NA%NA%NA%NA%NA	10
0cd5c8f83ab3147be31a2c60404192f1b37f2405	NA%NA%NA%NA%NA%NA	10
7ce4864235889a94cd3abd903a79b507b9ba9f13	NA%NA%NA%NA%NA%NA	10
73d903c3409da032a094419783f11936bcfca34f	NA%NA%NA%NA%NA%NA	10
71f96dbd98a86a290feb633831b6c151dd389197	NA%NA%NA%NA%NA%NA	10
82afc01a63c211ba01d4c425b813f18745316a8a	NA%NA%NA%NA%NA%NA	10
83aa136b27949cd8867c317bcf566e1082edb121	NA%NA%NA%NA%NA%NA	10
81c5d693ce3e81829f4cf9954dadf836395b2340	NA%NA%NA%NA%NA%NA	10
5edf1f36d8b9b2f27b5144bd7ed7fd32348223f0	NA%NA%NA%NA%NA%NA	10
5ac4e9cbc0d174d26e12e5f65d64d602f68fd8ab	NA%NA%NA%NA%NA%NA	10
59ab01403b167fa2d4f453b475079f79338af9a5	NA%NA%NA%NA%NA%NA	10
551eba56bf7d54945c27582bd9332d967162c4ff	NA%NA%NA%NA%NA%NA	10
6942b490bb4383dd40a518f241107027ff8bba39	NA%NA%NA%NA%NA%NA	10
6e39a2fd65ea22ef529a73f3a73086b1c1a2bf88	Bacillariophyta%Coscinodiscophyceae%Thalassiosirales%NA%NA%NA	10
6078aa6a43fe42af1f8dfc72253b1cae33f5925f	NA%NA%NA%NA%NA%NA	10
8fd8adfa339c56291cda4df111e59dcde53d6fcf	NA%NA%NA%NA%NA%NA	10
152675b234f2a3bb0699dd31426bc73c0fac0b5c	NA%NA%NA%NA%NA%NA	10
22bd131c66b97fb578291758dd456cc320fc33f4	NA%NA%NA%NA%NA%NA	10
2fdb9bbd0e31011ada7f34c91fe7780fb2cecdaa	NA%NA%NA%NA%NA%NA	10
6ba51dfef4160d5fac1547c15929515ca3bb5a92	Chordata%NA%NA%NA%NA%NA	10
cebe277123c485be8711dc1457cc3be1b49b801b	Ascomycota%Eurotiomycetes%Eurotiales%NA%NA%NA	10
e5f174108d19a72515baec33e57edf72414ba4c4	NA%NA%NA%NA%NA%NA	10
a313acfe01a768248711d8e91612cfde42cf78c9	Ascomycota%Sordariomycetes%Hypocreales%Nectriaceae%Fusarium%Fusarium proliferatum	2
8efcdc4c924115377b1bfb609ed63eddf1f65ae6	NA%NA%NA%NA%NA%NA	10
06759d39b80797996071d35140aec102ebffd0ba	NA%NA%NA%NA%NA%NA	10
bc5265f032aa886d6f242ec01d9465e5d2da3d3c	NA%NA%NA%NA%NA%NA	10
8dbb5a37b579bc980ba3a8d98c331e7f70f4ec41	Ascomycota%Eurotiomycetes%Eurotiales%NA%NA%NA	10
b5fb33e7b7a59d62179cc85cb9ef827c23a2b542	NA%NA%NA%NA%NA%NA	10
0cf0ab54797d5fc0281e954673d50256be9c4ef6	NA%NA%NA%NA%NA%NA	10
6c3354685df7947432c904cb95f8e2555e277b9f	NA%NA%NA%NA%NA%NA	10
7f50efdec94ba65239dafe662abbb5f5f4e2279d	Mollusca%Gastropoda%Stylommatophora%Clausiliidae%Acrotoma%Acrotoma tunievi	1
5156a877907e10b7f0c47c3d1def0b85889191f6	NA%NA%NA%NA%NA%NA	10
74744678d6e8185f4e8a450ffb681d11ac0d2c56	Chordata%Actinopteri%Cichliformes%Cichlidae%Hypsophrys%Hypsophrys nematopus	1
426a42a256282f6b94d8b148e6c48b2f7e8ee34c	NA%NA%NA%NA%NA%NA	10
2a46f1e9aa35928fab4fcdabe9af893451f319b1	Arthropoda%Insecta%Psocoptera%Liposcelididae%Liposcelis%NA	3
eea340bb5eb3646f6d21643171e458b3f335bed5	NA%NA%NA%NA%NA%NA	10
f555682d52cf97822de9c17fc891386d1768908b	NA%NA%NA%NA%NA%NA	10
aa60592c6752dfa6313a45237d19f5f6289c1368	NA%NA%NA%NA%NA%NA	10
80c8a439490352f203e74095c166d6ddb44c43e2	NA%NA%NA%NA%NA%NA	10
942dbaecf8574d52d81f7d99e2af21dfd6509a3a	Ascomycota%Leotiomycetes%Thelebolales%NA%NA%NA	10
6fda064645d5f63200f82297d17fd378940de92c	NA%NA%NA%NA%NA%NA	10
7227c4d027b0bb2fe4ebc859923dc087ae10c908	NA%NA%NA%NA%NA%NA	10
8de88c902171720b2c02e7b893ff51d31b762ae4	NA%NA%NA%NA%NA%NA	10
a3fa36e2e1b50cb3d979ad108ac5f1197024879b	Bacillariophyta%Bacillariophyceae%Cymbellales%NA%NA%NA	10
a49f55367d70d923df528e04d29c7eee539744fd	NA%NA%NA%NA%NA%NA	10
a595a2604d8477d53b4c8d816745bc68ba843efa	NA%NA%NA%NA%NA%NA	10
a5e5a3df341b50bb8c1ac25c45e49982323b51eb	NA%NA%NA%NA%NA%NA	10
a02313af6fd9d0104226705eea9cf2aec4796fc5	NA%NA%NA%NA%NA%NA	10
9cc9b2df72acb4d9735aee2a080553ca44f5b195	NA%NA%NA%NA%NA%NA	10
9450d78e61e3a022529a5c202245704b4262aa72	Chordata%Actinopteri%Cichliformes%Cichlidae%Cribroheros%Cribroheros longimanus	2
9299fa941d92c2254979a8d64ff3505a3c511e8e	NA%NA%NA%NA%NA%NA	10
81d7b71d1086100a7e1f6badecbd8a2ffefd614a	NA%NA%NA%NA%NA%NA	10
8318f0d92589950d3e9ad0419b53fcbe0d79ead0	NA%NA%NA%NA%NA%NA	10
c01fd75619fdb4c273ab5887dc42775a73f49cce	NA%NA%NA%NA%NA%NA	10
ca77f197a8e09977267eff8c39d4fa7e9f65f60f	NA%NA%NA%NA%NA%NA	10
854054c6726d9f5938dd820111c1a29dad2c7a1e	NA%NA%NA%NA%NA%NA	10
f4b202434d7f5b6ea17262ce19a61076a94be5e4	NA%NA%NA%NA%NA%NA	10
ddba485902d1635d46faa0ebac027201a020d92e	NA%Phaeophyceae%Dictyotales%Dictyotaceae%Dictyota%NA	3
ac68902a7349b142acef3f2fe266601a21da3196	NA%NA%NA%NA%NA%NA	10
aed77ffc3830fe322f07c51a7b5fed5541b830b4	NA%NA%NA%NA%NA%NA	10
bc42377f80b254b2ca31e1368ee1cfe9baccb471	NA%NA%NA%NA%NA%NA	10
238b162a0911b416e4f323e7c650037581a63dd5	NA%NA%NA%NA%NA%NA	10
269c34f4773ea3e30b7f4cf9cc89ae4d935a89df	NA%NA%NA%NA%NA%NA	10
28c728e8c1d22222dd37f7bd4c17558797a91c70	NA%NA%NA%NA%NA%NA	10
32806b07bf337f7efdadf83c8614f3180e369af6	NA%NA%NA%NA%NA%NA	10
30071df4025474ab2da6ffb927db52c8822217aa	NA%NA%NA%NA%NA%NA	10
319ad419218c66612fcf53177174f9b5f35efb73	NA%NA%NA%NA%NA%NA	10
3135894acc7b101059eb9a421d1c5db3bd042114	NA%NA%NA%NA%NA%NA	10
08580bc4cfc5dfd2e17a0387011cf98be3cb9171	NA%NA%NA%NA%NA%NA	10
00c237615ee02fd9e4a89e50d0c02171316ab89d	NA%NA%NA%NA%NA%NA	10
1b4bf5348323ba6dd53904d6d00d0b0df4133258	NA%NA%NA%NA%NA%NA	10
512f9171fbe99ee223882198bed4b3fc9266d652	NA%NA%NA%NA%NA%NA	10
76bec949974c37c173b2118c2eef993415bfdec7	NA%NA%NA%NA%NA%NA	10
77f4072d3b0314dd941491688bd82bd9de175c88	NA%NA%NA%NA%NA%NA	10
75cec7a5184c7b56396ea49ba9cb6dce4ddd04c2	NA%NA%NA%NA%NA%NA	10
437690485cf9395a1fc617ee73de822a0f53300d	NA%NA%NA%NA%NA%NA	10
486ade93228e4688442482bb11f7da18bfb0978c	NA%NA%NA%NA%NA%NA	10
5bbee203379fbd78be30e5a7696dfa01f6cdf778	NA%NA%NA%NA%NA%NA	10
605097b4320be0065e54d3e46539082cfa120e82	NA%NA%NA%NA%NA%NA	10
624336fc0abedb9963c7230473c9ea1f85307ba5	NA%NA%NA%NA%NA%NA	10
7cee6d9d30c1be5634c71c67f5a1879069af72d6	Ascomycota%Sordariomycetes%Hypocreales%NA%NA%NA	10
3f779f0c35cdb7f16fdba6b800c037fde651f4e2	Ascomycota%Dothideomycetes%Cladosporiales%Cladosporiaceae%Cladosporium%Cladosporium bruhnei	1
257d549d4ec415ca8badcbf08b070aac4c8e59c2	Arthropoda%Insecta%Diptera%NA%NA%NA	10
fcc440fb20479988dc6296400b6d178918214e77	NA%NA%NA%NA%NA%NA	10
f25493ade9904962ed25dfec937d4d4cab1b0e57	NA%NA%NA%NA%NA%NA	10
5daa69b6574d1293f58e3bd0bed54ac322fb48fb	Chordata%Aves%Pelecaniformes%Ardeidae%Ardea%Ardea herodias	1
b2b24095f407b21065f8d0eb331e2ae46e339725	NA%NA%NA%NA%NA%NA	10
e9e0091bbc0183ce86c4b289bed84319e5696a6f	Chordata%NA%NA%NA%NA%NA	10
a084d7dd2df268a55e70b9e242335ec36ea734eb	NA%NA%NA%NA%NA%NA	10
b299656cd69f135159b633b88f5a2307bec94f4b	Bacillota%Bacilli%Lactobacillales%Aerococcaceae%Aerococcus%Aerococcus urinae	1
daa2cd51f259e56684c4aaca134112633feb78d5	NA%NA%NA%NA%NA%NA	10
aa15a067055aa3121cacbf230a311bd6c37133a8	NA%NA%NA%NA%NA%NA	10
8f69f2caf3d0ca5dc4e3fe05015faa0a88b187e7	NA%NA%NA%NA%NA%NA	10
16691a1127d92511faeaa033db454d3a0b23a1e3	NA%NA%NA%NA%NA%NA	10
ef78a91d19c260a6ac36885daf3b9cc049047806	NA%NA%NA%NA%NA%NA	10
e7450d238f7ed630eb89995170a55a952eb43d45	NA%NA%NA%NA%NA%NA	10
2266f7d2ea7572e7fd85f378f3351c92a4a9ad2e	NA%NA%NA%NA%NA%NA	10
89f0bd2627ad534dfa053d4f786b3bc839dac205	NA%NA%NA%NA%NA%NA	10
22fba4d8cdf1e22b0cfbd05f7e3a594860edf960	Bacillariophyta%Bacillariophyceae%Bacillariales%NA%NA%NA	10
68a26c1804fd320c42a15bb06ea22e4a42f67485	NA%NA%NA%NA%NA%NA	10
24e7ce489ac75f74de8e9529ced1c8deec494438	Ascomycota%Sordariomycetes%Glomerellales%NA%NA%NA	10
8e9ca34ee5bd4d93d6b71d9c80ad15c6e3b86efa	NA%NA%NA%NA%NA%NA	10
8104ecbbb58e63b1327022ef622a1a50db13be77	NA%NA%NA%NA%NA%NA	10
66f763a8c28c396a63e9a46dc11a4764cf619349	NA%NA%NA%NA%NA%NA	10
8bf4d09ce7872268bf0909ebc8ac1503a5e0310a	Ascomycota%Eurotiomycetes%Eurotiales%Aspergillaceae%Penicillium%Penicillium chrysogenum	1
89bb395602de787c0944d78af349e97eb9547264	NA%NA%NA%NA%NA%NA	10
875e71a0e8cafeef5b798df1b5a428c6e96a6e76	NA%NA%NA%NA%NA%NA	10
8449f66da37a6d3f42458ca3dc6bb422dbf2cf34	NA%NA%NA%NA%NA%NA	10
6f3d6f81aa1c1c038db502446e2cee18998d0a46	NA%NA%NA%NA%NA%NA	10
fe7a2383c46054a797a53b3d1df2ed3f8927b98d	NA%NA%NA%NA%NA%NA	10
96dc895c67a9c7c76e4b10e18cccb64ffe6213e2	NA%NA%NA%NA%NA%NA	10
9a3f10264ae6d0c8d309cb79097aafaa61b6f3d3	NA%NA%NA%NA%NA%NA	10
dcd5cd19cc3503ffa2b171a4f1cb001621901cad	NA%NA%NA%NA%NA%NA	10
7718b39fc5017230a517f55d12f47f880c5dced6	NA%NA%NA%NA%NA%NA	10
7d5029b2b1056c6b44298ad0ae27f4c37b67e100	NA%NA%NA%NA%NA%NA	10
d0cf0cd9b9ac124c1ad38e83ffce8993f4d8bba4	NA%NA%NA%NA%NA%NA	10
ade31496ae726988c3440baa2e59e95d192573a0	NA%NA%NA%NA%NA%NA	10
a97c0c008df0209c4cf783c6c9d187fd61bc92f7	NA%NA%NA%NA%NA%NA	10
e9cb08d80678655bfa2541d943027fd545928758	NA%NA%NA%NA%NA%NA	10
ed2b08cc85c135b6cf4f290bfbbc33ec2c66a349	NA%NA%NA%NA%NA%NA	10
00f90503e19e995f233492b2579c2a332cff01a1	NA%NA%NA%NA%NA%NA	10
0ac93c59b402872c9d458b19ef8a2871cea10c60	NA%NA%NA%NA%NA%NA	10
1963e949745c4ffbe15e114b3325b4ce94102747	NA%NA%NA%NA%NA%NA	10
1f01c9164d59b90eb6882fb01f85c7a626af3dfc	NA%NA%NA%NA%NA%NA	10
1af9be8d479ff557f6bbe531e0c38baa94aa3d45	Ascomycota%Sordariomycetes%Hypocreales%NA%NA%NA	10
1a7d035ba034f1c29e0b578b17564368ab0058ee	NA%NA%NA%NA%NA%NA	10
1812eb7ac20175221daea48f7d4f9f5066eaa20d	NA%NA%NA%NA%NA%NA	10
16c6d746c86978271c3efcdc75ebde315e78e7b7	Ciliophora%Oligohymenophorea%NA%NA%NA%NA	10
17b72a5ea61e417ae47e11fbfcb3dc1ef00bb779	NA%NA%NA%NA%NA%NA	10
13a1f15b661c9d01ee86fa3364199324b5ae8957	NA%NA%NA%NA%NA%NA	10
13b71c3f99036e69d7e056af0554b2a452e8f5a5	NA%NA%NA%NA%NA%NA	10
27d6cdb91226ba0ada38ef8ac85cea3ba35797e3	NA%NA%NA%NA%NA%NA	10
27d75428e5ba6aabe4851c07b5d41029a0f19877	NA%NA%NA%NA%NA%NA	10
4fd3c329f46764dc9ed5e89e5ac05bf375dd637c	NA%NA%NA%NA%NA%NA	10
4d8a0a42a62960b17d541457a2985224efe5fa69	NA%NA%NA%NA%NA%NA	10
41d9c278b0a884393028d5835b5800ec94230215	NA%NA%NA%NA%NA%NA	10
42488570809f0f25e1c41ec50daf18b170223cd6	NA%NA%NA%NA%NA%NA	10
5cc7025ed4fb5a6ea302389826152c9073ad3080	NA%NA%NA%NA%NA%NA	10
5ca524c44f101a67883b2c97eb8bf483d7c3273a	Ascomycota%Sordariomycetes%Hypocreales%NA%NA%NA	10
2a6f4508447002d3bdd8489c01224e85aa17b589	NA%NA%NA%NA%NA%NA	10
3afdc949094dc76f0d6483b19a3baf58d0cda735	NA%NA%NA%NA%NA%NA	10
3acc2a34129b9baab3b2b693e2d3165817e6c213	NA%NA%NA%NA%NA%NA	10
61729d94a20fec69ad564c337eae7b715a2a24cb	NA%NA%NA%NA%NA%NA	10
05ec74e5cbb771df4a9b25920e48727abe10dbab	Bacillariophyta%Coscinodiscophyceae%Stephanodiscales%NA%NA%NA	10
8cead4940d393295258f29ec68135b964b03291d	NA%NA%NA%NA%NA%NA	10
3728306b0813b03ac6dffce9bbe0d572459bedc5	NA%NA%NA%NA%NA%NA	10
858448d28660f7699ef902a7432559d93480a88a	NA%NA%NA%NA%NA%NA	10
bb5c652272bff4279e68d603da87ab76177bd196	Rotifera%Eurotatoria%Ploima%NA%NA%NA	10
c5a60f1b310eddf1970bb5b94a0264f9def3c960	Bacillariophyta%Coscinodiscophyceae%Thalassiosirales%NA%NA%NA	10
fb7aed7f53298dcce5275c89f48b765f009f8a80	Bacillariophyta%Coscinodiscophyceae%Thalassiosirales%Skeletonemataceae%Skeletonema%NA	3
3e91808cf82d557b3abc0afe587a0e3211aff68c	NA%NA%NA%NA%NA%NA	10
a7b5a595b71b4a91ef7444e086e4a84829432304	NA%NA%NA%NA%NA%NA	10
0cfe77adb26cef76d0fd7be80d82a0bed7d5a048	NA%NA%NA%NA%NA%NA	10
1147afaf71906ffd742b035ac40f94b42530144e	NA%NA%NA%NA%NA%NA	10
e9192c90a0fda9f804440dc1a8ca22f2c5d601c4	Bacillariophyta%Coscinodiscophyceae%Stephanodiscales%Stephanodiscaceae%Cyclostephanos%Cyclostephanos tholiformis	2
3d09bd73cb55ef942fa924cc201fe669258df03c	NA%NA%NA%NA%NA%NA	10
a3557bd591157d5169765e79b6cbba808d8d56b6	NA%NA%NA%NA%NA%NA	10
3defd3e9626b65b14c6db4bb108a1d80bc4f72e5	NA%NA%NA%NA%NA%NA	10
60399313d89799c2df4cd817036164f5c23db54a	NA%NA%NA%NA%NA%NA	10
4fb9ef269a13070ea1b5335b6a7d85c5ac71d474	NA%NA%NA%NA%NA%NA	10
53329a9bc788222be3325dc8b9dfd151cd472a2d	NA%NA%NA%NA%NA%NA	10
c58da7499cf13c0dcb03293528c4c7f2a94668cd	NA%NA%NA%NA%NA%NA	10
4c8795905b3807d96cfb08ef1db83f3e60510b46	NA%NA%NA%NA%NA%NA	10
1ce5b516aded57e0ecae399bf26752bde366a63e	NA%NA%NA%NA%NA%NA	10
9cdccb2eb850b10b3587edb75a9a41ae5086e889	NA%NA%NA%NA%NA%NA	10
2fed4bb999adb5bd0497e8bae26d8e8a9b636b50	NA%NA%NA%NA%NA%NA	10
9c74a92ad0c750cff6236b3869da2d0efa84a02a	Bacillariophyta%Coscinodiscophyceae%Thalassiosirales%Skeletonemataceae%Skeletonema%Skeletonema potamos	1
7d2a83ad4b5a154be805ac2a2a5a6f23ebc0fb3c	NA%NA%NA%NA%NA%NA	10
55b27a409feed09543a5814505d7db2f6f0c300c	NA%NA%NA%NA%NA%NA	10
cbd3eb2d867f1218fda0fa7c0b9dd659e14200eb	NA%NA%NA%NA%NA%NA	10
159a442b5be10c3348d0525e717902bd32dbf48d	Rotifera%Eurotatoria%Ploima%Brachionidae%Brachionus%Brachionus calyciflorus	1
ccf853b9036909dd905a038e72c703b8963cf845	NA%NA%NA%NA%NA%NA	10
89e9c738b56897d8baa94b6d27998169eada447b	Rotifera%Eurotatoria%Ploima%Brachionidae%Brachionus%NA	4
282d7693c3500424ec4819d7b55dfdc7a193a44f	NA%NA%NA%NA%NA%NA	10
216e9163acb9a7b7c22685ba79b6af1b4454ee62	NA%Phaeophyceae%NA%NA%NA%NA	10
37ee65e83d1b2d9c83e741b1a2ce8ac9404b1df4	NA%NA%NA%NA%NA%NA	10
6c34bf38276bd21f58878540dccc3690f9c8c85c	NA%NA%NA%NA%NA%NA	10
5e5c9465e65b409d21103f01776f605e5f526e51	NA%NA%NA%NA%NA%NA	10
6b312cc3bb185e9039acc9b82a3db7888a284561	Oomycota%NA%NA%NA%NA%NA	10
9d45a5c740d5609c4e79c68f7ddc93351ecdb875	NA%NA%NA%NA%NA%NA	10
ba7ccc6e8a825fd98ad179df10f274f74f106a2d	Bacillariophyta%Coscinodiscophyceae%Thalassiosirales%NA%NA%NA	10
f26f4d4222230bb671384001988b544ef8152906	NA%NA%NA%NA%NA%NA	10
ad108bb8a02954a9bea13b06df6f35254ed74cc9	NA%NA%NA%NA%NA%NA	10
38ea82010217366f1a0f659d2733039f32b61398	Bacillariophyta%Bacillariophyceae%Bacillariales%Bacillariaceae%Nitzschia%Nitzschia palea	1
583752de31ff3f4a5ef2ff46fb9a9a14ccc885e7	NA%NA%NA%NA%NA%NA	10
03bd1e1b1b22f05811d3f4160c8d01567b4066c6	NA%NA%NA%NA%NA%NA	10
c49fbeca160e44fdf02da11bdad459f6be7ed117	Bacillariophyta%Coscinodiscophyceae%Thalassiosirales%NA%NA%NA	10
77a541cabff00021232308cb3eeaeb51d720e738	NA%NA%NA%NA%NA%NA	10
1c0ce2fee9e88ca7533621310777bd7ce4f23b08	NA%NA%NA%NA%NA%NA	10
80bb9325529b8cdd541bb37eb40203f22c997a94	NA%NA%NA%NA%NA%NA	10
9d14e36a6bf52e2e0a05e36a3622ddc73d71b9da	NA%NA%NA%NA%NA%NA	10
b331f98ff4d7ab926c3366a31e6359616a7f434e	NA%NA%NA%NA%NA%NA	10
0082fd6b1eb7648ccc033063da2334d65925b499	NA%NA%NA%NA%NA%NA	10
11c1bdd449c2c48c5dae3a248ddc7cfea7aeca69	NA%NA%NA%NA%NA%NA	10
18dfc5ae84d732c8ba25632c4eaa468a4b0cc8fc	NA%NA%NA%NA%NA%NA	10
6cb752ebb5e4bfb574cd0747e22c9a6bd93cc926	NA%NA%NA%NA%NA%NA	10
e2fc8045599bf81c590364c2921ea7336539d8b9	NA%NA%NA%NA%NA%NA	10
eb6df0d3f53a93f777b74f4a390d6afbb9b94aff	NA%NA%NA%NA%NA%NA	10
f63dd1eca9f7a7d8a12b0c2a7894d92dc6386920	NA%NA%NA%NA%NA%NA	10
97f954104819098f46a9e376312d0471827fdf23	NA%NA%NA%NA%NA%NA	10
ab438fbed35eb63766a6bc34d52e01c671ea30f1	NA%NA%NA%NA%NA%NA	10
4852b181802beb3ea5aa24b17b74dbd2d42e2ba7	Arthropoda%NA%NA%NA%NA%NA	10
07cae02d7f86790069a89727f8e1ccadbc9ffb82	Rotifera%Eurotatoria%Ploima%Brachionidae%Brachionus%Brachionus caudatus	1
3ec6e577c1bcd44b319764d89ea91a11e224bf10	NA%NA%NA%NA%NA%NA	10
4564ab50ea33ccae9d0717cbd9c37b6730c93dc4	Rotifera%Eurotatoria%Ploima%NA%NA%NA	10
fe24b621758c4693bc189d8c571c6167023c66fd	Rotifera%Eurotatoria%Ploima%NA%NA%NA	10
2200418e81545d15dbb2cf61b6755b7d9be5a16f	NA%NA%NA%NA%NA%NA	10
7736108dd31f9157fa1915d9abfb3e068796851f	NA%NA%NA%NA%NA%NA	10
e94c4939c1f713150dfd2654a241902c892f1146	NA%NA%NA%NA%NA%NA	10
627b8a55b3aee8852b242b97c4c55a2d631e5918	NA%NA%NA%NA%NA%NA	10
4272d3fff09a8d3c2ef670c58822e3391f2a0b89	Rotifera%Eurotatoria%Ploima%Brachionidae%Brachionus%Brachionus caudatus	2
81b225f3d9880e46e2e566af47d2a19eaa97f090	Rotifera%Eurotatoria%Ploima%Synchaetidae%Polyarthra%Polyarthra dolichoptera	1
826080afef5289d1e434e68bfc9d92d21b7a0297	NA%NA%NA%NA%NA%NA	10
07900827f69598f595935e970a5b44e044e88d18	NA%NA%NA%NA%NA%NA	10
c983f4944461c563afa9d241529da0a2c743a97e	NA%NA%NA%NA%NA%NA	10
8846f289f77ccd5c9f49c202f3d0d019f24f5581	NA%NA%NA%NA%NA%NA	10
8fafa89796bd5a906d9fbe79431bcfe19820e523	NA%NA%NA%NA%NA%NA	10
d4ec4533dc8156a6063074df4b03551791c9318a	NA%NA%NA%NA%NA%NA	10
abe33aa25e4832a29ae85097b19a272df20a1159	Rotifera%Eurotatoria%Ploima%Brachionidae%Mytilina%Mytilina ventralis	1
b761d0e6d40257f785f8e0dd461acdb0512aea3a	Bacillariophyta%Coscinodiscophyceae%Thalassiosirales%NA%NA%NA	10
43b4142ac12674ace6143e6d5d8060a7e11fb37a	Bacillariophyta%Bacillariophyceae%Bacillariales%Bacillariaceae%Nitzschia%Nitzschia palea	2
a84e489256789ae90da9c646bb7ec7bf42358dc0	NA%NA%NA%NA%NA%NA	10
0186c4b25673221478c17e7ad03c984281b4bad7	NA%NA%NA%NA%NA%NA	10
e417b612c3a0034eb0d7a51edc311d11f0e6e0a4	NA%NA%NA%NA%NA%NA	10
45010ead894293e2d955a9439787382452a05061	NA%NA%NA%NA%NA%NA	10
a19a701c82a65d961b205596f13b59a8ffc17e50	NA%NA%NA%NA%NA%NA	10
7b5aee576d1f6707b087c45d1d85a909ab65a70f	NA%NA%NA%NA%NA%NA	10
ea834b605ca597bdeaa9978e50b37fcf2b9eb612	NA%NA%NA%NA%NA%NA	10
f74fd1bcb0172803b65625b7eb41cab85f4c8b2f	NA%NA%NA%NA%NA%NA	10
5463fe513c4a449bcf6858fcf5dc6066d12ffee9	NA%NA%NA%NA%NA%NA	10
74c6429d1ead0ba0672a382b1324c77b5f54154d	NA%NA%NA%NA%NA%NA	10
f2e31dd685f99c03a65bfc1cffacab2492719f5a	Porifera%Demospongiae%Tetractinellida%Theneidae%Thenea%NA	3
9152a78dff27f6f3dcdf3ea0c6ddf4b47ec77175	Rotifera%Eurotatoria%Ploima%Synchaetidae%Polyarthra%Polyarthra vulgaris	2
468674099a74d973b1c07e6c2763e44da334f416	NA%NA%NA%NA%NA%NA	10
f13e413744695b2ba16ea0e0eaaafc251a00f058	NA%NA%NA%NA%NA%NA	10
163023de0ee7fe2c06b7f2a8c7f75ab03cbaffb4	NA%NA%NA%NA%NA%NA	10
479077cb80f1fe32fa2d6693b114dc51b0e52193	NA%NA%NA%NA%NA%NA	10
6ad2bbb5d433ba408d29518d01c742ed2f716527	NA%NA%NA%NA%NA%NA	10
47f6e5caf9beb8ae130c4c620d5a248d0181e917	NA%NA%NA%NA%NA%NA	10
c3a5f03d52173e0cffbc8df2660f8f5285824881	NA%NA%NA%NA%NA%NA	10
d7863a2a1ec4d080952db42040c973e18577dae8	Arthropoda%Insecta%Hymenoptera%NA%NA%NA	10
7cd5204238390ab6944de42b77e9d5546b31560f	Chordata%NA%NA%NA%NA%NA	10
af9f3c12e1534d76f40eafa7d00731318dfac490	NA%NA%NA%NA%NA%NA	10
a70ead9c28c68aa5adce21eeb795d0fa467ae9b5	NA%NA%NA%NA%NA%NA	10
1a041ac7e6dd26ae51845b4ad16ca434da988db8	Bacillariophyta%Coscinodiscophyceae%Thalassiosirales%NA%NA%NA	10
e44d0ec0f14c093c24af35f05ef381d1a48f18bd	NA%NA%NA%NA%NA%NA	10
747c680dc5119a009fbe9ffb4f1a66c5a1037af6	NA%NA%NA%NA%NA%NA	10
13e1ce479ba2e839a4b0e50e47661bc552a2f3be	NA%NA%NA%NA%NA%NA	10
98fc1a1441eb3432c5a2931f1c8b4bec49a822da	NA%NA%NA%NA%NA%NA	10
d375fc53265ae8dc6f9d62cbdaa08f21147524d3	Arthropoda%NA%NA%NA%NA%NA	10
0cc1228d955dc5b1b3aa6cccc8a9226ccbcc4c45	NA%NA%NA%NA%NA%NA	10
6fd3a984e9c6160b3f54b0f587015c5906891ab0	NA%NA%NA%NA%NA%NA	10
861d9e650924acf3f90fa16f87bdf7caaf9f1dda	NA%NA%NA%NA%NA%NA	10
d39b50a04469e1a119d37e4d59c09a0848ead9c5	NA%NA%NA%NA%NA%NA	10
0cdcfbe8a3c0244c536356e0cfca784a45356cd3	NA%NA%NA%NA%NA%NA	10
f4089ed3554b8a6e9235dc17d0c0de58aba24d56	NA%NA%NA%NA%NA%NA	10
f5f4b1e72c74ebc4d3ddd6cfb44e96393e33e616	NA%NA%NA%NA%NA%NA	10
6625e360cfc9a2e836c827b889e95b0a6eee59bd	Arthropoda%Insecta%Diptera%Simuliidae%Austrosimulium%Austrosimulium furiosum	1
bc66605fa8db24b7893b8f50cfe4f8cbebc0d063	NA%NA%NA%NA%NA%NA	10
8919a4ba9d081bbc78dae5a66a81bb61b230c049	NA%NA%NA%NA%NA%NA	10
d9ee53a4223cf86bfda23743fe062e216538f1f1	NA%NA%NA%NA%NA%NA	10
e4666896d2070ab299aa2b01308072888f9a6598	NA%NA%NA%NA%NA%NA	10
3d0596d756f67c2ea99863c30da3281a3710eb54	Rhodophyta%Florideophyceae%Gracilariales%Gracilariaceae%Agarophyton%Agarophyton chilense	1
42ad9c6e537619775cf50b3cb2512ee2af895d28	NA%NA%NA%NA%NA%NA	10
b0c62758e52b9337925068600dc3263a11aa5875	NA%NA%NA%NA%NA%NA	10
4f1e12ee403e99b5a55bd0d6ff22ec6e6718a8fb	NA%NA%NA%NA%NA%NA	10
7727b3f7b47ccf69f2cd89d71774b90414597db0	NA%NA%NA%NA%NA%NA	10
1ba70582d6b881e173b17b5480d011ded751a51e	NA%NA%NA%NA%NA%NA	10
ee3b2313af9bded701cbe841450f37cda9e4daf9	NA%NA%NA%NA%NA%NA	10
9df6324d1b7aed3e6343f0ea53b4cb464deb3f02	NA%NA%NA%NA%NA%NA	10
90917b62c449636b7f5426309faa329e6215b32d	NA%NA%NA%NA%NA%NA	10
20393519ae68d79fdb9828e40ca6b8e6284148f3	Arthropoda%Insecta%Hymenoptera%NA%NA%NA	10
42fc2ef3bf81bbbadc9c495a6ac1442677ed0130	Bacillariophyta%Bacillariophyceae%Bacillariales%Bacillariaceae%Nitzschia%Nitzschia palea	2
248cf19eb591f97ad92dc8b7c79f6959157c4004	NA%NA%NA%NA%NA%NA	10
2e229ea2c8b7efabb9a80219c893c1273fd0db58	NA%NA%NA%NA%NA%NA	10
307da50f6f761ef67bf66fd4a62d890efa817c30	NA%NA%NA%NA%NA%NA	10
1d469a01561a6b5c4ba5af3c2e74a257bdc241db	NA%Dinophyceae%Gonyaulacales%Amphidomataceae%Amphidoma%Amphidoma languida	1
842e1be57a7b94e77c31762dc0e458e1f7322382	NA%NA%NA%NA%NA%NA	10
08c900a829bbc153aa4616d4feedf1d24b2d3ea0	NA%NA%NA%NA%NA%NA	10
9e3861e3bb219703b3b70b8ae8de0e28fdf7f20d	Rotifera%Eurotatoria%Ploima%NA%NA%NA	10
afa4bb0d4e7734f2d73a93c3042ea9d8f9756f90	NA%NA%NA%NA%NA%NA	10
bd21a5712e8c14eaf7896ea2f71f42ba01e8edeb	Bacillariophyta%Bacillariophyceae%Bacillariales%Bacillariaceae%Nitzschia%Nitzschia palea	2
c3877d933755ea21cd916a46a48331bd828df215	NA%NA%NA%NA%NA%NA	10
92f9919b27a0fcc7290a2360b86573b6c74b0379	Arthropoda%NA%NA%NA%NA%NA	10
4957aefc090137c8b072b541da061caf45e3793a	Oomycota%NA%NA%NA%NA%NA	10
456d9910a5079808f95cb72a741ab12da6153775	NA%NA%NA%NA%NA%NA	10
ce93f2ec091d27f8de0f12948c798b622401d183	NA%NA%NA%NA%NA%NA	10
c3f9d54c05eb91d125508bf37b6130bdea5a2f50	Oomycota%NA%NA%NA%NA%NA	10
42641f24b4f6d5d455552c961e0d90a8e9b399d5	NA%NA%NA%NA%NA%NA	10
0ff98c73be653da0fa5a706d8811422d2d1df8f9	NA%NA%NA%NA%NA%NA	10
78ec76d2a626dd85da887242fc6856848b8031eb	NA%NA%NA%NA%NA%NA	10
25d595f4bcdc391cb096073cbab38069f76934cc	Arthropoda%NA%NA%NA%NA%NA	10
59c3d074b30000748fd5d6e337a0b353695984f7	Chordata%NA%NA%NA%NA%NA	10
6ff9ec2893417f791f6ee3d53aeb6c2866770552	NA%NA%NA%NA%NA%NA	10
c9a41027126a184d6e0e59aea3443d9fa5e8002e	Ascomycota%Dothideomycetes%Cladosporiales%Cladosporiaceae%Cladosporium%NA	5
9daccd6067c46b7d981e21f27e7b768526d12895	NA%NA%NA%NA%NA%NA	10
a2a1847ba621cba0852e3c9ba981daaf1c4567e2	NA%NA%NA%NA%NA%NA	10
8673c1c5b7666df3d7aa28073ed62c93fbe1d965	NA%NA%NA%NA%NA%NA	10
632b1fa5646c25b5ac7650f959c7afb68d46c059	NA%NA%NA%NA%NA%NA	10
aeed8bce2dae6ae39b25cfbabcef3e164af46e5e	NA%NA%NA%NA%NA%NA	10
7826189ae4da2eff93947198a0d33b9b716b0102	NA%NA%NA%NA%NA%NA	10
126ee204dc8d12a047886794c0e90c3eb491f9cc	Rotifera%Eurotatoria%Ploima%Brachionidae%Brachionus%Brachionus calyciflorus	1
7549c8d472734de59c9d1f426afd1f5b3dd8180e	NA%NA%NA%NA%NA%NA	10
b8b256d1e5a8e838013b77102d03760201da838d	Chordata%Mammalia%Primates%NA%NA%NA	10
d340b2eb3bfd4ab40f1019554525ff7f71940d98	NA%NA%NA%NA%NA%NA	10
964234c5dea446feb2b2b40459720308393e2165	NA%NA%NA%NA%NA%NA	10
e8f55d486a10d9ecf358f93c1947cb1484f5232f	NA%NA%NA%NA%NA%NA	10
e8c52b7343806fb2a460a9b4d4d8ec1822c151ff	Arthropoda%Insecta%Coleoptera%Chrysomelidae%Hermaeophaga%Hermaeophaga mercurialis	1
f20b6b93fb5320ce3bcbc18926cb16e8186521dc	NA%NA%NA%NA%NA%NA	10
2af2e8d9b44e32eaf838b288a8d1b1ac994a6fd9	NA%NA%NA%NA%NA%NA	10
a0430c14b9d1440810975b8b1b2ab6a020e161cc	NA%NA%NA%NA%NA%NA	10
285cc103b9476cad5f6c8853ea4c516cea7aa00d	NA%NA%NA%NA%NA%NA	10
3565f37a00227f53d50a8d0b1fd2928c5c8fa5eb	NA%NA%NA%NA%NA%NA	10
49f2152c5b24bb8f8b27846583aa799ae421819b	NA%NA%NA%NA%NA%NA	10
0e83e8653d338ffe4ae0f48dbf1f68635fa4053c	NA%NA%NA%NA%NA%NA	10
1de1a5d6f3ba690fe0a65ac1825c7eefa5197654	NA%NA%NA%NA%NA%NA	10
c3b5c08f94e102f09ba65308b5dc86f495298174	NA%NA%NA%NA%NA%NA	10
4ee3b7645b8cf50faec9b889be4afabb6e2c91c3	NA%NA%NA%NA%NA%NA	10
79caa84484824848426f0fd8e5acb518394410f8	NA%NA%NA%NA%NA%NA	10
925ad40926abd858bae91fc20fc2888b24e4470c	NA%NA%NA%NA%NA%NA	10
920c9ca310def24107b2475ea89be58f478186a4	NA%NA%NA%NA%NA%NA	10
7eaa9069314b3a432fe4c7d869f8c4808fc04b2e	NA%NA%NA%NA%NA%NA	10
3bfa01b6fe4d483b2f781b8ec45fd35c16052090	NA%NA%NA%NA%NA%NA	10
71e3081d4fa0958f9da2fcb24fa3c6e5d40e34d9	NA%NA%NA%NA%NA%NA	10
04415a3abf52251b2381745ad2ca3c9ee71a1700	NA%NA%NA%NA%NA%NA	10
0f4701a897bab495e6f5005bb5a7e6d031f59b55	NA%NA%NA%NA%NA%NA	10
caa090cab032ab8f640f41fffeb65d6ebc455020	NA%NA%NA%NA%NA%NA	10
34353a6cd40d0dc260d042c2996cb2b3aa8fb4e5	NA%NA%NA%NA%NA%NA	10
adf623c04e0021b136a8c529c27533dca39a8a76	NA%NA%NA%NA%NA%NA	10
aa1dab5851fb6741b82f5615e4703e7f4e2d5849	Chordata%Actinopteri%Siluriformes%Pimelodidae%Rhamdia%Rhamdia quelen	1
b1c9039949e6959d6430b2a449929a43d54e86c3	NA%NA%NA%NA%NA%NA	10
3c83bd41f7de8e6d219bdf5f00d2d70da34904cf	NA%NA%NA%NA%NA%NA	10
9fa77ea931f2b5275426022f34e191178e495930	NA%NA%NA%NA%NA%NA	10
74729303670c0ca5ec921f3326eb8da938c217d8	NA%NA%NA%NA%NA%NA	10
d435bbab3c9df66e52d9f9dab1fb054069569124	Arthropoda%Insecta%Diptera%NA%NA%NA	10
e069c0ea96000aa86c41b380202841bf5a0d1543	Arthropoda%Insecta%Hymenoptera%NA%NA%NA	10
fc6df826dd615960564e4aa59750590f105099c2	NA%NA%NA%NA%NA%NA	10
34d89c262eb81f920e17fd8202cdbb682ca0a17d	NA%NA%NA%NA%NA%NA	10
c3721793d0180f55bd2ed0fe30c2a71f1baa062b	NA%NA%NA%NA%NA%NA	10
83170fae4e48b987c12423ffdf5c391a552f4c6a	NA%NA%NA%NA%NA%NA	10
11507ff2687c03126386f0cb101287232247fdaa	NA%NA%NA%NA%NA%NA	10
ca8102cf4ba643bc419f3e5579474cbf639cc334	NA%NA%NA%NA%NA%NA	10
83649103828905095fdd69e5e696e3f8335fe91d	Arthropoda%NA%NA%NA%NA%NA	10
5449be1d86b6a924f567eb66f5635049d7a6b13f	NA%NA%NA%NA%NA%NA	10
1e69380224e108b94ec0bfab6cc2c99cfbb49359	NA%NA%NA%NA%NA%NA	10
35235d67f6289ecdf29909acae271ae9d50ab4fa	NA%NA%NA%NA%NA%NA	10
8a2b88a0f8fa7ec73c16a944ed58181c56cedfd0	NA%NA%NA%NA%NA%NA	10
4bf92e0d4a458326b78b5f2bb090cd1994673903	NA%NA%NA%NA%NA%NA	10
b3353800c41d33a85dc96a6f948fcbe13d052fa4	Chlorophyta%Chlorophyceae%Chlamydomonadales%Volvocaceae%Volvox%Volvox carteri	1
b9ce33e87d70c2a4882361099c1a9dff067f04b1	NA%NA%NA%NA%NA%NA	10
e6a35b3f668d44f8e84b2033a188f365890e2daa	NA%NA%NA%NA%NA%NA	10
92f077cf24c8af20b4551a9df3e0741a11dde1a9	NA%NA%NA%NA%NA%NA	10
3af569c87207b867e08173c0e1ef1ca35aa59d5f	NA%NA%NA%NA%NA%NA	10
cd859290a3a28e63398bbb432f038398dac1205c	NA%NA%NA%NA%NA%NA	10
ce367dff62e2aee2dc35f89259079f02fbf287c3	NA%NA%NA%NA%NA%NA	10
01337a7db7820310f3a5b2beda2b59de2d4b2b88	NA%NA%NA%NA%NA%NA	10
adf22aca9d8af476106adff1cff75592025d8a3e	NA%NA%NA%NA%NA%NA	10
1e6acfa87618a6a651e193f2c2978fe36db6524a	NA%NA%NA%NA%NA%NA	10
256a03b5fc5a5fff8ea669912e74550020ca7dd7	NA%NA%NA%NA%NA%NA	10
4b14ad16378334f7c2e3d3fcc09147b7f29045cb	NA%NA%NA%NA%NA%NA	10
4b3f99d14e55c3c08d96e69ed105f9968bb1c211	NA%NA%NA%NA%NA%NA	10
18cb158798c598d5de823bace8ef447eaf97c61f	Bacillariophyta%Bacillariophyceae%Bacillariales%Bacillariaceae%Nitzschia%NA	10
525d1bd26dbcacf02ff180c5eb195b7fc513e6ad	Bacillariophyta%Bacillariophyceae%Bacillariales%Bacillariaceae%Nitzschia%Nitzschia palea	2
186d580140c04a0d8eea445bae048526e3ad522d	NA%NA%NA%NA%NA%NA	10
5813eeda3fdefdaeb2417b38605029cd9f2796e2	NA%NA%NA%NA%NA%NA	10
62c00d562a4283cacb9627033781b82c726efb2a	NA%NA%NA%NA%NA%NA	10
63a6a0b5c0d295e1b0812764eaa13bc782238526	NA%NA%NA%NA%NA%NA	10
645382dc91f6b2dff104ceb6122d617d1eb751d7	NA%NA%NA%NA%NA%NA	10
688f709df1b607c72cebae0e80fc7313e3671ca6	NA%NA%NA%NA%NA%NA	10
fe897abab7402204dc8287798a5cce6864b43fea	NA%NA%NA%NA%NA%NA	10
fe113cececca73ffbaaac12304a8df2a0657865a	NA%NA%NA%NA%NA%NA	10
f5eb13a83ffe45ec6c259c32fe4a1c741d020038	NA%NA%NA%NA%NA%NA	10
67c406b5dc4c3fad4b6390e12188c0143571abe2	NA%NA%NA%NA%NA%NA	10
795309ff21a4dbba9dfb304016675ad118180f38	NA%NA%NA%NA%NA%NA	10
88a8c91ae34f3a484d6a2f777999f41e71d79104	Rhodophyta%Florideophyceae%Ceramiales%Rhodomelaceae%Placophora%Placophora monocarpa	1
88d689f27bfff758b4c1944f10405d4a68baa7cf	NA%NA%NA%NA%NA%NA	10
a89d9b155025153ff4c8330859d12bb289fddfdc	NA%NA%NA%NA%NA%NA	10
950f122f220ec8b7270faf3d9c0cacf6ad255e8d	Arthropoda%Collembola%Entomobryomorpha%Tomoceridae%Tomocerus%Tomocerus fopingensis	1
c1c632f4d61b41b7b5d1a17c42a9e45438e5e1df	NA%NA%NA%NA%NA%NA	10
c1d5d4613507b7fd5a04efe3ce6fb47495ef7950	NA%NA%NA%NA%NA%NA	10
a49b90767b514033b0672b3e2aa3f3cdd53902dd	NA%NA%NA%NA%NA%NA	10
9eb0420cdb7c239ecd44f1097a2fe093fe1b2656	NA%NA%NA%NA%NA%NA	10
c6a1a7291ae79abe3f031452f63bddb34742e8c5	Chlorophyta%Chlorophyceae%Chlamydomonadales%Volvocaceae%Volvox%Volvox carteri	1
cdb922d8b05b9815500349ba3afa07e5e2ca5f4f	NA%NA%NA%NA%NA%NA	10
ce761ce1ad6fc2c24c41ef545bc773717c510698	NA%NA%NA%NA%NA%NA	10
dabd8761e7f1a404693dcaf5e0e59401d3ef49d0	Rhodophyta%Florideophyceae%NA%NA%NA%NA	10
de613fc7885ce0c08135cdc88d9c7db102e50123	NA%NA%NA%NA%NA%NA	10
96919f2693146e23f7d5a29efff340bb9b371b9e	Ascomycota%Sordariomycetes%Glomerellales%NA%NA%NA	10
fd01f2fa24ae6e759bdf95ada39449535f95b592	NA%NA%NA%NA%NA%NA	10
daba9038d5def533b29d80ea7e874a771b4793a5	NA%NA%NA%NA%NA%NA	10
21a34ba44d8ec4fce657550724849b6f4f05b7fb	Chlorophyta%Chlorophyceae%Sphaeropleales%Hydrodictyaceae%Hydrodictyon%Hydrodictyon reticulatum	1
2651f284049f591dc814be2f5da2efa89dd80b1d	NA%NA%NA%NA%NA%NA	10
e06d25ba9e1c7fb18cb31ac1ce68354594182411	NA%Chrysophyceae%Chromulinales%NA%NA%NA	10
e0b49b180fabb4e9a72acfc4dd243dfdada3891e	Chordata%NA%NA%NA%NA%NA	10
e2d9b876ad3a5ba17ae637af75ef0a827cae3781	NA%NA%NA%NA%NA%NA	10
18c9317ae915e45bb540d035cf481f1adaa02ad4	NA%NA%NA%NA%NA%NA	10
1b714198dde281b9812f72caa6b72bbead7393e3	NA%NA%NA%NA%NA%NA	10
e8f4fdd6a71b2a0bb3149ac04c4c63a7f7c12492	NA%NA%NA%NA%NA%NA	10
64ce759a4b93923bd2c4a44abbfe3cb6947731d9	Arthropoda%Insecta%NA%NA%NA%NA	10
6771387b5a53d725ab9dbf37e59adc1f21b8dd7c	NA%NA%NA%NA%NA%NA	10
0468aeb5b959b1c9c14599ff2b4ad42d887af19c	NA%NA%NA%NA%NA%NA	10
0981ed3357e4f86062f0174a6f9899232f15a9c8	NA%NA%NA%NA%NA%NA	10
7f7d09e2bee6f7c491f1b68c7f9bd7a1a0e57d57	NA%NA%NA%NA%NA%NA	10
5f5cc8ed81937908a879e60d8e6123e4492e6626	NA%NA%NA%NA%NA%NA	10
2c2ad4470a7573e6d6d1d2d9aec801d41ff2eab0	NA%NA%NA%NA%NA%NA	10
56866be16b3d1b42a525626c848c72c028e4ae01	NA%NA%NA%NA%NA%NA	10
8a4d6c36efbd98c97e40c3611a0d414ea702c5d2	NA%NA%NA%NA%NA%NA	10
3cf558531e1a74139f83673b31b906a2366826d9	NA%NA%NA%NA%NA%NA	10
39d840ab290dd34b439bcf7929406f4ceb6476cf	NA%NA%NA%NA%NA%NA	10
309dad7e0fed8d8c46a68278c9052e3f51bc60cd	NA%NA%NA%NA%NA%NA	10
4e0a67d2d29e2864b5d19bd2c12bcade564b90a6	Bacillariophyta%Bacillariophyceae%Naviculales%NA%NA%NA	10
4b18eb0f5706869cf73f22145f0e2dbf1af0569d	NA%NA%NA%NA%NA%NA	10
43c2925f8b83786f8000e6fd845697ec444064f5	Arthropoda%Insecta%Lepidoptera%NA%NA%NA	10
a4e4e60e7e37c1e0159a455dc7659bc9010d755e	NA%NA%NA%NA%NA%NA	10
a4814c5bb7868cd3fb92036b74d49d05d2bac87d	NA%NA%NA%NA%NA%NA	10
a49ff437a60bb19f55f73b87c4c37f7d58f17877	NA%NA%NA%NA%NA%NA	10
a239f24fabc0d433dea4bf4566ee95c59b71da50	NA%NA%NA%NA%NA%NA	10
a24adb79bc915eb2c9a37be039de769ceccb4ff1	NA%NA%NA%NA%NA%NA	10
a33fa4caa1f45b96f5031d07b6e98bdbb9ccf9c9	Arthropoda%Insecta%Diptera%Simuliidae%Austrosimulium%Austrosimulium furiosum	1
b177b1356866a94450ee37b772eb9236d061b0f8	NA%NA%NA%NA%NA%NA	10
85cb03f63ecfef66efafdfff4d1fc91dc742b5a4	NA%NA%NA%NA%NA%NA	10
8f438114669202a240ed2c5367deae7002edd936	NA%NA%NA%NA%NA%NA	10
8f2e2643ec509eff8e7b77ab35cdaa0f59f80118	NA%NA%NA%NA%NA%NA	10
f38e87bbd5fb21a53166a372751501b52a9e7eae	NA%NA%NA%NA%NA%NA	10
def422d9d3fe80f9e5c654d764131f8a62e97054	NA%NA%NA%NA%NA%NA	10
f08c166af8ecd9839518df859aca61dc5ce0372c	NA%NA%NA%NA%NA%NA	10
bbe306c3b012ffdcda7c703640829cd36e7a24e1	NA%NA%NA%NA%NA%NA	10
de99ad94be9d17f3ce19d4680e7259d39d99b087	Oomycota%NA%Saprolegniales%NA%NA%NA	10
de56e047c39b416ecf5cede92075a164e707364f	NA%NA%NA%NA%NA%NA	10
df65047c21ecc148e69aede7bbffcd7a074c730e	NA%NA%NA%NA%NA%NA	10
df965caab3ac2a397baa5fe1f884fb77ed1027a2	NA%NA%NA%NA%NA%NA	10
d098a9c5bffcba90f25c702390dbe8c493c3a906	NA%NA%NA%NA%NA%NA	10
ed77b358f9f61ab3b61b705262b5a33279ddacdc	Arthropoda%NA%NA%NA%NA%NA	10
becab7eebf7f4f64d11100993812c622e5580bf3	NA%NA%NA%NA%NA%NA	10
23b573947dc74be5a23f4892a0497d1ab4e36f10	NA%NA%NA%NA%NA%NA	10
40cad8fd998efcd5ec6eedaa5b9e696f3a692b41	NA%NA%NA%NA%NA%NA	10
41b14635ac24a0a008b4971f9685f2dc3e322978	NA%NA%NA%NA%NA%NA	10
11028d2f3925a1923687413ce640c060c3be8fdc	NA%NA%NA%NA%NA%NA	10
1ce8cb1b4b13723921ea3f553d0531d3cec8222e	Arthropoda%Insecta%NA%NA%NA%NA	10
2cd26971280b9afecc174a4fcaffbb47b43f8cec	NA%NA%NA%NA%NA%NA	10
47e277f0e13af364522a0054f26a2d0033d1e0b2	NA%NA%NA%NA%NA%NA	10
0638b7fe5b4f71912da2739067ee8329ef3c42e8	NA%NA%NA%NA%NA%NA	10
6c0aa36dfc464b347ec3c62a19bd65d2b2579d54	NA%NA%NA%NA%NA%NA	10
63e092607bf73b50177590cc57a7c75999784ce9	NA%NA%NA%NA%NA%NA	10
632a56882a3d9d79e804372de01e95570b7c9da3	Rotifera%Eurotatoria%Ploima%Brachionidae%NA%NA	7
613a6c94c96e00c4eb16ecdd4ed8429b673bc31e	NA%NA%NA%NA%NA%NA	10
7a58421d780dc35cebabcd552ac89583c2b368e1	NA%NA%NA%NA%NA%NA	10
776ef91fb1d984dde6f9cd2e318ce821dfc11a9b	NA%NA%NA%NA%NA%NA	10
49bf2ab58b67227d0dd5fe6c157870cea011be0e	NA%NA%NA%NA%NA%NA	10
5e9865adf52712c686b914f95a20ffdcaaf6fa6c	NA%NA%NA%NA%NA%NA	10
573dd32a3576c322e2577ebe5fec6c0fdf7cdee0	NA%NA%NA%NA%NA%NA	10
279d13056f57358580b972f08c4f9043324dd1ff	Rotifera%Eurotatoria%Ploima%NA%NA%NA	10
3d68ff7f7047c8710fa1f1d864ce960c8f54d482	NA%NA%NA%NA%NA%NA	10
e0b5e40522d76998d1ee1eaf0b8ffc8185a48985	NA%NA%NA%NA%NA%NA	10
eeeecb88f09b8ce0489f896af4e5fa57a44473d7	NA%NA%NA%NA%NA%NA	10
70637221dbf672a590b081573c50ad0f692269e2	NA%NA%NA%NA%NA%NA	10
bd94305ea7c8999819ff1a154668d43f132efa9e	NA%NA%NA%NA%NA%NA	10
ca55fb5d0a202d3d3946734b97a045cf3b2a29ac	NA%NA%NA%NA%NA%NA	10
dfbe856b222f6040fcdca9d6bec6670fb7219b97	NA%NA%NA%NA%NA%NA	10
5e76c6120b82eb1410a4d4b8a10e66be70f7b9ea	NA%NA%NA%NA%NA%NA	10
aae0d9c1d7053612e27bb3221706808716a2827d	NA%NA%NA%NA%NA%NA	10
76d1bc615dd2382fab55afabdb3d92c993338e36	NA%NA%NA%NA%NA%NA	10
859a05ffc8d55d4ebd94f190bba93b2a8c5d4148	NA%NA%NA%NA%NA%NA	10
ce0c76eb2d1e318f64ff6a57c4f21293219fb197	Arthropoda%Insecta%NA%NA%NA%NA	10
ed03a2d302100f1479b107a57e6cf9baa0da298b	NA%NA%NA%NA%NA%NA	10
3541aad643a7ec438e8d2e42e6125b6d6aa2b7b3	NA%NA%NA%NA%NA%NA	10
30dc4639980f927f5694a3c1fd861d1677eb8b68	NA%NA%NA%NA%NA%NA	10
7c90150965509af6286d84c3e12a5edcfdcf13d9	NA%NA%NA%NA%NA%NA	10
f4e83b2238b515b6d67014e97daa996623ff87f3	NA%NA%NA%NA%NA%NA	10
fa246993eaceb1769aa0e09f9aab7ae74bfbed00	NA%NA%NA%NA%NA%NA	10
8fb20625370ea512268851ff30bbf69793a00301	NA%NA%NA%NA%NA%NA	10
9e2f81b8c27ee1e84ce32eb0e01de45f42ca44d3	Arthropoda%Insecta%Trichoptera%Hydropsychidae%Smicridea%Smicridea albosignata	1
973244c0441e83317391632f69d285eecf7885c0	NA%NA%NA%NA%NA%NA	10
c38eec1f700a8c25bd370607ab09a1fa904c3fa0	Oomycota%NA%NA%NA%NA%NA	10
f96c12c35eb0d76e7b855149d781bca4ac23751e	NA%NA%NA%NA%NA%NA	10
72070eef54df2ec5ff71838df4d0db32106360ea	Chlorophyta%Chlorophyceae%Chlamydomonadales%Volvocaceae%Volvox%Volvox carteri	1
d8c66ae0d8a71f7f699f57191be6faec1b8a8296	Oomycota%NA%NA%NA%NA%NA	10
3295a8c9d5270559801b5486b2f687276b4ac85c	NA%NA%NA%NA%NA%NA	10
81fa470fde4febd1302739d656531596851c9f38	NA%NA%NA%NA%NA%NA	10
4f2f005132b0e4c575b8062796e08f6791b8cb8f	NA%NA%NA%NA%NA%NA	10
6313e493fcb8f84dafdb803350f63e3ae929345d	NA%NA%NA%NA%NA%NA	10
32af87ac1614efecb0f2b4b08cce612ea4152b2c	NA%NA%NA%NA%NA%NA	10
d4cd7cf2dbe342de6a36a4e781e78feef15c74d2	NA%NA%NA%NA%NA%NA	10
00da87345ccfe3c44384c5e16e29148e5a8a1ab3	NA%NA%NA%NA%NA%NA	10
6d747fa3ae1891d3e9a23e38bea88c0c223b99ff	NA%NA%NA%NA%NA%NA	10
936ac6555846b377101361e1944b5ecbf60a7f20	Oomycota%NA%NA%NA%NA%NA	10
22e872a337c8c21c39004da9a085bd139b31d920	Arthropoda%Insecta%Coleoptera%Chrysomelidae%Cryptocephalus%Cryptocephalus androgyne	1
42bb58650bca1308b850809aaba342a1ccaa4d1a	Oomycota%NA%NA%NA%NA%NA	10
7799d4ea3682b1b4534f240c181694a9e82ba4d7	NA%NA%NA%NA%NA%NA	10
a9bb4c6fe145db404f36aaeae15d96585a4afd25	Annelida%Clitellata%Tubificida%Naididae%Nais%Nais stolci	1
ca1033952b0b678a6fc7661772c549d11f8632d7	NA%NA%NA%NA%NA%NA	10
10ae0d3df743ddf0f69836e41b193c886afd5298	Arthropoda%Malacostraca%NA%NA%NA%NA	10
bdc5e0cca0cdcfadb87b8bb9c3063c593d9f986d	NA%NA%NA%NA%NA%NA	10
d0e4d5c6b31f7d96a8f834e3b95bd2b61de57721	NA%NA%NA%NA%NA%NA	10
36ef442bee521eb584d36d789e64407d05a17276	NA%NA%NA%NA%NA%NA	10
404d7cadf22e500323a21e250d604910654e49f8	NA%NA%NA%NA%NA%NA	10
1316c6a0fa2a155533eac17dd2082175c97ce365	NA%NA%NA%NA%NA%NA	10
411a4a3b8c131c02aa18be14e062f23ca3b9faae	Mollusca%Gastropoda%Nudibranchia%Dironidae%Dirona%Dirona picta	1
49cccb25a68aa52a0be8dd2ad8677d342513e4be	NA%NA%NA%NA%NA%NA	10
4e559e21093f0108f4b30559eb29a1e967cc1e6e	Discosea%NA%Himatismenida%NA%NA%NA	10
57d74d91b94f7a09abdcb701988817c78a0e6031	NA%NA%NA%NA%NA%NA	10
57f40c35ee66a391ef58b28ce321ff912e318b97	NA%NA%NA%NA%NA%NA	10
75f622545e3ccd7bdf059a5c7104f914d415ce40	NA%NA%NA%NA%NA%NA	10
7ccacebaee297cc41b306e3a99867a21008d9bd0	NA%NA%NA%NA%NA%NA	10
5b0f32d1569465300d3a28aca3967b54de11f027	NA%NA%NA%NA%NA%NA	10
9e827a94b90d727e03ae8b3e506e37fd5d6223c4	NA%NA%NA%NA%NA%NA	10
a91d0822f8976ac8ae3a8fd0b75c5e3ee4f5f61f	Arthropoda%Insecta%Hymenoptera%Vespidae%Nectarinella%Nectarinella championi	1
a61925039dc0ada52afda04c4e0c9ada4679a8e4	NA%NA%NA%NA%NA%NA	10
f51cc046900b7571801fe4faf7ca27a267514a16	NA%NA%NA%NA%NA%NA	10
0b1e949601658e0cd6cf96a7fa6c2315bcadcfbd	NA%NA%NA%NA%NA%NA	10
d5028ac954385585e6661cb88b97bd5bb145c4cc	NA%NA%NA%NA%NA%NA	10
d554db48c1061dffce5d9bf9763a0b7959bb18a2	NA%NA%NA%NA%NA%NA	10
d5f90c25f8e501d76e7b35b18801315bf267524f	NA%NA%NA%NA%NA%NA	10
064542c7d754cd30e496896c908103d48a491a57	Rhodophyta%Florideophyceae%NA%NA%NA%NA	10
fe2b7972f61b5d82cf657253be59b7973cd4414c	NA%NA%NA%NA%NA%NA	10
fe3d603e7636669f652b157d9c4f64a0c3cefabd	NA%NA%NA%NA%NA%NA	10
196d5eec67925f02b428b1661c84c1ff2cd4c46a	NA%NA%NA%NA%NA%NA	10
cfc919c896201deac5db3b7f38aa42eb21d74eed	Arthropoda%Insecta%NA%NA%NA%NA	10
aeb7ba9784a9d3f75a82a092cf6e98d67a65078a	NA%NA%NA%NA%NA%NA	10
c421eb11e019b07ed92e78874224d0843255125e	Arthropoda%Insecta%NA%NA%NA%NA	10
1f55f58be817b768ed890488108ec906b67c532e	NA%NA%NA%NA%NA%NA	10
199c1c704d63cf9afb82a4e80829821c102e2663	NA%NA%NA%NA%NA%NA	10
2752094a56be2c8e14841742b9915d2204af326f	NA%NA%NA%NA%NA%NA	10
32120c1641c87dd6fae92e0c002f516b3a5f4e92	NA%NA%NA%NA%NA%NA	10
32484de53053ba7e1b5185e7132a4d0c964a83b5	NA%NA%NA%NA%NA%NA	10
336f689d4ca4a851fc02e3d20d99a5489f5238ed	NA%NA%NA%NA%NA%NA	10
48aa371e6e54b6b4a0bc6cc6495bc217c3726276	NA%NA%NA%NA%NA%NA	10
a7b4e6005b940fc1988793b59765e9196a749783	NA%NA%NA%NA%NA%NA	10
5c8562417bbc894da0245c717c1ce760fcd140b6	NA%NA%NA%NA%NA%NA	10
57f57457f458eca90938baf98964f2b7b1a6bc09	NA%NA%NA%NA%NA%NA	10
63a4d640b5ce9d4f95ab3d94a74fcef9cbcbe1ff	NA%NA%NA%NA%NA%NA	10
ddc111ebbb02a44d7cf4e4c56254b1ef8ea4326f	NA%NA%NA%NA%NA%NA	10
e6d7d8fc1329ecc37f47428bc61f9dc402a0b4b4	Arthropoda%Insecta%NA%NA%NA%NA	10
e1b10c2478294ed1e823147af5a47c302e10816b	Arthropoda%Insecta%Hymenoptera%NA%NA%NA	10
aebdc09d715a9704ff5afd1820b376f5a1e33926	Oomycota%NA%NA%NA%NA%NA	10
b618402f31a9d1e52ec8845abc86fd38358e73c8	NA%NA%NA%NA%NA%NA	10
f51a482e9f2e25516a3147a6ba6ccd255be96c1d	NA%NA%NA%NA%NA%NA	10
f9867dcf4ddabae9017ae289eaf077126796a50f	NA%NA%NA%NA%NA%NA	10
ba7ba540f564ac346bc2c86d14a4021fc467cf99	NA%NA%NA%NA%NA%NA	10
6fc330142ddd5ed2379f795e9cda7b13932e6327	NA%NA%NA%NA%NA%NA	10
39936f1df1a97181303546a9f19a62ec39cd303e	NA%NA%NA%NA%NA%NA	10
364368d8e16adb53fcec2d4a67bcfa872344aad1	Arthropoda%Insecta%NA%NA%NA%NA	10
310c3644d95c499811962cab8afd9ed5ba067ca0	NA%NA%NA%NA%NA%NA	10
4116cec3ba7450af449ed828bc7e1ec3c98db818	NA%NA%NA%NA%NA%NA	10
46b3d1e63eeefb1034b05016e789518c5302b97c	NA%NA%NA%NA%NA%NA	10
007e0090f5ad1b0520721a03583539ebeb1ea346	NA%NA%NA%NA%NA%NA	10
035482ccc891e07ac8b1959016b0dc9742ff4bff	NA%NA%NA%NA%NA%NA	10
11871233bd9fed633e3d782f1f5159aef5ceba6d	NA%NA%NA%NA%NA%NA	10
1f118039e0cd60ab0d142aa32665d8de0af0c74a	NA%NA%NA%NA%NA%NA	10
23aac8866bd7934c6342946203ecd41e77f54895	Cercozoa%Imbricatea%Euglyphida%Cyphoderiidae%Cyphoderia%Cyphoderia ampulla	1
476149f9afa2e8daef13e69490875fc7ee10fe91	Oomycota%NA%NA%NA%NA%NA	10
6436d2f9b6fe191c5b22be6be28e0662fdee3ec1	NA%NA%NA%NA%NA%NA	10
6835695ba2a6ca4de7332fdb80b9d97b51e49cbd	NA%NA%NA%NA%NA%NA	10
6dfd7acf0a56f637647f2b85116c6fbaa4811d14	NA%NA%NA%NA%NA%NA	10
8aa44fe47d07847eeee30f36d7b3a167e5c4196e	NA%NA%NA%NA%NA%NA	10
80723da1e3832c59067dd86a8ca7ff006f7c32b0	NA%NA%NA%NA%NA%NA	10
800042e02a1349f26a0b841775aeb1032f6992fa	NA%NA%NA%NA%NA%NA	10
9f0bbca80ae783cf1f51aae4196f07ccabbe727e	NA%NA%NA%NA%NA%NA	10
977d43e1b1225a2bcee0914a0c7e9cea58c6f622	Discosea%NA%Himatismenida%NA%NA%NA	10
980af130467e873a63d6c2913385bb0e2715661f	Discosea%NA%Himatismenida%NA%NA%NA	10
7f311641f416979f647f1209d02068ada1e777b8	Oomycota%NA%NA%NA%NA%NA	10
77709437d0c173da23154596f5fd3ca1cc4525ec	NA%NA%NA%NA%NA%NA	10
883fbbd5ab88e7a7e7732a5b2e30b78d261a974b	NA%NA%NA%NA%NA%NA	10
a604d2fde474b0a8c2aae281028a8d4f0d5c3837	Arthropoda%Malacostraca%Anaspidacea%Anaspididae%Anaspides%Anaspides tasmaniae	1
b9995474a80faae67c3d2c71e4cebc6014565a95	NA%NA%NA%NA%NA%NA	10
bb2fa8ebb0866bd1c28503a58ec5460f4b62bde1	NA%NA%NA%NA%NA%NA	10
bc8fe2b3ede10f52ed43408a96220dd49f58adda	Chordata%Actinopteri%Cichliformes%Cichlidae%Hypsophrys%Hypsophrys nicaraguensis	1
e8d07a0cb2bc681a796de769a2ece27e85dfad3f	NA%NA%NA%NA%NA%NA	10
fc5c008e06f41c2d36151c29c3dbd07cabcffcbd	NA%NA%NA%NA%NA%NA	10
fc96c62a185ae20c6adf89481c9abbc39dc2cd5f	NA%NA%NA%NA%NA%NA	10
fceb05ca2069c70f0340272e57c4a1c0c3103efa	NA%NA%NA%NA%NA%NA	10
03d6462f689f1318da0fa94e71cc79cf7c931071	NA%NA%NA%NA%NA%NA	10
0d61cf6825c0b58504255f87f75c499e82bbbc4c	NA%NA%NA%NA%NA%NA	10
04bbcdefe679497c204689959b6daba2c3b6c6fe	NA%NA%NA%NA%NA%NA	10
124adbfb00af43cbf67f017034a390bf87ed3470	NA%NA%NA%NA%NA%NA	10
107140d4964b937e858082fcbd159a4553a5ffb3	NA%NA%NA%NA%NA%NA	10
10187a4055988459e0393047953a36310a9750eb	NA%NA%NA%NA%NA%NA	10
8f2613e61689185a2e1e2c36c9e7ea9aed9d2d01	NA%NA%NA%NA%NA%NA	10
153ce403cb54949ec3865323b36f0390d342c097	Cnidaria%Scyphozoa%NA%NA%NA%NA	10
1ceac65e69b26b1cf8be595caa7636c0de4989c3	NA%NA%NA%NA%NA%NA	10
37cec45b932aca3b8049c4afc1ab733ea0ebe238	Arthropoda%Insecta%NA%NA%NA%NA	10
d33ab7a3d98408dd91e769fb2ae0337856221a67	Arthropoda%Insecta%Diptera%Chironomidae%Tanytarsus%Tanytarsus bathophilus	1
77124d67f8fcb249de1013ff4a3970b1a7dfa72c	NA%NA%NA%NA%NA%NA	10
75783edc9a479d69913855ae8bd73e54654319eb	NA%NA%NA%NA%NA%NA	10
89f37392ed33c2a6be4d562c06c9a1f49cfae3b7	NA%NA%NA%NA%NA%NA	10
2e2fdf42eebd11d7fdeafa00cd3a11439995246a	NA%NA%NA%NA%NA%NA	10
6f0b59e745c8c95cd4a8760783a43bace7f818ec	NA%NA%NA%NA%NA%NA	10
6380c74769e303b63787dba2f0dae7f089cbe530	NA%NA%NA%NA%NA%NA	10
5db699c8d52fa024d8e67ec4304438aef39a22f5	NA%NA%NA%NA%NA%NA	10
ade9a2551890c42e0581b5217fc1384407763a42	NA%Phaeophyceae%Ectocarpales%Chordariaceae%Myrionema%Myrionema strangulans	1
ad3dd31171c350d33af6571718302eda382fa668	NA%NA%NA%NA%NA%NA	10
78acf9e6156eeaa9c0aa58a134799ab418495e8e	NA%NA%NA%NA%NA%NA	10
7b7ad64a91391d5ca01ccbcbea9cb97d793de82f	Arthropoda%Arachnida%Sarcoptiformes%NA%NA%NA	10
7dc1bbcfa2291231109ee121f656e2f2fe468e44	NA%NA%NA%NA%NA%NA	10
7ffd90c0e5103d0c5fb4b42056e3142f735c321e	NA%NA%NA%NA%NA%NA	10
ae188774996193d5935dfd94b4a1d6b9b156b711	NA%NA%NA%NA%NA%NA	10
b1b0da8d381cf5bc37a685bcff35816c1f9d2d18	NA%NA%NA%NA%NA%NA	10
b26d21d37b1e874a5664664b41e9c16da35c17e9	NA%NA%NA%NA%NA%NA	10
b4283e83b62797dec18f5afc857da7960e514193	NA%NA%NA%NA%NA%NA	10
a51ed286262bb175fd8f55dfc965a97c7a97e852	NA%NA%NA%NA%NA%NA	10
e51d04036f6556ba7277cdcba7bd32214a3d3477	NA%NA%NA%NA%NA%NA	10
87e821f39417921b5d45226e351aa82adcea8090	NA%NA%NA%NA%NA%NA	10
87ae32c0815ec54ef1942f6971554ac7bd18651d	Arthropoda%NA%NA%NA%NA%NA	10
85fbbee40fec1a9f0753fc260b2866e312c76f4e	NA%NA%NA%NA%NA%NA	10
851f880a45615476a753be6973037de02ef88266	NA%NA%NA%NA%NA%NA	10
efcc92de9f4d6fe10c99dbb3270b1fd3d8671519	NA%NA%NA%NA%NA%NA	10
ecc3f26d2fb86a3d290f4472149f0ce9ba819888	NA%NA%NA%NA%NA%NA	10
e7fccbd7d7c0fdaa3859d208c9e88b501dce6010	NA%NA%NA%NA%NA%NA	10
e3928ffeefa0c877f4a3c6a91f6a2f0a969e388b	NA%NA%NA%NA%NA%NA	10
8210f5b41274d98ad4ec740408b3a5420642b289	NA%NA%NA%NA%NA%NA	10
8385b712e6e3e4a82eae0583955fbe65ef63e2a4	NA%NA%NA%NA%NA%NA	10
f24a7fb150d614e142d22a94f5caec399615f256	NA%NA%NA%NA%NA%NA	10
f92a3cc45651dea41c9f930057f66f43cbc30a87	NA%NA%NA%NA%NA%NA	10
791d99f8500ffe8cb904171d75eed67a78c51e4d	NA%NA%NA%NA%NA%NA	10
8d0b26dd5bb41b82f9fa556099e3fc1e3ef64077	NA%NA%NA%NA%NA%NA	10
8f7de1810cfed775c0a055862ac26eb0d48cc3bf	NA%NA%NA%NA%NA%NA	10
cd4783335504d0932a8c99da9537ffd16bc830cf	NA%NA%NA%NA%NA%NA	10
ca3b50dc852a00a39075cb70ab829eeabec54818	NA%NA%NA%NA%NA%NA	10
c7e140e7d7718dc1a191c9328ef79c1047ce9edd	NA%NA%NA%NA%NA%NA	10
c40c0b6de94cc50c5c19d51309b946aedb05a086	Rhodophyta%Florideophyceae%Ceramiales%Rhodomelaceae%Placophora%Placophora monocarpa	1
c05d57c7dab144b7066814163232b2f13bbc301b	NA%NA%NA%NA%NA%NA	10
c1d0c2db79cc7252cb6f3b444f539eeef50caf63	NA%NA%NA%NA%NA%NA	10
df14f02abcab747a2a43719da04386b501cc99ac	NA%NA%NA%NA%NA%NA	10
d82d88ef1fe527dd9298f4cfea478ac752e519c7	NA%NA%NA%NA%NA%NA	10
28d77463660aae62ca863c6456e4f27dd9be6890	NA%NA%NA%NA%NA%NA	10
2813cc37f28fd8fa50715b304faf2eed75eeedfa	NA%NA%NA%NA%NA%NA	10
29ba0397d347738fc48723e97d3d71afb8a7474e	NA%NA%NA%NA%NA%NA	10
277b0d02157932a8e79f13ad5e405881bb22582f	NA%NA%NA%NA%NA%NA	10
2c491d8576f3360181743286edf0031bbd87a631	NA%NA%NA%NA%NA%NA	10
2d055bcc0107c6702d1377852920bb8be5620a41	NA%NA%NA%NA%NA%NA	10
2e60061a0fafcc467adc6f740faf5c168127ffb1	NA%NA%NA%NA%NA%NA	10
3018414b2e6164261858dd58c18a9c6eafe6b161	NA%Chrysophyceae%Chromulinales%NA%NA%NA	10
30fa88a507d6b40f68b9453150e35746ca9e78d4	NA%NA%NA%NA%NA%NA	10
323e6ae361f28aee1d19009e142e3c5da273e1f2	NA%NA%NA%NA%NA%NA	10
335ef0a67dc5522011cae7a193ec451b0a4099d6	NA%NA%NA%NA%NA%NA	10
0d6c99bc6f2279db3952c3a049ea28945e6ab74e	NA%NA%NA%NA%NA%NA	10
0281faf7e5b52b0d4c2d3df4328d8ae7a7d0bd4d	NA%NA%NA%NA%NA%NA	10
1d80ffb54b2ee384694914bb679f1ee5674ffadf	NA%NA%NA%NA%NA%NA	10
19c84671d826f5ccb89e31166985c94c60c0cb6f	NA%NA%NA%NA%NA%NA	10
13dfe7a54eaf5cdac75efd2737ac785ace8efadc	NA%NA%NA%NA%NA%NA	10
5c50143b5daaad05ff24efbb1c3a8eb9c43388d9	NA%NA%NA%NA%NA%NA	10
73115fe78dc86665269e059ff3a539b189915349	NA%NA%NA%NA%NA%NA	10
746861c34d28e9606ae7685e3f88608290abbac2	NA%NA%NA%NA%NA%NA	10
40171b9af3eb765f1e67c7c950711c86d67ebe78	NA%NA%NA%NA%NA%NA	10
47d2b87b834876ba3ea1097b6a6beff9fa730448	NA%NA%NA%NA%NA%NA	10
4a7d22f5bc2de5d578fba4042156690d76c1dcb6	NA%NA%NA%NA%NA%NA	10
4ab021275ec7e276733d6aa9637734d26f8cae79	NA%NA%NA%NA%NA%NA	10
4b248dfd34d4cd81085bf91d6b9a9e063028cef1	NA%NA%NA%NA%NA%NA	10
4fec87497b00c39a1c5af41a3cb1e6cd8133579f	NA%NA%NA%NA%NA%NA	10
7873d88d11b8c789937a2002afe6bda02cda3efe	NA%NA%NA%NA%NA%NA	10
39f128d4874d24a9aa933c712dad714d3427bb8d	NA%NA%NA%NA%NA%NA	10
552b02434894bace34e81c63b69faeb4ee2030d7	NA%NA%NA%NA%NA%NA	10
572892cdb2027e6ccd809c566264102e039eab64	NA%NA%NA%NA%NA%NA	10
69169ae00383ee943b30266983cefb75f28d6c5c	NA%NA%NA%NA%NA%NA	10
6a69c60ffbdda6b332d2809c5351869d7266d28e	NA%NA%NA%NA%NA%NA	10
6bb25ef3aa89e1a2321f20c50f3c4dcb124eeb66	NA%NA%NA%NA%NA%NA	10
6f4a88ce931974501ea146f1fd2094bf38c3580e	NA%NA%NA%NA%NA%NA	10
6544b6379c938e5ed62ee66a9e443be19b497abd	NA%NA%NA%NA%NA%NA	10
62d4a418bd1945b54c82616aa4c59333231deb68	NA%NA%NA%NA%NA%NA	10
2b3c021c346b44079dfbf72bfe2e10d596eb1497	NA%NA%NA%NA%NA%NA	10
799f2d70ce73bc532970551737b9d0bd170f93a4	NA%NA%NA%NA%NA%NA	10
3901fa2cf266f3c39ec7e8dd35bf62a6875347f0	NA%NA%NA%NA%NA%NA	10
caabe0cc44f1e816ac58836636908ef4c67d4995	NA%NA%NA%NA%NA%NA	10
73431ac3c16a50997f63e7d0d8654d4adf41af99	NA%NA%NA%NA%NA%NA	10
f23a61631c43fca2d3353e05fb16f021b02d75ed	NA%NA%NA%NA%NA%NA	10
dded26b6d5fc15556f12f1a94047193c7bbc6d13	NA%NA%NA%NA%NA%NA	10
f0f57f0f035f92c634835fc87246cca5c29bc10c	NA%NA%NA%NA%NA%NA	10
f3478a948dfd749658851c45d4408bb42523d8f0	NA%NA%NA%NA%NA%NA	10
6cf8a542520e0d4169f6354992ad1478e19daf1a	Annelida%Clitellata%Tubificida%NA%NA%NA	10
b5f0262b37bfd0a831e17000499fa18bc2f4429c	NA%NA%NA%NA%NA%NA	10
feb9067b6c69f8d5e1b27305ade688d3f0c1ea8b	NA%NA%NA%NA%NA%NA	10
88213e9dc842e17971cac347d2cec7d6cf0aa654	NA%Phaeophyceae%Ectocarpales%Scytosiphonaceae%Colpomenia%Colpomenia peregrina	1
e51239844086079c46828a7cc441b452ee52e1a9	NA%NA%NA%NA%NA%NA	10
9d378edd51f4598c4014f753065062edc9a5b012	NA%NA%NA%NA%NA%NA	10
d6c882c19e055cdd402d8bf00a64019307078184	NA%NA%NA%NA%NA%NA	10
5b576eee512e341b0913975b063395a1d4872c6d	NA%NA%NA%NA%NA%NA	10
be674511ee491f0c46e8c80e41c81482ef2aff8c	NA%NA%NA%NA%NA%NA	10
b6dc942ff0e33144e84f73d9c03d6506e02be27f	NA%NA%NA%NA%NA%NA	10
83801c8a3b9b18ccc704202dab380ec161ceaea2	NA%NA%NA%NA%NA%NA	10
2e2101282429a355b01677abef738fab90205e3b	NA%NA%NA%NA%NA%NA	10
9fb6c84d53682c250f063da34898f651cd9d4a90	NA%NA%NA%NA%NA%NA	10
9f592ef81958dcb1ebe6416528b4e328e64bde2a	Arthropoda%Insecta%NA%NA%NA%NA	10
d49e5392f25d63aa97db71c3cb3f0053e779c3fd	NA%NA%NA%NA%NA%NA	10
8e638df2e3fc7a561926fabbbaac62da6f6866eb	Arthropoda%NA%NA%NA%NA%NA	10
3cc8ad4bfd961faa78d8c5192f559da7239591a3	NA%NA%NA%NA%NA%NA	10
a4d0188eaa4a3141db93d7af262532d4f923aa4e	NA%NA%NA%NA%NA%NA	10
25a45522bf29907c9ee510ae497317206cc83064	NA%NA%NA%NA%NA%NA	10
c33421ef8566594945c2f597960db8abc410f40b	NA%NA%NA%NA%NA%NA	10
fa6c0bdd00eda61127cd5cdcd197dddfb69ba6fa	NA%NA%NA%NA%NA%NA	10
fca5fb291c2f53a71542d72760d5f2103ca94512	Arthropoda%Insecta%Coleoptera%Dermestidae%Anthrenus%Anthrenus verbasci	1
5885259fb49380368962ec3444d75d6c0d7d007d	NA%Phaeophyceae%Fucales%Sargassaceae%Sargassum%Sargassum lapazeanum	1
14d8fa49b09b49b4328ce0eed91a120eb7ba5de8	NA%NA%NA%NA%NA%NA	10
75b75bfaa80706e61b611f72a673b149e1827d88	Chlorophyta%Chlorophyceae%Sphaeropleales%Pseudomuriellaceae%Pseudomuriella%NA	3
2fc30e1779cd1452ac46e15408557adbbb1cb6b1	NA%NA%NA%NA%NA%NA	10
40816466581471064d4cfce152659e568273f145	NA%NA%NA%NA%NA%NA	10
67870de6cd0aefdf4b48a25d017d4d9c6bf0704f	NA%NA%NA%NA%NA%NA	10
731693f623696540fb623f4aca9a04c89f50d52d	Rotifera%Eurotatoria%Ploima%NA%NA%NA	10
93719a64247bab899580ec5f30247ddcf9cb52a9	NA%NA%NA%NA%NA%NA	10
9f3afa982bd4a06235c086f9e9a8af37dcc91d90	NA%NA%NA%NA%NA%NA	10
bd66b623a4443d117165bdfc8f73d4aa332d277b	NA%NA%NA%NA%NA%NA	10
8dd89bbf785b0bda10dc6308a1e9d099f9388f8b	NA%NA%NA%NA%NA%NA	10
b00e0ef4783416b167f264b3b07c0530da8aca5b	NA%NA%NA%NA%NA%NA	10
022675dc39d9d25458129e3f460f983e36484ce0	NA%NA%NA%NA%NA%NA	10
31edbc2b681e9071c4fb69108dbde2f8bbec9684	NA%NA%NA%NA%NA%NA	10
aebe6189fac90505a1bd414a281d925fb3588b6a	NA%NA%NA%NA%NA%NA	10
bc2493ea3be3468ef8c398f0c27557e229e40232	NA%NA%NA%NA%NA%NA	10
b80dbfa329426bb7be9bab69d79b1c00eca4c1ca	NA%NA%NA%NA%NA%NA	10
053a1ea9fa0ad7ca710d8adeb565187e538b6c58	NA%NA%NA%NA%NA%NA	10
354501c9248be1f0125168e459553f6f27e66981	NA%NA%NA%NA%NA%NA	10
414f198003926078d8cda4f71f078809bdf31bea	NA%NA%NA%NA%NA%NA	10
4eade767f9c1072aa1e44a80b6918c3af20e4ff2	NA%NA%NA%NA%NA%NA	10
83067541d7c4d2ee0303870f71b4d307dbf25e08	NA%NA%NA%NA%NA%NA	10
6b6335f1da2f08fd3fc02e106ca4dbd4047dbadd	NA%NA%NA%NA%NA%NA	10
a5903ca14c534a5215d0215f68071cce94b1b2a7	NA%NA%NA%NA%NA%NA	10
53e6b8cd0fb09af50d519ff5df68b6855514afdc	NA%NA%NA%NA%NA%NA	10
af96b4d4abb30474283edda5b1902d3af6389a2d	NA%NA%NA%NA%NA%NA	10
cf4cf66292003d26821836f062b189a36a6028d2	NA%NA%NA%NA%NA%NA	10
adec0ab12dad78d50f7f64b1ee92a402f1b724ae	NA%NA%NA%NA%NA%NA	10
d8acb6b834a2e3d1468da50f044d6ae4bc28fec8	NA%NA%NA%NA%NA%NA	10
ea471795c94f4ca7d9ddf79a35f505a2225ebf69	NA%NA%NA%NA%NA%NA	10
eaa1ca8893b45dc8e8f47ee6227b5eab6dd934fb	Arthropoda%NA%NA%NA%NA%NA	10
76d5db438b795faa3a3558be18bc2e32bc8c1ad8	NA%NA%NA%NA%NA%NA	10
176290e22bc830c20bfb4104e29a28a3fe7b5dc4	Rhodophyta%Florideophyceae%Ceramiales%NA%NA%NA	10
11e5f258e7fb8e09dd2c4ca2d7a2b2014b14be34	NA%NA%NA%NA%NA%NA	10
3954f5cd386399d9fa80d10ff5bbca00cda82f19	NA%NA%NA%NA%NA%NA	10
4d6d33cd7e1c2e536b6438d62516b9fe9e3676ca	NA%NA%NA%NA%NA%NA	10
895e6d5ec468de1ea4131d74fe1f77272bda651d	NA%NA%NA%NA%NA%NA	10
8a8e5aac3768b29d648237428cd5e0ff1084972b	NA%NA%NA%NA%NA%NA	10
a2233a7164d93f19678aadfade92bc6d9c20959b	Discosea%NA%Himatismenida%NA%NA%NA	10
c169037065a9f388674f4cbcce22db3c1511038a	Chordata%Mammalia%Eulipotyphla%Soricidae%Sorex%Sorex unguiculatus	1
e079b714e707a9ce823441c0c84ee75dd13fbd9b	NA%NA%NA%NA%NA%NA	10
e4ad2b3482d4f5fb64009dbae385432e40cc26a3	NA%NA%NA%NA%NA%NA	10
959e48ff7933329b235116aea488a7e50007e013	NA%NA%NA%NA%NA%NA	10
8ae23d7818562de60c7f24fd2a7a87283ef1e130	NA%NA%NA%NA%NA%NA	10
8640cc72b018a5ed3c904d15e0fe0ce72f0a2222	Arthropoda%Insecta%Hymenoptera%Vespidae%Vespa%Vespa vivax	1
15e0478745dafd7c918d6185a948934d78eea421	NA%NA%NA%NA%NA%NA	10
188e79bce4d17c44bab40e31c38f1f621ea0ba4d	NA%NA%NA%NA%NA%NA	10
30f666f2b7bcdeb1d2f7609a0c17a3215fdaa9ce	Oomycota%NA%NA%NA%NA%NA	10
96e3c811c01918584cd28efc979f2c3f424d83d2	NA%NA%NA%NA%NA%NA	10
4b0f209f861d3eea1348db4eaa2bdf8bb583b4e5	NA%NA%NA%NA%NA%NA	10
43e27f6b9cf822382f1efbd22c636e3082ade6fe	NA%NA%NA%NA%NA%NA	10
b774fa1a97a48a073ae2765cebd3443bacbbbf82	NA%NA%NA%NA%NA%NA	10
b804ca3b796282e587ecab203d0609d7804aabe9	NA%NA%NA%NA%NA%NA	10
b065c3e0fbe272564b8fb1ea42d8430f1f48e5eb	NA%NA%NA%NA%NA%NA	10
c07b01564af5c8cec0d923351c455e75e5f42cba	NA%NA%NA%NA%NA%NA	10
aa03ab2e00bbb2488e3e4eefdee159945f6b03f8	Arthropoda%NA%NA%NA%NA%NA	10
a07fedab766b8c34ee1fa338161e6700ccce9498	Arthropoda%Insecta%Diptera%Mycetophilidae%Allodia%Allodia zaitzevi	1
8d506486869b50bb34a50d0cccc25fc3d4f42426	NA%NA%NA%NA%NA%NA	10
820f64e534f5776516f7b32ab78e295b37ebaf09	Arthropoda%Insecta%Hymenoptera%NA%NA%NA	10
f284a143d9ec2d5800acfe8e1d973629d49e487d	NA%NA%NA%NA%NA%NA	10
ef8ddaa583095eb97b4b0a5b43b3e7194b3c18fd	NA%NA%NA%NA%NA%NA	10
da41cbdde6f4e6d8e422406938cf4b02a9a3e7a3	Arthropoda%Insecta%Hemiptera%Aphididae%NA%NA	7
d577fec610de11366ec13132a4fe3d8483b44eb7	NA%NA%NA%NA%NA%NA	10
eb7f36f6d939dc254de9367ebc058927b77fbfbc	NA%NA%NA%NA%NA%NA	10
eb5819f69511bb14b012fc2a9984eb470a145d2f	NA%NA%NA%NA%NA%NA	10
e99e9d5eb2d7ff844ddd974c92d64ea7eb765874	NA%NA%NA%NA%NA%NA	10
ea542e5cbe05acbf664075e9b36fe7ef9f58c93b	Ciliophora%Heterotrichea%Heterotrichida%Spirostomidae%Spirostomum%NA	3
cfe8c15e45b59cb9478a98af3e38fc2aa7117b48	NA%NA%NA%NA%NA%NA	10
cf8d5288ce22d7d58be702fb196cbde6a8d4c771	NA%NA%NA%NA%NA%NA	10
cf09c62294d7ec351f37f45c7fff9c4bd233face	Annelida%Polychaeta%Phyllodocida%Phyllodocidae%Eumida%Eumida alkyone	1
2e6dfeb374593802d4434e851b2e9e37cc82f791	NA%NA%NA%NA%NA%NA	10
1af1a9c6c1370971f214adef0d95854aa41771af	NA%NA%NA%NA%NA%NA	10
1e83728aad05eca38fba58730b196279eae803eb	NA%NA%NA%NA%NA%NA	10
1ee60cb0e3abf0902065d0d058051a3f7617353f	NA%NA%NA%NA%NA%NA	10
1f8c9875687a6ae18c7a4d65c798e9341d1cdb61	NA%NA%NA%NA%NA%NA	10
2e95b7d3683f6ac85327c3dabcb154f2b6098bd9	NA%NA%NA%NA%NA%NA	10
38baa635c0ce8323d8fa6b1631fb4d34a5633952	NA%NA%NA%NA%NA%NA	10
08c6fdf308b0a5ff97b3e86038759f57e2ef448f	NA%NA%NA%NA%NA%NA	10
0818a2b892a0b78d1d7e1e2c9355693ebf68fef6	Oomycota%NA%NA%NA%NA%NA	10
09d032e6e844f51632062b8b73e05fccacc3f636	Arthropoda%Insecta%Coleoptera%Mordellidae%Mordella%NA	3
6dec04d8e297c57d51919db8ffa421af017390ba	NA%NA%NA%NA%NA%NA	10
6a3e95dea40fb06790a95683ae0465a286ef3da1	NA%NA%NA%NA%NA%NA	10
7f0856269dd0744b8912fdadaccd2e878195982c	NA%NA%NA%NA%NA%NA	10
730100e0b094e44c97e9ed670b2f7df7dbb6e6a2	NA%NA%NA%NA%NA%NA	10
4af8b4c016afa4a1db082852ec2b4f52ca549cfe	NA%NA%NA%NA%NA%NA	10
5c5bc39a0756b65ecfbff9511da648ce93b1d6ef	NA%NA%NA%NA%NA%NA	10
579a85d86ac0076d6fcad765769a1ada2e8ff607	NA%NA%NA%NA%NA%NA	10
53a413aca06f20cfab65051072ec90ad004830f3	NA%NA%NA%NA%NA%NA	10
078fb6e30c325aaab6252beb25d67e26760d81c9	NA%NA%NA%NA%NA%NA	10
90555e19f0b8d975b7000c3ae64437182f2f3598	NA%NA%NA%NA%NA%NA	10
2462945993e775f549fdcac81f1d6581c65e579a	Arthropoda%Hexanauplia%Calanoida%Diaptomidae%Arctodiaptomus%Arctodiaptomus dorsalis	2
bd0d80da45522d124c114850539145a4263caff2	NA%NA%NA%NA%NA%NA	10
4bae1af7ecf9d93a712a2234c0018d632064bcdd	NA%NA%NA%NA%NA%NA	10
9fee38497ae5d4381caf4dafeee7087150b573fb	NA%NA%NA%NA%NA%NA	10
97410d9abd81fe742924c347b0f7327ff5c24073	NA%NA%NA%NA%NA%NA	10
e6b3b66d2f2cd7255f19400e5567aff78dedb8b5	NA%NA%NA%NA%NA%NA	10
b48cfce3498bdc0d2298a2634f9e8b0b261ab732	Mollusca%Gastropoda%Neogastropoda%Conidae%Conus%Conus parvatus	2
2c86ebed41b8e5977573674f754e8dd5ff77d797	NA%NA%NA%NA%NA%NA	10
ee40cb734e53231acd3972c5359c966d22424ef8	NA%NA%NA%NA%NA%NA	10
fad369845c33c481a3984671e2fdc8b31a50abbe	NA%NA%NA%NA%NA%NA	10
cac62e952c301592906273013728959a6f8f9e7d	NA%NA%NA%NA%NA%NA	10
a452dda5d5dc33268735601cb7f69a3205e4491c	NA%NA%NA%NA%NA%NA	10
7d09ee7b4be544825eb1924aae4993ab1424941e	NA%NA%NA%NA%NA%NA	10
58a9c71a37e1ed35f9c4f0b49f58f76fbd2c7cf9	Chordata%Actinopteri%Gobiiformes%Eleotridae%Gobiomorus%NA	3
59ec54e1ec6351b14e07c2ffdf66caf8d81c2d0d	NA%NA%NA%NA%NA%NA	10
07961e10c163747dd33c2eb7435564a6bfbc174b	NA%NA%NA%NA%NA%NA	10
05a21cdc9bb549d9caf799a8a3d5d9548b465398	NA%NA%NA%NA%NA%NA	10
8e3f5c5d201d966cae27fae1d72f1220bd2182f5	NA%NA%NA%NA%NA%NA	10
85eff71a77029f64fd96fa1de9b92921bd83de46	NA%NA%NA%NA%NA%NA	10
83ef39bdeff15360c7b4674a9006d7b00031ae5c	NA%NA%NA%NA%NA%NA	10
92930af1a7496e334df50002ccd1e690efca6973	NA%NA%NA%NA%NA%NA	10
9bd5c93532f2b3f9124210394193f20e3357aaab	NA%NA%NA%NA%NA%NA	10
db5e09cdff4fff673cd34b17424df4e4e41615c9	Mollusca%Gastropoda%Stylommatophora%Hygromiidae%Kovacsia%Kovacsia kovacsi	1
ff9da6cf97dbbb2abb813caff0d43984eee692e5	NA%NA%NA%NA%NA%NA	10
fc2719bfe50c0bf54c1e561eb2cb206498474eaf	Ascomycota%Sordariomycetes%Hypocreales%Nectriaceae%Fusarium%NA	10
c1ee9b2b70dc3d7f1e2509b55d3515ce63f16bb5	NA%NA%NA%NA%NA%NA	10
dd9f7c32c80071f80d476776dfb5c671b0023caf	NA%NA%NA%NA%NA%NA	10
a7fc62e52cc1793bf1a07d9ee90ef167f7d9cde7	NA%NA%NA%NA%NA%NA	10
d7af153ce6f523cdefaf6867a2455828299b5379	NA%NA%NA%NA%NA%NA	10
e054a14fee5176cda427dbc44b28ed1b5bc90485	NA%NA%NA%NA%NA%NA	10
aa8e1bff325de20eed9e52596bfed19e90e9b65e	NA%NA%NA%NA%NA%NA	10
b93b2c1717e0b62d1d5bbe8bf0251c63bf276659	NA%NA%NA%NA%NA%NA	10
036c4fbf6c9ec67ac33a240dcc8893483dda2147	NA%NA%NA%NA%NA%NA	10
082c1c2d513e2f45d8807c2b131dec4aba0ef775	NA%NA%NA%NA%NA%NA	10
1295c9225416ae924cc30f55eb09cabdcf5b0d7a	Platyhelminthes%Trematoda%Plagiorchiida%Haploporidae%Saccocoelioides%Saccocoelioides orosiensis	1
131b2514434d8a6f1343ec25eef8a3bada3ac01c	NA%NA%NA%NA%NA%NA	10
150c448a9fac25f1255ed75b1f38ddd16955ad64	NA%NA%NA%NA%NA%NA	10
1b163d3234baac82fe59ce680a2185fbdf7fc8c7	Ascomycota%Dothideomycetes%Cladosporiales%NA%NA%NA	10
1d9e3b468adf750fbf95a5392d590ea75e261af0	NA%NA%NA%NA%NA%NA	10
2127972ef44507404e0219e004ca4bf228e971a3	NA%NA%NA%NA%NA%NA	10
23ab4e22832383b8cc7ec7cc7d2b0d757b184fc1	NA%NA%NA%NA%NA%NA	10
6101fbf9960d342d8b78cb0042e419d1b37ad6bd	NA%NA%NA%NA%NA%NA	10
30572396c172d1bb400e2b437f9dfa4daca29711	Pseudomonadota%Gammaproteobacteria%Pseudomonadales%Pseudomonadaceae%Pseudomonas%NA	3
36a8fa0d41514790df1358a049855396ee42f219	Ascomycota%Sordariomycetes%NA%NA%NA%NA	10
3709f0ceb48416ec1c45dbbba9a5302da84b6bfe	NA%NA%NA%NA%NA%NA	10
3efa575fe0b27ff41c387707e2ba47b9780a0d07	NA%NA%NA%NA%NA%NA	10
3f75e24f719a97196d2a87d8243372a89eda2dd9	Ascomycota%Leotiomycetes%NA%NA%NA%NA	10
3f985e40e8bf1924e2e4a4c4f0d9efa730a3133d	NA%NA%NA%NA%NA%NA	10
412c25a8964f1b39ef36b7955c4b7cea07a15d91	Ascomycota%NA%NA%NA%NA%NA	10
45f53849fa1aa639ec7293f53e5182156dbdff64	NA%NA%NA%NA%NA%NA	10
5554fc285d219b901bf1258f9e138289eb9a4abe	NA%NA%NA%NA%NA%NA	10
56a89c279ef0ecb45f682f2c583a94ef885d1ae2	NA%NA%NA%NA%NA%NA	10
687301e19d471be9c8e1e4cf2f99f0d5f72b47c9	NA%NA%NA%NA%NA%NA	10
ad28360258fc0eaadc1caeba99859a14e62e3a54	NA%NA%NA%NA%NA%NA	10
a963fc40ea8efab52203aded45dc9a5ea7f36572	NA%NA%NA%NA%NA%NA	10
9b7c67564d1811444d5e8410d7ae3122790f5179	NA%NA%NA%NA%NA%NA	10
1d5d49d17580570193cd2c56d382c67133a12f35	NA%NA%NA%NA%NA%NA	10
3027c92151fa783735bc8611ba73c5bafdf3fab7	NA%NA%NA%NA%NA%NA	10
eb1ef04a48ddb623d833f24293af527d4103425e	NA%NA%NA%NA%NA%NA	10
ad8715f9e7d1ad24705555ec4be0e191fef90b42	NA%NA%NA%NA%NA%NA	10
bd68b6264b07687b203ecd5c7425411246f846b3	Echinodermata%Echinoidea%Spatangoida%Spatangidae%Spatangus%NA	3
9093d18270694c537bca71f87e1a3751c4488094	NA%NA%NA%NA%NA%NA	10
57db1a20180b440b9328e6fbc1adc37344c6ec03	NA%NA%NA%NA%NA%NA	10
5183fc64953a5ff0d3378bcc5c220958fe850f3f	NA%NA%NA%NA%NA%NA	10
6461ff5c2ba2a8b61a9da104e89a9b69f4d217bb	Arthropoda%NA%NA%NA%NA%NA	10
7fad2e2908687742173dbc19b66f14b3b1ae5569	NA%NA%NA%NA%NA%NA	10
af46809dd7cc5871c31a35f034d2f60ece2c313c	NA%NA%NA%NA%NA%NA	10
a91f78772e4e4ae1db9a6a2ac6ff2510643ff0b3	NA%NA%NA%NA%NA%NA	10
a300f86c207b02484a630fa60c5f757e43522e3b	NA%NA%NA%NA%NA%NA	10
bd0879ec119daa006273c7e29fae79c200876320	NA%NA%NA%NA%NA%NA	10
b4d6b81b138c012a0637368e013b69668e66d797	NA%NA%NA%NA%NA%NA	10
b411d16d6384749cf1e008b016a19c6703d22cd7	Cnidaria%Anthozoa%Scleractinia%Caryophylliidae%Gardineria%NA	3
9f1be57e887075f8d3843967ef27e023ff4e6059	NA%NA%NA%NA%NA%NA	10
9333f0df0bef37f942d66230ceef2be2a277e36e	NA%NA%NA%NA%NA%NA	10
fba7de75eca3c4641e4299690bb3859db4dfa7f0	Chordata%Actinopteri%Cichliformes%Cichlidae%Cribroheros%Cribroheros longimanus	1
f7c42546532f644705a11e4934906d5f1259f310	NA%NA%NA%NA%NA%NA	10
ca1c4ff4a53bb50a0ed84128059dc65f3acc1c3f	NA%NA%NA%NA%NA%NA	10
808f5c62b874b7cc9da049d1f9f929408169feb8	Arthropoda%Hexanauplia%Cyclopoida%Cyclopidae%Mesocyclops%NA	10
814e5eef3223f2772edb3a8452dc8cef955a8c2a	NA%NA%NA%NA%NA%NA	10
e19de6070e4bbda1079763c4046da4ea583a5739	Mollusca%Gastropoda%Neogastropoda%Conidae%Conus%Conus coronatus	1
e73eb432cc3354b017beb0af476062a2a7a78628	NA%NA%NA%NA%NA%NA	10
e7aca1bda04692702dac879638a2fd1ba98bc4ca	NA%NA%NA%NA%NA%NA	10
f23ddf49cc7e5ddffccbb67d3070a9e9a73a9098	Echinodermata%Echinoidea%Camarodonta%Echinidae%NA%NA	7
f36b975f62b738f6973fdaa0ae5cca10c7af2a9e	Chordata%Actinopteri%Cichliformes%Cichlidae%Amphilophus%NA	4
ce97841c7341211448aaf396c54f23fa8d903a8f	Porifera%Demospongiae%Agelasida%Agelasidae%Agelas%NA	3
ce71f692b7daca0126089d5ee1fc7683f3ae7ea3	Arthropoda%Hexanauplia%Cyclopoida%Cyclopidae%Mesocyclops%Mesocyclops edax	2
d05b6df00a075fa3e6cd510d221d1995d4d90f39	NA%NA%NA%NA%NA%NA	10
01729ecf3fb7f4c858c61d9f141a1c18d0e8e0d0	NA%NA%NA%NA%NA%NA	10
04c1a84f74da6daffcc6a0b522df310513b29a89	NA%NA%NA%NA%NA%NA	10
080d078ad8645cf8be8c8bdcccc68d52fdd954c0	NA%NA%NA%NA%NA%NA	10
08b216cd3f28e5b597d58d45144cb579d6a3a9f7	NA%NA%NA%NA%NA%NA	10
146188e6754a57b103c249c0b1c6d9cbee6058b8	NA%NA%NA%NA%NA%NA	10
1e8ed461aea419e59a585563d73ff52e6c916594	NA%NA%NA%NA%NA%NA	10
30cbc5542307196dba817035923db80aa6b755f6	NA%NA%NA%NA%NA%NA	10
103787da4a47fed1503849e40bfea27d56daebcc	NA%NA%NA%NA%NA%NA	10
11879b099c6c59a1928c5ea119ecda332567707a	NA%NA%NA%NA%NA%NA	10
22beb4f7caa538ab9e4a57e265c30533e39b5b2a	NA%NA%NA%NA%NA%NA	10
243f5236256f2e003253e9e184bfc07901d9a32a	NA%NA%NA%NA%NA%NA	10
2a1a1b1d2316c43998a92146cc7fe50cd06bb112	NA%NA%NA%NA%NA%NA	10
2c51b44218ea58c5dfb73e31b21cecaa2a90c31c	Bacillota%Bacilli%Lactobacillales%Aerococcaceae%Aerococcus%Aerococcus urinae	1
6e1f794af881a7e67e15a24c916e665d04649055	NA%NA%NA%NA%NA%NA	10
47d66216f7ae0903b0a9655e631ecff0f2f11c79	NA%NA%NA%NA%NA%NA	10
493b8dc5c0b86314d0069cbbe7f4e75254f43e1f	NA%NA%NA%NA%NA%NA	10
4e4e680ae39c33ab20b18fb032a9c30d6777617a	Discosea%Flabellinia%NA%NA%NA%NA	10
5a4406ecba5ae8635db90962bca8a3eb87a14d95	NA%NA%NA%NA%NA%NA	10
5995841aa1d941a7e6a8925affcfbb3f4ff6b852	NA%NA%NA%NA%NA%NA	10
3fea9c0ecea8ad4a65687361f448f46cf69df95d	NA%NA%NA%NA%NA%NA	10
3c6f47ec34041d1ce24bce000b28a7510a10cbee	NA%NA%NA%NA%NA%NA	10
3d297c2e6a13084714d513866f2324249ea2da51	NA%NA%NA%NA%NA%NA	10
1009b4302a27f8446ed7d9fcfe91a8a9c4c47ab1	NA%NA%NA%NA%NA%NA	10
b0ac7d9928fc8c0e3a2ead2113fd13db247f3079	Arthropoda%Insecta%Lepidoptera%Pterophoridae%Platyptilia%Platyptilia percnodactyla	1
8e3af3dc4f159d33186d3d066ee0470191e63d98	Rotifera%Eurotatoria%Ploima%Brachionidae%Brachionus%NA	3
c795b7d5b7cab0ae97832a979fcbc9c9c468b9f4	Annelida%Clitellata%Crassiclitellata%Lumbricidae%Dendrobaena%Dendrobaena orientalis	1
e83bd87367343784b9a3c2cd119fb7ef5e9aa39d	NA%NA%NA%NA%NA%NA	10
b0e898e20f7e99dd59d99cf3f44f54078c6a484b	NA%NA%NA%NA%NA%NA	10
4d4b5816492bc712c6d3987f3fefebc7ee309283	NA%NA%NA%NA%NA%NA	10
4d12bdeccc90d3ca2d5acf4108e571180909a42c	Mollusca%Gastropoda%Nudibranchia%Dendronotidae%Dendronotus%Dendronotus venustus	1
1db56829903b9eb13d4c1c1560420fcdf8435b61	NA%NA%NA%NA%NA%NA	10
e941d49904afdf0cbf350b23954c5cf03a42a5e7	NA%NA%NA%NA%NA%NA	10
e16998f7b1376826ddca48448f06c1d4fde79d90	Mollusca%Gastropoda%Neogastropoda%Conidae%Conus%Conus imperialis	2
e144a152f9d2469de367a79732b24be915e7fc49	NA%NA%NA%NA%NA%NA	10
b6227df62a4401cb9fed806bc0bd8a39fb269949	NA%NA%NA%NA%NA%NA	10
b0d7ca3a05003a8f3767b72266d6b0f537e7c68d	NA%NA%NA%NA%NA%NA	10
c1ae2b9d9437112ecf33307593e87ea4aa380466	NA%NA%NA%NA%NA%NA	10
2baf166c1c62cc6c844cb04a50aee9d634c1911b	NA%NA%NA%NA%NA%NA	10
5c925d8ee9e5838584085c118336e8b9bb1689d4	NA%NA%NA%NA%NA%NA	10
62ac396cbb0e56a1fbb8919e4a5ea28074cb7c39	Ascomycota%Sordariomycetes%Hypocreales%NA%NA%NA	10
73d6420dca2cbd496695dc6e28860381f56b16ca	NA%NA%NA%NA%NA%NA	10
7e28a893df0dad955a434ad3e0f640287fcc71bd	Chordata%Actinopteri%Cichliformes%Cichlidae%Parachromis%Parachromis dovii	1
81ab3eb3b9e2e71d81998d5e596a1774435478ea	NA%NA%NA%NA%NA%NA	10
affc7a166137462411cfefb96e79d677f48d0f0b	NA%NA%NA%NA%NA%NA	10
a1e492dcd18facf4bb572d4e4e92469cd37a43e9	NA%NA%NA%NA%NA%NA	10
a516ee597865e4744845415bf6364ca1f477dbbb	NA%NA%NA%NA%NA%NA	10
a5f9b66123c69bddba21f838e61e485a7be9258c	NA%NA%NA%NA%NA%NA	10
ae1f1faf12a4474d5d26533b67ddfea42c3c4b0f	NA%NA%NA%NA%NA%NA	10
aeb11164e98f1774c30d1a02763f0e0efb4d5d07	Ascomycota%Eurotiomycetes%Eurotiales%NA%NA%NA	10
af5cf45d91165adf5c6580992e843c7f9a63606f	NA%NA%NA%NA%NA%NA	10
8f67a8d42c06255f5f52656715694c0a0a364602	Ascomycota%Sordariomycetes%Hypocreales%Nectriaceae%Fusarium%Fusarium proliferatum	2
8b2dde742210e906a7040443f95c1db290c2ce34	Arthropoda%Hexanauplia%Calanoida%Diaptomidae%NA%NA	7
9c8ffe0eae8ede40e96e7fe17ca7cc2498f54941	Oomycota%NA%NA%NA%NA%NA	10
fe4241a2a3625fdfc4d0d47f2912284e241dd65f	NA%NA%NA%NA%NA%NA	10
81b7e4ea42d2e582b1c490c561416c1eb7613bb9	Bacillariophyta%Bacillariophyceae%Cymbellales%Gomphonemataceae%Gomphonema%NA	10
eedd90c05288a3d3716b1c560a27bf698188e137	NA%NA%NA%NA%NA%NA	10
faf81582d9cb7197c404ee7faeb96564d32d0ebe	NA%NA%NA%NA%NA%NA	10
910f2280a6707be1d13c07e90f7a3a7e063fe168	NA%NA%NA%NA%NA%NA	10
935b968d3f4b0ad08e6fada9b13669f661286890	NA%NA%NA%NA%NA%NA	10
97702157423e3cd3177e4abe19b46b12a57749f0	Basidiomycota%Agaricomycetes%Agaricales%NA%NA%NA	10
b650d2d2d659da2ef73d6b081c10c42681a4bfd1	NA%NA%NA%NA%NA%NA	10
ed0bda59e7eaa2324822d94a2c803635c47b85e3	NA%NA%NA%NA%NA%NA	10
ea484a08f84905cde2f7c0fe3cebad3b3e44385a	Ciliophora%Oligohymenophorea%NA%NA%NA%NA	10
bce371a4b4249d9dc30ea54cce8943f002a325a5	NA%NA%NA%NA%NA%NA	10
bddf012e4dbe77969929c0ae4cf3343183160b86	NA%NA%NA%NA%NA%NA	10
baa1c370fc289796371d84d0fe48b3c7359e1a93	Ascomycota%Sordariomycetes%Glomerellales%NA%NA%NA	10
ba9887aeefbe10ee386be564b61dfe1338120bb6	Ascomycota%Eurotiomycetes%Eurotiales%Aspergillaceae%Aspergillus%Aspergillus niger	1
c33f132040a987e0d26ecff184bade5d15a7588a	NA%NA%NA%NA%NA%NA	10
27bd7c4a7fbd831665af67fd40a2b866e5f93ce2	NA%NA%NA%NA%NA%NA	10
2890064f7a084a03e9950ce586759395483a12f2	NA%NA%NA%NA%NA%NA	10
1482f337135a3dcec8beae089a71ecefa7dbde1f	NA%NA%NA%NA%NA%NA	10
19038bd77f15354f4a3e9e6c0c53f19e98ff1fb8	Mollusca%Gastropoda%Neogastropoda%Conidae%Conus%Conus chaldaeus	1
31b466d3f00e68a2ea65e8f287c4b81aaff1a800	NA%NA%NA%NA%NA%NA	10
7f92f1e6b35357586858b4c44cc2d56dedadac9c	NA%NA%NA%NA%NA%NA	10
483be65fd747a70b5fc20c3375ff2a2ff12b803c	NA%NA%NA%NA%NA%NA	10
493408728dc7bb171c2d99bc8e2c5009558d489c	NA%NA%NA%NA%NA%NA	10
4cad288a5e1beabbd8096f511d6d2939619a8f38	Basidiomycota%Agaricomycetes%Agaricales%NA%NA%NA	10
5be65ff060fe8f1177e7c7218fe78814e91c04a7	NA%NA%NA%NA%NA%NA	10
596fe050069b68750a5206fb8c5eeeab2f9619cd	NA%NA%NA%NA%NA%NA	10
5555bbf5049adcd6cce483fcac0cd57e8af2655d	NA%NA%NA%NA%NA%NA	10
5210e50ba840a55a4050bd5c8d36d9db0a99fa54	NA%NA%NA%NA%NA%NA	10
63ffe60cb15fbcb3ec9f2090bf333da578b110aa	NA%NA%NA%NA%NA%NA	10
68024a922f86084c1e307eb4d1b1f5483bb7a24a	NA%NA%NA%NA%NA%NA	10
6829e0ffb5ad35fd1b9f485332d94aa868a1896c	NA%NA%NA%NA%NA%NA	10
3b31a7fe93dec9af91485140272b147d42a064a1	Arthropoda%Hexanauplia%Calanoida%Diaptomidae%Arctodiaptomus%Arctodiaptomus dorsalis	2
34cdbbb0a1524470d034ea9f51d067ce5fdeefd6	Oomycota%NA%NA%NA%NA%NA	10
69ece791d39e184cc42de0e93b39adf768e6c270	Arthropoda%Hexanauplia%Calanoida%Diaptomidae%Arctodiaptomus%Arctodiaptomus dorsalis	2
302b21dd2491938e1058b0a9feb056c1f71f94e3	Arthropoda%Hexanauplia%Calanoida%Diaptomidae%Arctodiaptomus%Arctodiaptomus dorsalis	2
eaee3c8547972a72682a0edb9543541dfc96893f	Arthropoda%Hexanauplia%Calanoida%Diaptomidae%Arctodiaptomus%Arctodiaptomus dorsalis	2
eccfbdefc30b6fb4a2c0ade1bfc61f9c5687fd03	Arthropoda%Hexanauplia%Calanoida%Diaptomidae%Arctodiaptomus%Arctodiaptomus dorsalis	2
f2fd076c95c4f66ad5f3599ab76414aa56a76703	Arthropoda%Hexanauplia%Calanoida%Diaptomidae%Arctodiaptomus%Arctodiaptomus dorsalis	2
c84019998402d0a7b3c48ffdf06097c4f9ae167d	Rotifera%Eurotatoria%Ploima%Brachionidae%Brachionus%NA	3
d9a25a7592ffce4c7955686cabe16d98b1fe59a1	NA%NA%NA%NA%NA%NA	10
42c44de1a23e272e038f5cdcd6bde3781448ae40	Arthropoda%Hexanauplia%Calanoida%NA%NA%NA	10
ca2f798f6de95fc0496fef6ebf7574fcf7d0eb9f	NA%NA%NA%NA%NA%NA	10
21d6b8fc9b3106561fc298b795276a16914dba6f	NA%NA%NA%NA%NA%NA	10
3af096363875ca3a7f3fc45e7e016924309c8dcf	Mollusca%Gastropoda%NA%Planorbidae%Menetus%Menetus dilatatus	1
e913b08ce0d2349c7f63fa24b0b81c2431cc4c1e	NA%NA%NA%NA%NA%NA	10
18062d33921ee99a742c9e97b1413c17b0a744f2	NA%NA%NA%NA%NA%NA	10
bc3141d126ed1ed5e1bb7187ffcc3efdbefb95a6	NA%NA%NA%NA%NA%NA	10
b8e3a376f63504b3b24ec98549b3ddbbc32db9f9	Chordata%Actinopteri%NA%NA%NA%NA	10
afd3c896c612a36bcac2a4e986fd5c24847de128	NA%NA%NA%NA%NA%NA	10
2f3a75bcca1c21d5601ad8b80e13a207d44291cd	NA%NA%NA%NA%NA%NA	10
6f74d5c5c9c79fd79808730039932c9aab7e8a12	NA%Dinophyceae%Thoracosphaerales%Thoracosphaeraceae%Thoracosphaera%Thoracosphaera heimii	1
a4db981ef125d8772e2164175f4582498e8321ab	NA%NA%NA%NA%NA%NA	10
a4babe19c052db6fb81cc9bb9d95404d8238d1db	NA%NA%NA%NA%NA%NA	10
a20284163f25c25012834c2375c917d3d70d27f4	NA%NA%NA%NA%NA%NA	10
a0d9dfb7495d2a6fb74c47d43fdac5368707ef64	NA%NA%NA%NA%NA%NA	10
9eefc87944653b1998620bdc9367f12947d9e46b	NA%NA%NA%NA%NA%NA	10
979411e324d5a20080d784cbc1c3e34c1886c86d	NA%NA%NA%NA%NA%NA	10
982d2e366c04126658b3b78c467a1f2c9907857e	NA%NA%NA%NA%NA%NA	10
94c7db6058b0e7844353b39166083c5c82083e1e	NA%NA%NA%NA%NA%NA	10
7b9d88f52ec55b0d15eb621a690c62f5b08516a3	Bacillariophyta%Bacillariophyceae%Bacillariales%Bacillariaceae%Nitzschia%Nitzschia palea	2
7b94969cfc6ab436497f6e8796611d00d56ddeab	Chordata%Actinopteri%Cichliformes%Cichlidae%Hypsophrys%Hypsophrys nicaraguensis	1
7956c5b26d5f0b8673ce370e5ede5a9bc189a40d	Arthropoda%Hexanauplia%Calanoida%Diaptomidae%Arctodiaptomus%NA	10
f7a22cdbf73038f1d571a99f7f3a7c7067fcb155	NA%NA%NA%NA%NA%NA	10
d76fa4807f4be0ba5c3bbe10b937845cb8333613	NA%NA%NA%NA%NA%NA	10
f356fa1702d6f7b48536c592c01eadeb8bbaabda	NA%NA%NA%NA%NA%NA	10
7868da5c0eb428dda6f8b8b895c442d563d9779c	NA%NA%NA%NA%NA%NA	10
8b1bc12b0af400c71aaaa4d32c127d03013fee24	Oomycota%NA%NA%NA%NA%NA	10
c9053005c7d671ad3b80620cd0f2d8c2253d9f30	NA%NA%NA%NA%NA%NA	10
ce298b2ed9c87d6a93359c76ccc170c2bf6c0eb9	NA%NA%NA%NA%NA%NA	10
d09f25f471af8b8f58d18732674d606e93cf6a12	NA%NA%NA%NA%NA%NA	10
bb6bdff94d19908d14bfa238f3f231706b8e122c	NA%NA%NA%NA%NA%NA	10
e8862790e6d8dbc6e49eb1ca880ce251d780d6c5	NA%NA%NA%NA%NA%NA	10
b6f562c76d47d017114026aab1e3d12299b26f77	NA%NA%NA%NA%NA%NA	10
29055b49ef10efa293bd190bc96a25c74cf8089b	NA%NA%NA%NA%NA%NA	10
40e4263e2712339bdb18ccdb67072fe85fe1ad24	Arthropoda%Insecta%NA%NA%NA%NA	10
40bcd4036ffdb489967b5e18c19ce5331ea3e485	NA%NA%NA%NA%NA%NA	10
1d1eae30c3e90f23484c5f7baf6c790d5b7b9a51	Arthropoda%Insecta%Diptera%Chironomidae%Cladopelma%Cladopelma forcipis	1
2d3fd907f89447391f823a34ba161b0b408f7943	NA%NA%NA%NA%NA%NA	10
4105e91e1bc45d13ed6416ce916321929e2af8bf	NA%NA%NA%NA%NA%NA	10
24897f042e72692e6d95f3fb318e02f3e088c58e	NA%NA%NA%NA%NA%NA	10
3094a27f651e1a1b8a783f7da04e5fef09109167	Ascomycota%Eurotiomycetes%Eurotiales%Aspergillaceae%Aspergillus%Aspergillus campestris	2
30b22126f97f5e55accbdabc880eebb91a1bab50	NA%NA%NA%NA%NA%NA	10
3754bafbe39a3e3c88cfd3931389554b18b68315	NA%NA%NA%NA%NA%NA	10
37c9882a02d25869a44810958336efe216b361da	NA%NA%NA%NA%NA%NA	10
07312d8428b6325f545bd80220b0e0f2a88f147c	NA%NA%NA%NA%NA%NA	10
4387d6b357a1a7e5e3756acd1726fa0165ce2e68	NA%NA%NA%NA%NA%NA	10
686fd809efec911c7c79ede678b3188f67746b99	NA%NA%NA%NA%NA%NA	10
66f2847b0ea99591889d1fab2e332e0b7241da61	NA%Phaeophyceae%NA%NA%NA%NA	10
64bdba6bbb9cef2e68f39cb6a4339a49987978de	NA%NA%NA%NA%NA%NA	10
70c5a201f4792a1a74ee20b202b8fb0beeb128a9	NA%NA%NA%NA%NA%NA	10
4a8c95cdb7d47429fb5153608f312d717fe3212b	NA%NA%NA%NA%NA%NA	10
498a47176f9c567be45494dd24f18b9f40f2968b	NA%NA%NA%NA%NA%NA	10
557587b145635ce71719695ed6dc971face73dbc	NA%NA%NA%NA%NA%NA	10
57903045e4e2d0914127061b6175e3ae8bc1c4d5	NA%NA%NA%NA%NA%NA	10
5ef5a74f7437260a8a46139d0b03ea320e4e5b37	NA%NA%NA%NA%NA%NA	10
50325900544d6505746d4679cc33606b30117f2d	NA%NA%NA%NA%NA%NA	10
77859e494d950be49fad8814cb98e96f1791e377	NA%NA%NA%NA%NA%NA	10
9199d5d6dec6ed29e69cb56c9aca9fa44bdd3484	NA%NA%NA%NA%NA%NA	10
a5708b91cfd395e28583b1bc755a1787e99e5799	NA%NA%NA%NA%NA%NA	10
b9d32327b5dbdefe3b7ae3105c79e7f657c525fb	NA%NA%NA%NA%NA%NA	10
88201d6a2d364ca55a210b401ed4e3264dce88df	NA%NA%NA%NA%NA%NA	10
a633ddc691308c5b5dc3cbd8f6259308329d1cc7	NA%NA%NA%NA%NA%NA	10
a7f1b15416f1141aac3d1322c933b4734d316491	NA%NA%NA%NA%NA%NA	10
07a83f22ac8465ec1ab61922567e60d1aab61779	NA%NA%NA%NA%NA%NA	10
db816f4015adee5067b1a5695168f4cf7d65bd02	NA%NA%NA%NA%NA%NA	10
2690a185f42709f6dddda901bd217f9ec383147c	NA%NA%NA%NA%NA%NA	10
a35065b8170cd4a729ef840d574fc3433cfc8131	NA%NA%NA%NA%NA%NA	10
237778d76ed9e50afb5a98314230ef2a53f750ac	NA%NA%NA%NA%NA%NA	10
dca2718b279413c40efe0219b26ec0a685e55129	NA%NA%NA%NA%NA%NA	10
be9503a768f98026e1164832b6a6e2f0788a681e	NA%NA%NA%NA%NA%NA	10
ff2a80ee484494d027918b41ffee465012bdd3ae	NA%NA%NA%NA%NA%NA	10
ac749122f6e0aebba527025b0c98596f71175978	NA%NA%NA%NA%NA%NA	10
7e6c7824c0ee7e7fd8441552432274610b7ce05a	NA%NA%NA%NA%NA%NA	10
0689d18100d40b5e3d2e981f2e0261fe11879ec3	Arthropoda%Insecta%Hymenoptera%Apidae%Euglossa%Euglossa fuscifrons	1
6188c2cf4a67613d8983fe68fa0f70d03d72c838	NA%NA%NA%NA%NA%NA	10
a36fa7a248e5c67009250dc777e4ddd0bd31d5d2	Chordata%Actinopteri%Atheriniformes%Atherinopsidae%Atherinella%Atherinella hubbsi	1
164e3740b5df8ed38a746b9a23d01e55ade877b9	NA%NA%NA%NA%NA%NA	10
c4adace17d22e6851d4ab2edcf7b587fcb9e17e5	Chordata%NA%NA%NA%NA%NA	10
c598385f4cce71e7cc1b63919fbd24d7419cf349	NA%NA%NA%NA%NA%NA	10
c1fd2b175fb19a027a1eae6fff1600943d65dda2	NA%NA%NA%NA%NA%NA	10
c83e9ac675e6fae27baa0971e043775be1b926a5	NA%NA%NA%NA%NA%NA	10
c8d8f28beae59956635ebefe30b010b3f10e7158	NA%NA%NA%NA%NA%NA	10
cd56f1addc516d817a5959d4029c25ed466dfee2	NA%NA%NA%NA%NA%NA	10
d08187f79d5399d201ee5e11e4c837fe8a09a047	NA%NA%NA%NA%NA%NA	10
d53e40e0c4c2cb773ba91b5f2ab89781012da880	NA%NA%NA%NA%NA%NA	10
afcc7593c2e40bc2453290c609b7583ff9b7a126	NA%NA%NA%NA%NA%NA	10
a6805f8699c9482642eb545fc2e2240654bccde6	NA%NA%NA%NA%NA%NA	10
b7f1f4cda5c927bed659d89bbe17350237e80a07	Arthropoda%Hexanauplia%Calanoida%Diaptomidae%Arctodiaptomus%NA	10
b896b73d0b90207f6b8f899d4959581e8382217a	NA%NA%NA%NA%NA%NA	10
b4bc35f2007da23f1e96b69814f1e3fd41f35d3e	NA%NA%NA%NA%NA%NA	10
b099ac0073dbdffbaabf09d2a2cb15aa60912e31	Arthropoda%Hexanauplia%Calanoida%Diaptomidae%Arctodiaptomus%Arctodiaptomus dorsalis	2
8e4b5564d4084c719a2f45c1a474cb762a00c1c6	Ascomycota%Sordariomycetes%Hypocreales%NA%NA%NA	10
ece7b9956180f74d78b77e00d62fa8812a894780	NA%NA%NA%NA%NA%NA	10
98c7732a9a9e1d024066de83dd9eb950ea16997f	NA%NA%NA%NA%NA%NA	10
954a0c470334baf69c39176edaded47e0d0b9607	NA%NA%NA%NA%NA%NA	10
9396c985b5ad33fc3a002f16efd3fab55c4c78c6	NA%NA%NA%NA%NA%NA	10
9314a0669db9904b616cc08ae30c1cb7058c3a3f	NA%NA%NA%NA%NA%NA	10
ee899632b49ba6200a2cd9630c9f50185bef4b8c	NA%NA%NA%NA%NA%NA	10
eb72a2426573a56070fa20fab76eeedaa58de0b9	NA%NA%NA%NA%NA%NA	10
ee355238c90842a744d6b06801a3d848fbfd2c6f	NA%NA%NA%NA%NA%NA	10
ec0b4383515bb5e776377396ef541686c0f8d8d6	NA%NA%NA%NA%NA%NA	10
e8ee4e24c738cd9237acbe303e3850cdd84d495e	NA%NA%NA%NA%NA%NA	10
e37ff5f141e0ef17c7ec668f5468836d2bf53786	NA%NA%NA%NA%NA%NA	10
e0d7d01abe3eab9dee52805ff72dee5543061192	NA%NA%NA%NA%NA%NA	10
f0e36b6f17102d21019bb2e60cbcd231a0a7fd5b	NA%NA%NA%NA%NA%NA	10
9007b7a124784076c197c8b622c0b269fc245132	Rotifera%Eurotatoria%Ploima%NA%NA%NA	10
fd75b200eb6147ecb83126a7655ed6fe387a2ef3	NA%NA%NA%NA%NA%NA	10
fd9d400bb3b858501f5b2a1437f9103193a87795	NA%NA%NA%NA%NA%NA	10
f89a7cec8ace5e2ed755d8ee934fe921c716010e	NA%NA%NA%NA%NA%NA	10
f36964c6a160eac462c7f3d4ef9edb14cf38c84e	Arthropoda%Insecta%Hemiptera%Cicadidae%Tettigettalna%Tettigettalna helianthemi	1
f189ae2eab048562e100f1614993398510d70472	NA%NA%NA%NA%NA%NA	10
f19e024df521fc5612eecc8b29b32606b0b3c6ef	NA%NA%NA%NA%NA%NA	10
de2e225961b344ece705c4321d6e0306c03810e6	NA%NA%NA%NA%NA%NA	10
d88f29215430a8ef208c3c3c5238f7079a1487a8	NA%NA%NA%NA%NA%NA	10
31e2e81d52e5009a082bd6419b4a672181d4499b	Bacillariophyta%Coscinodiscophyceae%Thalassiosirales%NA%NA%NA	10
31a022d9e08c45ccebb43833a062d06e90f55a08	Rotifera%Eurotatoria%Ploima%Brachionidae%Brachionus%NA	3
4ac2eef782706f7da64137a797107c4ecbe2e75c	NA%NA%NA%NA%NA%NA	10
4a5a1b4f8fca6b032d43c1ec584712bfae7a7ddb	NA%NA%NA%NA%NA%NA	10
43a52f096d685f49b7efd58be04507b97a2e271b	NA%NA%NA%NA%NA%NA	10
1ed3e9903f92fb7d4e27dc4b36576b86d1601396	NA%NA%NA%NA%NA%NA	10
1a79cfd74267088e4cb98da0c969b36f64c08b52	NA%NA%NA%NA%NA%NA	10
1a2a8f7b7dce36c601ca8663894a8fa4f43e16b8	NA%NA%NA%NA%NA%NA	10
15bbb50d2b1f7e44b59b530855f24e69c2cc54ba	Rotifera%Eurotatoria%Ploima%Brachionidae%Brachionus%NA	3
14fe56028113e6dd0c2c639c42448929cccc3305	NA%NA%NA%NA%NA%NA	10
119256d56ce4d851cae28761bd84dc2061006e4d	Arthropoda%Hexanauplia%Calanoida%Diaptomidae%Arctodiaptomus%Arctodiaptomus dorsalis	2
286f3250eae1b3700440821609f9f7337128e30d	NA%NA%NA%NA%NA%NA	10
23b87c071882da8af3822bf0f999b05ef5f7bbcd	NA%NA%NA%NA%NA%NA	10
0bab546051536540857a90c08e90e01e5a55b848	NA%NA%NA%NA%NA%NA	10
0c26a5d43047ee6ca144fc71116c7ed81b807f6d	NA%NA%NA%NA%NA%NA	10
7d7c5b864bb3ce55a9d2d1edaf718467bc3c5806	Arthropoda%Hexanauplia%Calanoida%Diaptomidae%Arctodiaptomus%NA	10
7b868971577158ff99a132f52b4edde0e5468c29	NA%NA%NA%NA%NA%NA	10
76764e486a54fa641942549a86486e31693b1454	NA%NA%NA%NA%NA%NA	10
7170ac83a419eae19f9fe8ca1a48af105c699f62	NA%NA%NA%NA%NA%NA	10
733641ff986230c333377f6fc15bb212ba6cb6e5	NA%NA%NA%NA%NA%NA	10
742cefc279b3df7bbf024633485ab4d27cfd7c29	NA%NA%NA%NA%NA%NA	10
8c9f82055d6bea84e3f11f238f77e4804690dc36	NA%NA%NA%NA%NA%NA	10
8c4617e713eefdfe131d5682a3608c1c3fc1adaa	NA%NA%NA%NA%NA%NA	10
88f867ec8da2128f0767393be9e990d7115c4666	Oomycota%NA%NA%NA%NA%NA	10
86324185699aacf6789a8ffc80ea85ac6751631d	NA%NA%NA%NA%NA%NA	10
81d88684d560613bc654be6a67605e11326d624d	NA%NA%NA%NA%NA%NA	10
5dcf7c4b0d9d0b053b4f1c48885e5b848bbd29ad	NA%NA%NA%NA%NA%NA	10
5b01600264b42471b7ead7219659379133d9d9a1	NA%NA%NA%NA%NA%NA	10
58cf243155dace81ad355b4fdb67d33c271da2d4	NA%NA%NA%NA%NA%NA	10
5969845e796943b7ce591d80859ac771fa3993c5	NA%NA%NA%NA%NA%NA	10
505ac09b1ef68e1a1939c984a448d110e0e7c380	NA%NA%NA%NA%NA%NA	10
6e9f2670e90c2180a976fe5513b768b54a0c0ce0	NA%NA%NA%NA%NA%NA	10
4f4e89466684ac77f61553e648020c13ae555205	NA%NA%NA%NA%NA%NA	10
25003d0d6f96104c9fb0e769bf96b5c98232a818	Chordata%Actinopteri%Cichliformes%Cichlidae%Hypsophrys%Hypsophrys nematopus	1
fc8192c6d9cb6f7ca6d5a98637166ba4c8b8648a	NA%NA%NA%NA%NA%NA	10
151373433145226aa364cebe5187b0a0e2aebcb4	NA%NA%NA%NA%NA%NA	10
4487acec7c6446176f81b9decf61cd3093c1ceaf	NA%NA%NA%NA%NA%NA	10
51fc827671533b2b4c60223c74d3d52d0d1ad992	NA%NA%NA%NA%NA%NA	10
1a1e16fd20c59cd68cfa83e570721c1bd3ea4832	Ascomycota%Sordariomycetes%Hypocreales%NA%NA%NA	10
6765b1f49c9c27bb758fae15eff64e95d386f700	NA%NA%NA%NA%NA%NA	10
1fe41b478e2d5b30dc95ffb5cd94b9fd9470b83f	NA%NA%NA%NA%NA%NA	10
2e6657d50a0b5183352f874e3a871e21b3d2c35f	Ascomycota%Eurotiomycetes%Eurotiales%NA%NA%NA	10
31c12c2ff9881a579dd9851b65533c74db1a54e1	Arthropoda%Insecta%NA%NA%NA%NA	10
c7a666d9d9d289b450ade798fdfb2f4eb6058d77	Bacillariophyta%Coscinodiscophyceae%Thalassiosirales%NA%NA%NA	10
c369af3f1b3ea3e4eddf09f29364f04765ea9b10	NA%NA%NA%NA%NA%NA	10
c42c861a41f7aa3b541c2757bc1022fe3790badd	NA%NA%NA%NA%NA%NA	10
c05c6b15b9c106a04cfd9a61d7187ae8a6f7894a	NA%NA%NA%NA%NA%NA	10
a041f3d1d9627505f6e327d188e0c9e87b970b4a	NA%NA%NA%NA%NA%NA	10
a02c920585159ae66689eee1a07f9fb30f6f699d	Ascomycota%Eurotiomycetes%Eurotiales%NA%NA%NA	10
b35b35930327645ba396428cb792e6d5073926df	NA%NA%NA%NA%NA%NA	10
9e8c5e2bac801d1ed9bdf1aa9b4f9431338eee92	NA%NA%NA%NA%NA%NA	10
962905a36a1bba7ff8b0c89283e878bb381d6845	NA%Phaeophyceae%Dictyotales%Dictyotaceae%Dictyota%Dictyota humifusa	1
c8231c37afbc191b2801ca19e96325cab31c4829	NA%NA%NA%NA%NA%NA	10
c9776afbf4fefd9d6d1a8ca441e6c598054e5c15	NA%NA%NA%NA%NA%NA	10
d5e6b1d95e41a789db37ce812b39b4dae009a767	NA%NA%NA%NA%NA%NA	10
dd6d2f6bc3e7b839fbf3313691462141743eb20d	NA%NA%NA%NA%NA%NA	10
e3c26ae20433cad0d0c33d6cdb847093ad800d5e	NA%NA%NA%NA%NA%NA	10
e68926f398e58139ef68f1a4cfda10df923208f1	NA%NA%NA%NA%NA%NA	10
e7d1307ec7432911f9a83aedc62a19806f97a2da	NA%NA%NA%NA%NA%NA	10
ec1fd7759870455298f2156db606bc67a3004545	NA%NA%NA%NA%NA%NA	10
f362541870dc7271a439c8c0e41275caef2ae8e8	Chordata%Actinopteri%Cichliformes%Cichlidae%Hypsophrys%Hypsophrys nicaraguensis	1
fb50b17bb60d88076acedcf515b00da30bbcc0a3	NA%NA%NA%NA%NA%NA	10
fb91aefb7afeb2e5db8b9add0a2e2273902b6471	NA%NA%NA%NA%NA%NA	10
2a12ee912d65f39acb65c2469530413f6cad4d5b	Arthropoda%NA%NA%NA%NA%NA	10
0348147b81502ff535a43921988c08e7f25480f3	NA%NA%NA%NA%NA%NA	10
0d4cdff14b4e0210cb6360255943a2fd89afb3df	NA%NA%NA%NA%NA%NA	10
24cbc031f57c82b18bc70567c2364f751e97b245	NA%NA%NA%NA%NA%NA	10
25a5ec88fa22b6a36413eb0fe4e92bcadbf69a7f	Bacillariophyta%Coscinodiscophyceae%Thalassiosirales%NA%NA%NA	10
91f8bf28791fb9e005ab3da63e09583f77da8134	NA%NA%NA%NA%NA%NA	10
37b735fb68bcec237910792172e81916fb551a51	NA%NA%NA%NA%NA%NA	10
38ff1e4ec18ace747557666b31bb3196cac6a9b3	NA%NA%NA%NA%NA%NA	10
411c1ae76cf8292645712a9278d724f3886f2a82	NA%NA%NA%NA%NA%NA	10
5683759a0841cc38b796f6b0c04865d9cbf0523a	NA%NA%NA%NA%NA%NA	10
5c7d1eb4c422f24f5179d29ffe6584d0fa148e37	NA%NA%NA%NA%NA%NA	10
64247680818480673c6a8c883f2ca57daf603a71	NA%NA%NA%NA%NA%NA	10
759f4bce9a2d23ff15d238db5999695cd1a8a7ec	NA%NA%NA%NA%NA%NA	10
89768c4d4b660c1b9100a6a76573894a8683a97e	Oomycota%NA%NA%NA%NA%NA	10
e717a33ebcfa1c2766920284d939139e0ed7111c	NA%NA%NA%NA%NA%NA	10
eadb483dddc9c743945efba6c657d3840a71180a	NA%NA%NA%NA%NA%NA	10
3825aa8f6842e72a2b6273fe2d143e3f0d9f0492	NA%NA%NA%NA%NA%NA	10
9879611f441f193de22b32abd155e1f25bab3a04	Porifera%Demospongiae%Verongiida%Aplysinidae%NA%NA	7
5659a91c8cd56413a78903c811acb2e3d468c3e9	NA%NA%NA%NA%NA%NA	10
7a8d821e9677093059bc44318f78b4c07d55b5a9	NA%NA%NA%NA%NA%NA	10
36df788f9841dece04adc0efa4408637de49f82e	NA%NA%NA%NA%NA%NA	10
ab7048c1709457d5d44451580c26140f028a4936	NA%NA%NA%NA%NA%NA	10
fe15cfac0c76fa1ec6a9ee59293e252c6cb7b486	NA%NA%NA%NA%NA%NA	10
c6187493a411d29b7d1dab8e71f439e47190becf	NA%NA%NA%NA%NA%NA	10
10bec9a35dfeafa1dedb109cb0904507e86524c1	NA%NA%NA%NA%NA%NA	10
a4ce8b5218d96a12a96b34c0523570d6f05a9a72	Arthropoda%Hexanauplia%Calanoida%Diaptomidae%Arctodiaptomus%Arctodiaptomus dorsalis	2
b80136f7b32767f2955f9151e4bfd8d518a35f97	NA%Dinophyceae%NA%NA%NA%NA	10
d2437d4556729155b123a4d1c9600d6856981dc4	NA%NA%NA%NA%NA%NA	10
184da7d4ae06a690129af0d99c51dd0ca33de13b	NA%NA%NA%NA%NA%NA	10
971a57d334c27301f1316a0cc31f33229df9ab64	NA%NA%NA%NA%NA%NA	10
bca1115a1fb1b010b88218a7730fac0f08d21f1a	NA%NA%NA%NA%NA%NA	10
3137ccec8ade55c7998dbc24e77d20c299fa2331	NA%NA%NA%NA%NA%NA	10
a82fc59fda7f3b8cc41822a0652965b112731a02	NA%NA%NA%NA%NA%NA	10
39c079ed6ef3c8e48247ef1e2edc8ce6464e7c75	Arthropoda%Hexanauplia%Calanoida%Diaptomidae%Arctodiaptomus%Arctodiaptomus dorsalis	2
f313c1f92d49ef2859f3cf6d8b6f82e048004f27	Arthropoda%Hexanauplia%Calanoida%Diaptomidae%Arctodiaptomus%Arctodiaptomus dorsalis	2
626d0f75e5df8641c38e4f3e9873e31cf695d62b	NA%NA%NA%NA%NA%NA	10
0eb908eb67b6934fcfcf7704f173b548a0cbed62	NA%NA%NA%NA%NA%NA	10
5383949e59e9c06ef4eca75d26a3a70009dc5dcf	NA%NA%NA%NA%NA%NA	10
61f49913b65ce8faabeed02db9ed868db007f358	NA%NA%NA%NA%NA%NA	10
6d9758db1cda37f74bcdc7842668d57933b43f38	NA%NA%NA%NA%NA%NA	10
748c2f0c94a872f21c899635b5e28009e8541578	NA%NA%NA%NA%NA%NA	10
80ca2e47c9345b980079deccda4302e575a343a7	NA%NA%NA%NA%NA%NA	10
44d56a8540cba69230ebf9f354e4c3fc0bf1c2f3	NA%NA%NA%NA%NA%NA	10
1555582f797e4693f68a5609841da652c2083c48	Arthropoda%Hexanauplia%Calanoida%Diaptomidae%Arctodiaptomus%Arctodiaptomus dorsalis	2
7c20a597624954f70c2221dd2ddd6a18a75f0d9d	NA%NA%NA%NA%NA%NA	10
3e0f9f450a698ecd9694bd1efc8e1ac98197740f	Arthropoda%NA%NA%NA%NA%NA	10
75d43dfc289503af0243dc747815507d21f6d3e2	NA%NA%NA%NA%NA%NA	10
5f09a27d098827b402df72a6c1d30611f039dbcb	NA%NA%NA%NA%NA%NA	10
f834ce2986210b0be666fd93d8ad23397962ea4c	NA%NA%NA%NA%NA%NA	10
c142500bd035f3890b31dffa7f726b680b41e415	NA%NA%NA%NA%NA%NA	10
dbc015abbb673a623b30766aff9a51f64eeb3fcc	Ascomycota%Leotiomycetes%Helotiales%Discinellaceae%Articulospora%Articulospora tetracladia	1
eefa0c68f64b1f7e79d01bc921682adab35f5844	NA%NA%NA%NA%NA%NA	10
88a18919c36066ab9ed009c65ab33ae826aca9e1	NA%NA%NA%NA%NA%NA	10
d5964bc008869a1da247c958b9d786f327dc3185	Ascomycota%Eurotiomycetes%Eurotiales%Aspergillaceae%Penicillium%NA	3
61f619c5d5989afae225fd1976f65b6fae4f7e5b	NA%NA%NA%NA%NA%NA	10
61c029184bb1c4a167194cf1ad1508fccf3993bc	NA%NA%NA%NA%NA%NA	10
00ad37d78a1299576305cac6b22debdf1a018f39	NA%NA%NA%NA%NA%NA	10
28c8b0634c6c4516f8139563802f82ba9b30c845	NA%NA%NA%NA%NA%NA	10
da8f89f790549c6f0dca07f348a5201e6f759dfe	NA%NA%NA%NA%NA%NA	10
e283c1a9a6ae643ab745daf127076cf312a597aa	NA%NA%NA%NA%NA%NA	10
cb5af4aaed387c361da02f0564a7f997da67f138	NA%NA%NA%NA%NA%NA	10
ae57911139a03a9594e95d19d575c2b9f915d01e	NA%NA%NA%NA%NA%NA	10
11c21ef0fce0e70bc0439dd023a46a1663392f0b	NA%NA%NA%NA%NA%NA	10
12ae0761813c33602c790657647081d9df8d4e12	Arthropoda%Hexanauplia%Calanoida%Diaptomidae%Arctodiaptomus%Arctodiaptomus dorsalis	2
292425821e6d724b9e3b3c89cabd49be0345c144	NA%NA%NA%NA%NA%NA	10
c40c5591a1822403042607fb8a471643652f2aaf	NA%NA%NA%NA%NA%NA	10
720986684d205870d2bdab01898c82415fc3f5d6	NA%Phaeophyceae%Cutleriales%Cutleriaceae%Mutimo%Mutimo cylindricus	1
a36fe636388503f9d61d57804394c5966a5c1011	NA%NA%NA%NA%NA%NA	10
fde297ed025b5669bd8442cff37049fcd348720c	NA%NA%NA%NA%NA%NA	10
81d05184b8a0af45d0699ad2941e9a56236985da	NA%NA%NA%NA%NA%NA	10
a4ae64570f3396daf9ef1a84d8b24c0444ffb0af	NA%NA%NA%NA%NA%NA	10
bffa374aa11e2f731f54ad65755b54133716513f	NA%NA%NA%NA%NA%NA	10
cdff91c8921e1429cfd7f46d227efcb4a955c9f1	NA%NA%NA%NA%NA%NA	10
7903bc6793a616938a28380421183fc76cff61b1	NA%NA%NA%NA%NA%NA	10
9e362cfb705b1d6c71b021aa815e471a10449c01	NA%NA%NA%NA%NA%NA	10
149883a1dcb645085baf91a72edf19c38fc55fcd	NA%NA%NA%NA%NA%NA	10
596d5a6ea2e57b93beae2c876f6e13f55deb4a54	NA%NA%NA%NA%NA%NA	10
ddcd588ee1078006b1d9cb2c0ef2b6558e405708	NA%NA%NA%NA%NA%NA	10
e32ec3b4d47544d6f579fdb4b76a870f0ae04ce8	NA%NA%NA%NA%NA%NA	10
ec5710a0964e43914214b2f3a94dd4ac73d37e09	Ascomycota%Eurotiomycetes%Eurotiales%Aspergillaceae%Aspergillus%NA	10
ffee9217ac101783313ffab226f816e834c08881	Oomycota%NA%Peronosporales%Peronosporaceae%NA%NA	7
4e4b3788bda893c3a5ad14230692f5847f0a06e5	NA%NA%NA%NA%NA%NA	10
a7685ed24b60a20b98fcbf614e562a77ba29550b	Arthropoda%Hexanauplia%Calanoida%Diaptomidae%Arctodiaptomus%Arctodiaptomus dorsalis	2
09532a6ab23f5e2dbb13630f438be12b8e437c8a	NA%NA%NA%NA%NA%NA	10
062458d89fba9a749970c4d66260b160be1b0acc	Ascomycota%Eurotiomycetes%Eurotiales%NA%NA%NA	10
abe3ba0bd3366595d6f865296d9d8c5e5ba9e3bd	NA%NA%NA%NA%NA%NA	10
7978fd3ed8191c72652aa97dac20866788021e2d	NA%NA%NA%NA%NA%NA	10
90efaaf5dce391d562e28134a6440e816a83c0b0	NA%NA%NA%NA%NA%NA	10
9c0fab1d81165c31daf4c72a573da46c57383080	Bacillariophyta%Bacillariophyceae%Naviculales%NA%NA%NA	10
efa1504588e858727a9e8bd1b71fcb9b288f8537	Ascomycota%Sordariomycetes%Hypocreales%NA%NA%NA	10
85b865d23ff9061f8dfaf4160bc1d270cea8f553	NA%NA%NA%NA%NA%NA	10
85e3801dbb05b7012d7b4288768add9e7390bfc0	NA%NA%NA%NA%NA%NA	10
af9fb08c1f399efb684155e2bbf9317fac1d5751	Ascomycota%Leotiomycetes%Thelebolales%NA%NA%NA	10
b629dc75bc463bd382381d75ca9f90b2b34ec4a4	NA%NA%NA%NA%NA%NA	10
b9667b9a7d715a37a138065b4f56d5faa6b3201e	Echinodermata%Echinoidea%Camarodonta%Echinidae%NA%NA	7
9f3287335d91378ebb2ec96c44cb8ab3f8ea2344	Ascomycota%Eurotiomycetes%Eurotiales%NA%NA%NA	10
9c11cd53ef46ba8bc845843a069aa8a5289716e0	NA%NA%NA%NA%NA%NA	10
9ab9978031f73a15c01c2c0db2bf25b2d1a02ecd	NA%NA%NA%NA%NA%NA	10
c5527b91dff3d301280464ccb3cf0e77391dde89	NA%NA%NA%NA%NA%NA	10
d5700a4480f3bc2f6b172fa13bdf8577d87635a3	Ascomycota%Sordariomycetes%Glomerellales%NA%NA%NA	10
15fe8d5b66100d0c23087f38587fe4be5e69178c	Chordata%Mammalia%Artiodactyla%Phocoenidae%Neophocaena%Neophocaena phocaenoides	2
22d334ed666017f4d130c5ac4d01792716219a06	NA%NA%NA%NA%NA%NA	10
3dc6c5bf28f2f5ab0f6f86375153422fa3a3fd5c	Bacillariophyta%Coscinodiscophyceae%Melosirales%Melosiraceae%Melosira%NA	10
40a1509a367e41bd0e51d61ddd6f97af61236e6d	NA%NA%NA%NA%NA%NA	10
5f3ebaee0cd9231d669f0901674412a22c0164a3	NA%NA%NA%NA%NA%NA	10
6132304a45b1cf26ad20aaf818a91c54c769276d	Ascomycota%Eurotiomycetes%Eurotiales%Trichocomaceae%Talaromyces%NA	10
79d00e0d6475bd54e63bfad8c0c0073d61702ee8	NA%NA%NA%NA%NA%NA	10
7e2a194f3c98b753c01bffdcdc4a2ae802dd2187	NA%NA%NA%NA%NA%NA	10
37926f2b299e5f7cfdb492a2e19ef9772daa7f31	Arthropoda%Hexanauplia%Calanoida%Diaptomidae%Arctodiaptomus%Arctodiaptomus dorsalis	2
6920adf784076ad184ec3addfeb035e39b946682	Arthropoda%NA%NA%NA%NA%NA	10
b71191f2272bd72f40c4e029cfe57ee22c3beccf	Ascomycota%Sordariomycetes%Hypocreales%Nectriaceae%Fusarium%Fusarium proliferatum	2
0ebb9d4c016658e99ae988182fcf4f45ebdcb449	NA%NA%NA%NA%NA%NA	10
0450f95132469c7a7b97eeb6544eb5b9baf2cf93	NA%NA%NA%NA%NA%NA	10
05a312da35344b7078772699b7e918c4d9bcd4be	NA%NA%NA%NA%NA%NA	10
bc6747a40866ab6b7caed5bedc9d16f212255c2a	NA%NA%NA%NA%NA%NA	10
68b3adcbce408cb331963ea556dd762b4454773f	Rotifera%Eurotatoria%NA%NA%NA%NA	10
ca3e40aa13232e396c5b29ef3a9372185fd1b750	NA%NA%NA%NA%NA%NA	10
96814f92b03a94cd2fc63cf6db9db79f4678a6b7	Ascomycota%Eurotiomycetes%Eurotiales%NA%NA%NA	10
a5511ff570f8058c4454065fa73fee9ae7501cbf	NA%NA%NA%NA%NA%NA	10
a62bab5b6cab61baa5a0737ff3742ed63915c95f	NA%NA%NA%NA%NA%NA	10
9bc84256c9e2ae450ae57d88459fe13e4bcc345d	NA%NA%NA%NA%NA%NA	10
a7c626aa3c92a07276c51722a514c366e151e9ec	NA%NA%NA%NA%NA%NA	10
b31dd8104aa833cae970a22ae3196de055c97a0b	NA%NA%NA%NA%NA%NA	10
b8e7af57cb08d8bcdf104391e94bb2834eaf26df	Arthropoda%NA%NA%NA%NA%NA	10
7bddad871d8ee1021b42aa7ecd54747462288aea	NA%NA%NA%NA%NA%NA	10
833d49225a4f115e9c0acb7af53914aee10990e6	Arthropoda%Insecta%Coleoptera%Scarabaeidae%Pachysoma%Pachysoma gariepinus	1
e0dbec9489aac01e962e0356e138c1b866086d4b	NA%NA%NA%NA%NA%NA	10
e2d156bd4090ac9ff8883d34cfaaa432641b8219	Porifera%Demospongiae%Spongillida%NA%NA%NA	10
c76a359a03dc86b5601d1924bf7961048c94aa37	NA%NA%NA%NA%NA%NA	10
c8d1922e7d341f9616a799dc2f7e21b2c8c0cf5d	NA%NA%NA%NA%NA%NA	10
06ad04ed8f4a27f9442147734825e418f1aa758c	NA%NA%NA%NA%NA%NA	10
375a4692ebac7ddf142244e14a6bea6f88d705d0	NA%NA%NA%NA%NA%NA	10
30beda7691e3b1a64f829646a2fd4e8107700f60	Ascomycota%Sordariomycetes%Hypocreales%NA%NA%NA	10
1f49b43350508e37a3b2e6cdb960ce2daa355e84	Rotifera%Eurotatoria%Adinetida%NA%NA%NA	10
273f4b6edefd03737e038bf8d5bb50516d9c5d01	NA%NA%NA%NA%NA%NA	10
25945c54962e36ea035bde65fde1125b9cc1e4da	Ascomycota%Dothideomycetes%Cladosporiales%Cladosporiaceae%Cladosporium%NA	10
0c419c3eda428cb4ab89374b987d6890bae3f0fb	NA%NA%NA%NA%NA%NA	10
0abf14c375c5dc8cbf1a319aa4d880f4229a992b	NA%NA%NA%NA%NA%NA	10
49480d6d32fece5b2cde91a70de7804c9f85ce60	NA%NA%NA%NA%NA%NA	10
4ccc5095a1974f19aab3840c6c7366b21a72e35f	NA%NA%NA%NA%NA%NA	10
4f5e611023b08673e49984343533283e0605a80d	NA%NA%NA%NA%NA%NA	10
5024d1bb01ba1447f2727f616ca0fc04bf0a3297	NA%NA%NA%NA%NA%NA	10
594c61f10963d97978885eb8d804c1aafccf125a	NA%NA%NA%NA%NA%NA	10
5f0b188e2c49a7b62ee82e4a25b82455fdd989e6	NA%NA%NA%NA%NA%NA	10
6eb6d38acd575297c0d4806720344d31816e30b7	Porifera%Demospongiae%Tetractinellida%Theneidae%Thenea%NA	4
70fbaa4fb278a84a6ec77d84d3d96dbf1edab579	NA%NA%NA%NA%NA%NA	10
fb930965250740a14eab5cf78d38e477e29c735f	Arthropoda%Hexanauplia%Calanoida%Diaptomidae%Arctodiaptomus%Arctodiaptomus dorsalis	2
a73296b525231fb15fb5d11d3986ce68b12ec838	NA%NA%NA%NA%NA%NA	10
018ea8501ceea11fded92f26f2069b43ef203a13	Arthropoda%Ostracoda%Podocopida%NA%NA%NA	10
d1456053f34c0bbccb387632c862e3891e1108d6	NA%NA%NA%NA%NA%NA	10
70ee4fdcff4855a76dde7615251bd8e437b551cf	NA%Chrysophyceae%Chromulinales%Dinobryaceae%Poteriospumella%NA	10
7b5a0c490ba95fbcd9baf5a2bc8e4303ce4417b7	NA%NA%NA%NA%NA%NA	10
e1915590233f10ec0d224c80079a83b2d09dd48a	NA%NA%NA%NA%NA%NA	10
16dbbc99fc36b4759470746ebcd8e553e87f44e3	NA%NA%NA%NA%NA%NA	10
767f85cbc5fdc906219eaa7773f1be3e94de4896	NA%NA%NA%NA%NA%NA	10
f9b25e944e840dbb17a913e384825fb0e3762fd3	Ascomycota%Eurotiomycetes%Eurotiales%Aspergillaceae%Aspergillus%NA	3
a09404b55493fe6552d9badb139b22387a0c3cdc	NA%NA%NA%NA%NA%NA	10
146c0bef2123a95c98c5e2c6ae94f615c6d35829	NA%NA%NA%NA%NA%NA	10
54d2f449449430be4e7e35575dbbe9f7ff7e7154	NA%NA%NA%NA%NA%NA	10
6c7bf5cd05e67c9bc111d0228031a26663ddf6ef	Ascomycota%Eurotiomycetes%Eurotiales%Aspergillaceae%Aspergillus%NA	10
6d041cb00e1f1cd37223fd2df8b0e9d2fcb65fe1	NA%NA%NA%NA%NA%NA	10
76c79eb3365baad806131d5ed02b66331d59b1bb	NA%Dinophyceae%Suessiales%Suessiaceae%Yihiella%Yihiella yeosuensis	1
8104544928419a5c18794b379af18a142e00cc29	NA%NA%NA%NA%NA%NA	10
847e0d7a54d1c6056bc5a6a030c963bca5edca20	NA%NA%NA%NA%NA%NA	10
8c95ae11acca93d86634923dc7f59e6a6a9dd9ef	NA%NA%NA%NA%NA%NA	10
bcf768620c023401926ed7e570155d97d5aaff9c	NA%NA%NA%NA%NA%NA	10
ce355c11c49ba64a86c093d504195a9843786f87	Ascomycota%Eurotiomycetes%Eurotiales%NA%NA%NA	10
d3dd360e44e16567611e5f108d50c2c7f62c91bd	Ascomycota%Dothideomycetes%Cladosporiales%Cladosporiaceae%Cladosporium%NA	10
d482a06a390e217e407c1ee9e5ff75b308776929	NA%NA%NA%NA%NA%NA	10
7c45e3d8b5070ac0eb540317d97fd19463558cf7	NA%NA%NA%NA%NA%NA	10
687b45520cd742dcceb0f2b4d2dc0e7b4591ab02	Platyhelminthes%Trematoda%Plagiorchiida%Haploporidae%Saccocoelioides%Saccocoelioides orosiensis	1
125638992660a4bc71bf3b45f1098b542e88af02	NA%NA%NA%NA%NA%NA	10
1f82fb724ed94cdf3f77831ab7b841710bfc0098	NA%NA%NA%NA%NA%NA	10
313cc34b2e6ec78c96ec7be51616969ccef8953d	NA%NA%NA%NA%NA%NA	10
43a8b66a5ce5186da39428fb47feba80337ed799	NA%NA%NA%NA%NA%NA	10
4dad663d0c672ed7f0a0a74ed471eb0083bf5ab1	Ascomycota%Sordariomycetes%Hypocreales%NA%NA%NA	10
52a7f60b737e9e2ca9bea4a72bf4b0ffc1dbbfce	Ascomycota%Sordariomycetes%Hypocreales%NA%NA%NA	10
59b16f7826703b9fcaee7801bec85d9f43687ae4	NA%NA%NA%NA%NA%NA	10
7fc344915b9c325a1df32b50b18f2042881ca54d	Bacillariophyta%Coscinodiscophyceae%Thalassiosirales%NA%NA%NA	10
be6f29e1beef20211f71111812d1550be20b6439	NA%NA%NA%NA%NA%NA	10
b46c50af038f3ff2ff2eca819a7baa3039a66e1d	NA%NA%NA%NA%NA%NA	10
7ffd944ebd1d410b14ce323c6196e430ba2edeef	NA%NA%NA%NA%NA%NA	10
7dec2e4a44ee560b4819c07d344710386f1eb57c	NA%NA%NA%NA%NA%NA	10
7db4d47102315df7fbcbb81e4eeabc2bd47c4a5c	Ascomycota%Eurotiomycetes%Eurotiales%NA%NA%NA	10
7adffe0feb0a322b4a209437bf75da80e67882e0	Ascomycota%Leotiomycetes%Thelebolales%NA%NA%NA	10
73d6f00ae5ce2a7ad04cd55afc339192ee251449	NA%NA%NA%NA%NA%NA	10
eb346c095c0edbb0424438c6e426018a86ce0ca5	NA%NA%NA%NA%NA%NA	10
e9e74190b233d2e24f6fbb714484fc8e2e37df6e	NA%NA%NA%NA%NA%NA	10
e0aee11562513d3c313e086fc54904a02edf05cd	Chordata%NA%NA%NA%NA%NA	10
ff130b3952ee7aa8269c9be0d447f8df6219a30e	NA%NA%NA%NA%NA%NA	10
fbeec0f439cc5eea59c1e9bbc10b89da67b05bfb	NA%NA%NA%NA%NA%NA	10
81220fe3db3545d0161b1cc34540feef6e761f99	NA%Phaeophyceae%Scytothamnales%NA%Stereocladon%Stereocladon rugulosus	1
82006fdb090773d339b2891929a8b1326b0e2105	NA%NA%NA%NA%NA%NA	10
889e697ef0836ce2c15b5485ac043036dca6d562	Ascomycota%Sordariomycetes%NA%NA%NA%NA	10
8f14b2ed5e9544c84d78519337bc425820e0048b	NA%NA%NA%NA%NA%NA	10
deb46c74e6c33036169350879e8166c249f68b84	NA%NA%NA%NA%NA%NA	10
d50e8e93debe51b4fe0e1687d8d074afa4b441b2	NA%NA%NA%NA%NA%NA	10
29f2799aae1159ae5bce6b49c2e04ea21efddac7	NA%NA%NA%NA%NA%NA	10
415d251725d1c29847a88eac1b6f5d4246a28643	NA%NA%NA%NA%NA%NA	10
150b5bd93c743c81d2850b0bb29707ee4fffcfa3	NA%NA%NA%NA%NA%NA	10
16841e6ee3be6cdc9e321ea4ec20a14ae974ffc7	NA%NA%NA%NA%NA%NA	10
1b3aec86b62b37c24ae0f1feef42d72def4b8025	NA%NA%NA%NA%NA%NA	10
26169437e2d04f6074fdd2c7bbf79b27a0c8bfa2	NA%NA%NA%NA%NA%NA	10
24d9d87f055f2a8975ac796831c380e437f90cc6	NA%NA%NA%NA%NA%NA	10
0c52508bffa1e819108d07296c4fe646ec5b0c3f	NA%NA%NA%NA%NA%NA	10
367c704ae1d6a3a4e7b11b94aa16db7a124732d9	NA%NA%NA%NA%NA%NA	10
07a5d07d53c62d03a87ddc499f308f44e972bedb	NA%NA%NA%NA%NA%NA	10
49f421d9fda83ee98a18f567d42956c9b54b9ad5	NA%NA%NA%NA%NA%NA	10
4d2bccc9f57d0d44810e309a8ecded03980ead06	NA%NA%NA%NA%NA%NA	10
52b87f03ba66a027311667d7cf4b4d695a468bfd	NA%NA%NA%NA%NA%NA	10
5bb0a3515f8c1aa7ad82b53060b4f0c6b2268dc6	Rhodophyta%Florideophyceae%Gelidiales%Gelidiaceae%Gelidium%NA	3
59e03e48d5800705c36881d659d1c8d72dffed4a	NA%NA%NA%NA%NA%NA	10
57d232bb0bf142ccf3e990cfa7fbbd629f5a21d2	Rotifera%Eurotatoria%Ploima%NA%NA%NA	10
55bfcf0becf184c504937111cf6624332c43f8eb	NA%NA%NA%NA%NA%NA	10
6f3cd38ac4204fde12e2d53096e89579abf5fb4a	NA%NA%NA%NA%NA%NA	10
6dbe30a9726fe0f9ae94d7e1123fb715066b1b81	NA%NA%NA%NA%NA%NA	10
608b2f39a4a49a94398f5207fec67eb2bc5e68b5	Arthropoda%Hexanauplia%Calanoida%Diaptomidae%Arctodiaptomus%Arctodiaptomus dorsalis	2
99eb7319e64f772ab7afa3884076f8079b08e695	Arthropoda%Arachnida%Sarcoptiformes%Pyroglyphidae%Dermatophagoides%Dermatophagoides pteronyssinus	1
6a8a56307d97915a65e203994f72668647e5575a	NA%NA%NA%NA%NA%NA	10
0ee2ce057bc0ee2e04fe7723f72a558fe35627b0	NA%NA%NA%NA%NA%NA	10
035e23ad0a8e88d5d3c5f726f6b6b0696caa6fe1	NA%NA%NA%NA%NA%NA	10
e0f91a365749db5c240ab8565fc1a9d4a0b85666	NA%NA%NA%NA%NA%NA	10
cf187f139d9e7be0eb15ab6c676465c5db91f98e	Ascomycota%Sordariomycetes%Hypocreales%Nectriaceae%Calonectria%NA	10
d028493a73d8a5eb899b6b1e7a9c5d63a33b38cb	NA%NA%NA%NA%NA%NA	10
ea6b175abffbf7642b33e3fe82f9ac46a56820e3	NA%NA%NA%NA%NA%NA	10
c7df125d382a3f25ecd73b5619f8032383496492	NA%NA%NA%NA%NA%NA	10
c418947c9de2f671a15683f6351da33ee942a76d	NA%NA%NA%NA%NA%NA	10
ba34c1e8bf35c47bd7919f16fd6ff7aeb6a94293	NA%NA%NA%NA%NA%NA	10
b5c76135e8a3a7c035922601bcee531f4fab7a7b	NA%NA%NA%NA%NA%NA	10
d745459fb45d94a2e6aed20a2b505ca3c7eb4d74	NA%NA%NA%NA%NA%NA	10
164265e674912a921cb2f698eb183dfcb920e887	Arthropoda%Arachnida%Sarcoptiformes%Ceratozetidae%Ceratozetes%NA	3
3f646e97de72dd7bc76e9ae168f1930e328c7ae0	Ascomycota%Sordariomycetes%Hypocreales%Nectriaceae%Calonectria%NA	10
c4d7dc6807e1093ea2ba8f9d13cda3f855fc346e	NA%NA%NA%NA%NA%NA	10
f68a0fcc6574f9c44666c6ee8cd244423f9a0af8	NA%NA%NA%NA%NA%NA	10
c3c3db32bee0b7184ba6029d76770448e303e250	Arthropoda%Insecta%Ephemeroptera%Heptageniidae%Ecdyonurus%Ecdyonurus corsicus	1
c0bea01bd43897a1bb4dc91013b22318d3b4895b	NA%NA%NA%NA%NA%NA	10
c082eff13779f02e9ed6232befdf9d0826944705	NA%NA%NA%NA%NA%NA	10
ab322f28f62f35380e6b835e084dc9ab573cfa27	NA%NA%NA%NA%NA%NA	10
ac20b884d6a4c7e8d13379c0ee66dc6f9d050cc5	NA%NA%NA%NA%NA%NA	10
a64e88103bbcb6394bf07adf4c979133a1761144	NA%NA%NA%NA%NA%NA	10
e660714154f912032e5295a97f31f1ca69478bf1	NA%NA%NA%NA%NA%NA	10
c9087333871a7dc77b4e3f78abe527e78e89e14b	Ascomycota%Eurotiomycetes%Eurotiales%Aspergillaceae%Aspergillus%Aspergillus nidulans	1
cd26909ef00c0252aeb0e54fb7da85518040cd7a	NA%NA%NA%NA%NA%NA	10
cf7ab63b8a1c4cb93ebf18ff00ef3cecf1d13734	NA%NA%NA%NA%NA%NA	10
d421a78e9c0ad91b55c7e2266c218481bbcab3c2	NA%NA%NA%NA%NA%NA	10
d8da74c45fba3c7719be37dada307da800b02172	NA%NA%NA%NA%NA%NA	10
de8addce710882c1b253ff3490baa9b01f228650	Ascomycota%Sordariomycetes%Hypocreales%NA%Gliocladium%NA	10
3f77fecde2f553300a24d71ddd43ba412bd67da3	NA%NA%NA%NA%NA%NA	10
25ad73aafd246c4c96169386731251c8f9e741b7	NA%NA%NA%NA%NA%NA	10
25e63165e7d3c5335e3744b1877272c41e3bb376	NA%NA%NA%NA%NA%NA	10
25f058d3f480bcf6506e22ea44d0226c74bb7a57	NA%NA%NA%NA%NA%NA	10
27d7dd37d4de0a6273554a538c27cf34ece94a08	NA%NA%NA%NA%NA%NA	10
36d6b7f0b474ec4a10bb377d293311115fcbde12	NA%NA%NA%NA%NA%NA	10
498cebf9699e5ccb22712fd6e2f8b7831c5613bd	NA%NA%NA%NA%NA%NA	10
4b12167ebb8073ebfb05cdad1eb1ba756bb05b54	NA%NA%NA%NA%NA%NA	10
5b8799a4967d2ce8392e41c25d8a5127b2a09a13	NA%NA%NA%NA%NA%NA	10
5ccd25b684ae4abd44e5b184ae45a0ad78d4b6eb	NA%NA%NA%NA%NA%NA	10
897d7421b3d922199e1574a1e3c8402ee3194f44	Ascomycota%Dothideomycetes%Cladosporiales%NA%NA%NA	10
8e0a98e234237184688474f12b38f1c0994bcc85	NA%NA%NA%NA%NA%NA	10
a0016c9906ae96fb6893750c25f34968e6308ec4	Ascomycota%Sordariomycetes%Glomerellales%NA%NA%NA	10
f7eaa767d90492c0fbbdadd7f9ffe17d8f0653fd	NA%NA%NA%NA%NA%NA	10
4822ce6a3763d0a654f24b487371d34f7919827f	NA%NA%NA%NA%NA%NA	10
ec2d30d3ac44460ae6b4190bbe7cc8a812bf8753	Ascomycota%Dothideomycetes%Cladosporiales%Cladosporiaceae%Cladosporium%NA	10
fa6180d2d8d19188d977e197d7f21d36b5ad217a	NA%NA%NA%NA%NA%NA	10
68c25c5093eea9999004cbb997aa045b3e1b7f92	Bacillota%Bacilli%Lactobacillales%Aerococcaceae%Aerococcus%Aerococcus urinae	1
64852f12247825486f96fb50f781b2cc8b307a91	NA%NA%NA%NA%NA%NA	10
d546b6b6344f7f76113fd5f87be1d5e7ed42deb9	NA%NA%NA%NA%NA%NA	10
63553ddf7c95456500d161a420e12754a0c4842d	NA%NA%NA%NA%NA%NA	10
914ed0e2f53837c863d54aec5dc34cb83cd62fbc	NA%NA%NA%NA%NA%NA	10
fa70144ffb8c1e7c63a5ef1d89460c23f2c08580	NA%NA%NA%NA%NA%NA	10
a9d7d180ddc93d9ef0fd6a64c3351915ef9bb807	NA%NA%NA%NA%NA%NA	10
aabb3158f65736d284adfd75751871b025f32bde	NA%NA%NA%NA%NA%NA	10
d3e625d654eef57c49797aa46d01b7157e3adb6a	NA%NA%NA%NA%NA%NA	10
727bffae07d78feb7a2c9e3a25ae47cf1a635144	Ascomycota%Sordariomycetes%NA%NA%NA%NA	10
721a756653f6a3a1a5889dfdc19f255291c1b10f	NA%NA%NA%NA%NA%NA	10
6e54f28dc485026cede50380c8017f59c3a63c26	Arthropoda%Insecta%NA%NA%NA%NA	10
0ef2db311d0b2a039410ebdca765bc9c6ebcfc70	NA%NA%NA%NA%NA%NA	10
150a24efd0f4d5a4d5fa8eabb9fe9bba0705bf07	NA%NA%NA%NA%NA%NA	10
1f228d708a0c9936ba4112b902de04932ea2f311	NA%NA%NA%NA%NA%NA	10
bd34412861ada9544e0ce7127496475a167b18af	NA%NA%NA%NA%NA%NA	10
7091e8e8a0f8e53a8fdb38bfd22e61a6736d3205	NA%NA%NA%NA%NA%NA	10
a7e5f4ca258979213ed11879b559d0ba5a2c1dca	NA%NA%NA%NA%NA%NA	10
cb760178771e4568b475a266b8e8626d21b3b7ab	Arthropoda%Ostracoda%Podocopida%Cyprididae%Cypridopsis%Cypridopsis vidua	2
c1929ae238c4d69df0eb331403eff40cad14271a	NA%NA%NA%NA%NA%NA	10
da5d467716f3268dfccb8e162c294f11e0139fd7	Arthropoda%Insecta%NA%NA%NA%NA	10
bdaf76be920507e8d43e9a8ab3d1b3f065d613b4	Arthropoda%NA%NA%NA%NA%NA	10
038dc3c2c4f42ff0110e40ebd21a29fed8b32746	NA%NA%NA%NA%NA%NA	10
0c1cf9bf3bd967e787aa098d88988e832c837011	NA%NA%NA%NA%NA%NA	10
33425e0343173049ac03d229dc3dfcb4b98c6b4d	NA%NA%NA%NA%NA%NA	10
89072742dfa5cbf40d12fc93496a09b88fba94ee	NA%NA%NA%NA%NA%NA	10
f73ddeee0967934aa45556526649043cd8564f8c	NA%NA%NA%NA%NA%NA	10
9638dcbd3e64da6fceabc19495f368c400bbbada	NA%NA%NA%NA%NA%NA	10
9b0e6c14a442b708facc4434b890e8b7bd229c29	NA%NA%NA%NA%NA%NA	10
a2c9faa59db5d21905fc5b76a29903656e39f5d9	NA%NA%NA%NA%NA%NA	10
aaf403bf07d8a3e90f595cd4ad526e4c8b7f2f00	NA%NA%NA%NA%NA%NA	10
c60953f8903c14bbadec57e50c1cbed14ec10471	Ascomycota%Sordariomycetes%Hypocreales%Nectriaceae%Calonectria%Calonectria colhounii	1
cdcfcccfdba46aee376d9b7aff56e6d00fe018ba	NA%NA%NA%NA%NA%NA	10
f10e4b5718e0f1c6ef6f3527ea868789424cd5db	Arthropoda%Insecta%Diptera%NA%NA%NA	10
4208ff3240705ed7e294bc1e28b01739cfd4b7ae	NA%NA%NA%NA%NA%NA	10
17ba677d430edfc08fa28e66e5d8f0bf4e114ec7	NA%NA%NA%NA%NA%NA	10
1fb89abf6d99140aac96ebb56cc114f620d128f2	Oomycota%NA%NA%NA%NA%NA	10
2535d61e99b2ad7f647025391bb1b617e31d1529	Ascomycota%Eurotiomycetes%Eurotiales%NA%NA%NA	10
4b3bbe212d122df8e2e167786fca834ee9c1b30a	Arthropoda%Malacostraca%Isopoda%Cirolanidae%Eurydice%Eurydice longiantennata	1
4fddad5602f7946c28be3296a3e17e1931e828ae	NA%NA%NA%NA%NA%NA	10
610f029aa800245db53f88a46352c3fa6fed0d96	NA%NA%NA%NA%NA%NA	10
0330d56f1af3ddef6257a7f555df129388dcf1e0	NA%NA%NA%NA%NA%NA	10
e01e4609e63c2f8241b4eceaf166b9580bdf6709	NA%Chrysophyceae%Chromulinales%Dinobryaceae%Poteriospumella%Poteriospumella lacustris	2
b237c19ca3191d9f721e714ec4803651539b7895	NA%NA%NA%NA%NA%NA	10
15310ce32720980c0c893d3ab11ff62aac4f70b7	NA%NA%NA%NA%NA%NA	10
fff231fac751a2bea6233544bcd98c23024a3a9e	NA%NA%NA%NA%NA%NA	10
6296267c06918ed30e21533101577aa020b7f897	NA%NA%NA%NA%NA%NA	10
dc0f01dabdf7ab638bef72d87cf855831c9a8a24	Arthropoda%Insecta%Diptera%NA%NA%NA	10
ea345bd070ac96741ee61af90aea24488f63858e	NA%NA%NA%NA%NA%NA	10
77fbb2164262303a7beb1a79643d298377fec862	Arthropoda%NA%NA%NA%NA%NA	10
8eea20e171039e2e22c65fb1fb2d5071ea469268	NA%NA%NA%NA%NA%NA	10
c8b9bfcd0a9fa7f4e051b892eae059b5c66912e5	Ascomycota%Sordariomycetes%Hypocreales%Nectriaceae%Fusarium%Fusarium haematococcum	1
8afd56c498a17a1d122ba4f4b3db06191debc857	NA%NA%NA%NA%NA%NA	10
bb304919c96bb4fdce6c9d1380b2ded4125ee2aa	NA%NA%NA%NA%NA%NA	10
780a57d4f1bb38c94a25cb8beece0004cfa290a5	Arthropoda%Arachnida%Sarcoptiformes%NA%NA%NA	10
ffefac0dd6499b1b7c581bed9dab12f8f93fcc70	NA%NA%NA%NA%NA%NA	10
0cdf70cc96471d48f81e575a535e08d1751921b0	NA%NA%NA%NA%NA%NA	10
142c64f2173b7e0ac11ba1f6631bfdaf750b2710	NA%NA%NA%NA%NA%NA	10
2a2da9d6be3d21e710d94182e49104a971482288	Arthropoda%Hexanauplia%Calanoida%Diaptomidae%Arctodiaptomus%Arctodiaptomus dorsalis	2
2d7b97648f5a6a4714c67f64dfe6f965428a5cb4	NA%NA%NA%NA%NA%NA	10
6efb033280502a57c6febb1ea9398001caeb6904	Ascomycota%Dothideomycetes%Cladosporiales%Cladosporiaceae%Cladosporium%NA	4
37620054850246c768d56d97f66c71e9e6d5d1a2	Ascomycota%Sordariomycetes%Hypocreales%Nectriaceae%Fusarium%Fusarium proliferatum	2
507c13d066bd0f210427904426dd452424ff6ff9	NA%NA%NA%NA%NA%NA	10
5e6b642e94ec8bbb2efd07cf227dad94f2c8d745	Nematoda%Chromadorea%Rhabditida%Aphelenchoididae%Bursaphelenchus%Bursaphelenchus cocophilus	1
769abf3ee21f1b06058dae1c99132fae2198894a	NA%NA%NA%NA%NA%NA	10
2ea7355c87a18d4829fe894c46892b41b426be8e	NA%NA%NA%NA%NA%NA	10
8e19e387213685cc996cb4dcdbbb53a14a55e60f	NA%NA%NA%NA%NA%NA	10
66ccb97399fc382fedae58af62ff32f005d228c0	NA%NA%NA%NA%NA%NA	10
ef39f421990a6289eb1778b6eda62289732ba5af	NA%NA%NA%NA%NA%NA	10
958cf70f06b8120fb7f57b6b74e447f8d4ea952d	Ascomycota%Leotiomycetes%Thelebolales%NA%NA%NA	10
e4ae1212e9e9ef8e51bb53fdda6df61a9effc469	Mollusca%Gastropoda%Architaenioglossa%Cochlostomatidae%Cochlostoma%NA	3
14776c6c10dd68dfe162e0521c855f1e272a7a2b	NA%NA%NA%NA%NA%NA	10
b7de8fdfe6d56d1b6dffa6f145c5df60c8467cec	NA%NA%NA%NA%NA%NA	10
7c5d72b91e37409937b073d70ce1acd0f56f9014	NA%NA%NA%NA%NA%NA	10
8d6683301871f7918a8ecf5ceff7a1da8d13f687	NA%NA%NA%NA%NA%NA	10
4425afda434290d36b05cbc3c78ddd4c375b000a	NA%NA%NA%NA%NA%NA	10
41e39ef1ff5d4961fbd13ee1b48d8896cf234664	NA%NA%NA%NA%NA%NA	10
329c655e937d0acd06916b95e63b80935c2a6185	NA%NA%NA%NA%NA%NA	10
0c031bf10a875bb76c31e5c496e17b15b7b61f9e	NA%NA%NA%NA%NA%NA	10
05a70c886d781e6e7b59cc5128c4a544df2ddb45	NA%NA%NA%NA%NA%NA	10
3e7960c72478f6a6f3c61d90c55447cf92b2de6b	Arthropoda%Insecta%NA%NA%NA%NA	10
8f40e4266182c953bdf1f5b966b601831e1aa2ea	Rotifera%Eurotatoria%Ploima%NA%NA%NA	10
4dbdd00ef92624a7572dd482079ed75663dcb0bc	Arthropoda%Insecta%NA%NA%NA%NA	10
a63cdb7c534a734f63d9d52111999e35db945f05	Oomycota%NA%NA%NA%NA%NA	10
abf329a195f582ace479b50f43f9e474bdb94355	NA%NA%NA%NA%NA%NA	10
ca467850479ef16a465326f0572224b1dbf5a39a	NA%NA%NA%NA%NA%NA	10
801c7e29d941492624da001fc64b3948d90e08b2	NA%NA%NA%NA%NA%NA	10
7020338ba9b786c8b1f5676e329eb534e1f2221e	NA%NA%NA%NA%NA%NA	10
be364d59bd42ed097e0534898434621e1ff74acc	NA%NA%NA%NA%NA%NA	10
18d6690e208887c363ddd09abbee11e614f3109c	Rotifera%Eurotatoria%Ploima%Synchaetidae%Polyarthra%Polyarthra vulgaris	1
ac5fccb8a0c148fc4a9fd9815e3647d63e588d58	NA%NA%NA%NA%NA%NA	10
a45f2eaab6a937b38acc5cbbe5ea57f6d5b491c7	NA%NA%NA%NA%NA%NA	10
890fe1229c4fb9b0c48028feb02052618f6603c7	Rotifera%Eurotatoria%Ploima%NA%NA%NA	10
23bbc6877232b625a3e337b1c712062132283bce	NA%NA%NA%NA%NA%NA	10
9909566e0aba002988aa35071db9bc4de9366e73	NA%Chrysophyceae%Chromulinales%Dinobryaceae%Dinobryon%Dinobryon pediforme	1
3321c7c4303aef2dba33ddc099be739ee3815fb1	NA%NA%NA%NA%NA%NA	10
94abfffdc67f3a6570bb0cdf3601363da34e1757	Chordata%Chondrichthyes%Chimaeriformes%NA%NA%NA	10
c207c1524594f8f248ce407a01efacdef644ee2b	NA%NA%NA%NA%NA%NA	10
12c1bba9aaecb525462e2f92ad3d3905a64730a7	NA%NA%NA%NA%NA%NA	10
ea032afab30b1f7cf2bfe921194d3778b6a54123	NA%NA%NA%NA%NA%NA	10
f87754fc60252edaa31e4ace56ef90501cd0ed06	Echinodermata%Asteroidea%Paxillosida%Luidiidae%Luidia%Luidia ciliaris	1
c8b105901de4542b5f224b691a93c97e5a0c174c	NA%NA%NA%NA%NA%NA	10
0b5ad2b1dc58a2d1f1c69f0b2f6d0eb54be29a5b	Rotifera%Eurotatoria%Ploima%Synchaetidae%Polyarthra%NA	10
165b85bfd923e5d8c4941eda4cfa95432b418b57	NA%NA%NA%NA%NA%NA	10
d4786e465106832f61eb79584a185a73e52a2938	NA%NA%NA%NA%NA%NA	10
d7bb7698e940b38405c8b86fc44c737a2af07b4b	NA%NA%NA%NA%NA%NA	10
8150893b7201e5cf5f3b35987d09cae6260db818	Mollusca%Gastropoda%Nudibranchia%Dendronotidae%Dendronotus%Dendronotus venustus	1
ff0fc21a7abfe984e9b81a69434eb696a8d62296	NA%NA%NA%NA%NA%NA	10
bc867423a98adadfcc00c3d14326dc680bbbe68a	NA%NA%NA%NA%NA%NA	10
d9b54c887368cfeefbb9f4f946f3c085f8f4db4a	NA%NA%NA%NA%NA%NA	10
c75dc4d277a93db2472b55571410ae8eba6576f7	Porifera%Demospongiae%Suberitida%Suberitidae%Suberites%NA	3
d87d70b220cce7ff9e4f5bdfe978759b59ee11d1	NA%NA%NA%NA%NA%NA	10
a99a40a98c2625e627195b990caf0bcce7ff0927	Chordata%NA%NA%NA%NA%NA	10
a0c56068cef45c4e6c3227efc7be85ba2c50dc62	NA%NA%NA%NA%NA%NA	10
2150c2a21bb66bcb8697f87fc012d3e0660470e2	NA%NA%NA%NA%NA%NA	10
8f06aa2d1132a828cec8258b562e66f8eec80f0d	NA%NA%NA%NA%NA%NA	10
e9e9aa1528b8e18c114b2a570b297a983a6c6ff9	Mollusca%Gastropoda%Nudibranchia%Dendronotidae%Dendronotus%Dendronotus venustus	1
f6dbd6e55d0b2ddae9f0e359ae0d8c6ddf81faaf	NA%NA%NA%NA%NA%NA	10
22c87cd6af8f710012ff4dea8b1e8951b0636f7f	NA%NA%NA%NA%NA%NA	10
e18bea24e5ae8a9346edca28bec801b7d2dc0e6f	Oomycota%NA%NA%NA%NA%NA	10
44b6ee7dd1f2d9212399727ae26d984252251f48	NA%NA%NA%NA%NA%NA	10
503b127561e55d46e135a2b0ab934f6e623320f1	Arthropoda%NA%NA%NA%NA%NA	10
93386fb270efab37d41b182c491cc449d3a54495	NA%NA%NA%NA%NA%NA	10
dd83ba1062e1d5cb4770bba3c37e2c1f8bc3abc8	NA%NA%NA%NA%NA%NA	10
357371f262636045ee874153d64cd58628f1d7f0	NA%NA%NA%NA%NA%NA	10
3ad040b29143d585cdd742d82d3970155914d862	NA%NA%NA%NA%NA%NA	10
4d9902e2700698db136e3ad2ea9440f1247d81ed	Arthropoda%Insecta%NA%NA%NA%NA	10
47b7c43f9140454a40c6c05e6a8d39eb3683fdf7	NA%NA%NA%NA%NA%NA	10
570fe909a06896c7ac588d7c1e5778a69ee2f0d8	Chordata%Actinopteri%Argentiniformes%Argentinidae%Argentina%Argentina silus	1
7f8788283385ac4cda40aa7af95aaced7957a3cd	NA%NA%NA%NA%NA%NA	10
2d19152e8038f9161da84980c09123e7626b3bc9	NA%NA%NA%NA%NA%NA	10
564d4dbbb80732cfda970c99dc487c0f4b75d2c9	NA%NA%NA%NA%NA%NA	10
80a80e58b401209d4f16c77fde86ddfad76b0d2d	Bacillariophyta%Bacillariophyceae%Naviculales%NA%NA%NA	10
8343a9a95482836393dbb31832d801c89838f396	NA%NA%NA%NA%NA%NA	10
7869058f3fd36049775a872642644b3b1066d351	NA%NA%NA%NA%NA%NA	10
f784b9cf8bdc04860b0a431600f8eb30dd60dd00	NA%NA%NA%NA%NA%NA	10
c6ad85be2a1d5d1b0837f293796427468882a7ab	NA%NA%NA%NA%NA%NA	10
c4fb26d23fc2b36656a9cafde36eee79e497d218	NA%NA%NA%NA%NA%NA	10
c0061cd74b8b02f56d55f69b2d32f4abc09826e2	Ascomycota%Dothideomycetes%Cladosporiales%NA%NA%NA	10
83f617611261841aad2c2f41f48f3b8c15324283	NA%NA%NA%NA%NA%NA	10
c25bf307307dc673ffb4d3849489f492d51d918c	NA%NA%NA%NA%NA%NA	10
993e93ccbbbe164d9d3a892ed91d9698c825e35a	Porifera%Demospongiae%Tetractinellida%Theneidae%Thenea%NA	4
922ededf3252f64a6ecaa873479cd2d1d83672a1	NA%NA%NA%NA%NA%NA	10
0236392ff21c021169c8c92664550c06ec4dbac7	NA%Dinophyceae%Suessiales%Suessiaceae%NA%NA	9
d12373112c33dbb468b1019d9a4680fcf7797da8	NA%NA%NA%NA%NA%NA	10
f0f6f9f8e4ecfe0b8a4aa4de8a6b2e1b513e2e5a	NA%NA%NA%NA%NA%NA	10
2680cbb263704bc365b938593adabcc7e187e1cb	Chordata%NA%NA%NA%NA%NA	10
b609a213b5049c6add00374baf5ba02380b8d284	NA%NA%NA%NA%NA%NA	10
8a762736fd9ceb833c90c5159098c188e25915c8	Rhodophyta%Florideophyceae%Gigartinales%Kallymeniaceae%Nereoginkgo%Nereoginkgo adiantifolia	1
89199f01a45a4e791341cb3eeb10612fa5bd8db5	Ascomycota%Eurotiomycetes%Eurotiales%Aspergillaceae%Aspergillus%NA	10
6edb0da9d5a1c27ba4002c085eb52692827caab8	Ascomycota%Sordariomycetes%Hypocreales%Nectriaceae%Fusarium%Fusarium oxysporum	1
492d1a5b6c8cece3f0ea40ea4cbc2fdd64e629c3	NA%NA%NA%NA%NA%NA	10
819201680f9f143c7d074909b54e65fec474ceaf	Bacillariophyta%Bacillariophyceae%Naviculales%NA%NA%NA	10
36a4bda7d5a31f2f08d8941696f184430f6a5b4a	Arthropoda%Insecta%Diptera%NA%NA%NA	10
eced693bbb8c198435c08502dae24a80931f6108	NA%NA%NA%NA%NA%NA	10
9a30b330d1410a93c37fe5b59d4f61c17dd96b8b	NA%NA%NA%NA%NA%NA	10
7e741c75ca8420ee9c032ccf7e37b2470859c880	NA%NA%NA%NA%NA%NA	10
50bea865f60b616f65c1fa24408fd86747c50e4e	NA%Xanthophyceae%Tribonematales%NA%NA%NA	10
2c2d0ff8f6213b49046d945e1f2e749493691234	Chordata%NA%NA%NA%NA%NA	10
2310fba23dbb28984fbc38afe7da6efd8084f4ae	NA%NA%NA%NA%NA%NA	10
21a527ea3fc7f48e2cf68c0679d157dc6c759c88	NA%NA%NA%NA%NA%NA	10
4dc4a7b2013d60691ac19bcaa084a64ee0291e5f	Chordata%Mammalia%Carnivora%Canidae%Canis%Canis lupus	1
bdbb0a51619c75b1b0dd2d69b907f7e55553d3f9	NA%NA%NA%NA%NA%NA	10
907d704f3eac9aac48f6dc4e8f3516ca84e2fa98	NA%NA%NA%NA%NA%NA	10
668288a76f841b32d50f3d468ecdb6e9b9d73a75	NA%NA%NA%NA%NA%NA	10
3c7b74b249fed3f15dcc087e4695344b87850112	Chordata%Actinopteri%Pleuronectiformes%Scophthalmidae%Lepidorhombus%Lepidorhombus whiffiagonis	1
2edc3df2e4a6dda1a39de77799da6f2cdd7856e7	NA%NA%NA%NA%NA%NA	10
21c96711e213c83666f8da3bd6e1b20d8feedae9	NA%NA%NA%NA%NA%NA	10
9a8c814958fe2441c2c13d6b1f24c90e1c862352	NA%NA%NA%NA%NA%NA	10
63f24473ac1954e2711d545a65fd269fa6c38512	NA%NA%NA%NA%NA%NA	10
657eff8bf4f54d7a8800008c52c41ef114053032	NA%NA%NA%NA%NA%NA	10
d0ad9b31485c4b640ff602f5aa6fae867e394ec0	NA%NA%NA%NA%NA%NA	10
bec2cfa5dc79d51c91031742ee6055f178ca11fe	NA%NA%NA%NA%NA%NA	10
8f5396871eed888365b82191ef788bf38008c5fc	NA%NA%NA%NA%NA%NA	10
a3a723bcf8353a8d01f57eb76e784f7e21dc0e7d	Porifera%Demospongiae%Axinellida%Axinellidae%Phakellia%Phakellia ventilabrum	1
db30b553a482d8d90fe54a94c4f7938f6543a02f	NA%NA%NA%NA%NA%NA	10
944d7aa5096321ffa1d807ca6fae2db75f08b956	NA%Dinophyceae%NA%NA%NA%NA	10
98837fcfbf9d5117355cef283147267a28c2c644	NA%NA%NA%NA%NA%NA	10
e522dcfa1ef2416c48ef96d5109c29b1773ecabf	NA%NA%NA%NA%NA%NA	10
e616596b40e7756624a7aa5d257b145b4fce3088	NA%NA%NA%NA%NA%NA	10
05c56dfd2f2798e944baf9ab9b31aa5e6bad3dd5	NA%NA%NA%NA%NA%NA	10
0af7a8b4c26bc29ab846feb772e81bedc45b8789	NA%NA%NA%NA%NA%NA	10
0c102266282154927bb027eb09c4a9b1f6ee959a	Arthropoda%NA%NA%NA%NA%NA	10
2208e518f408cdc395fee8c5efd9b7da40e3342e	NA%NA%NA%NA%NA%NA	10
23ca3f676427bad54f2d5bc9c1e762b654455fda	Bacillariophyta%Coscinodiscophyceae%Melosirales%Melosiraceae%Melosira%Melosira varians	2
40c432d13569e311c7c5f77747c2fbe3efe8cf75	Rhodophyta%Bangiophyceae%Bangiales%Bangiaceae%Porphyra%Porphyra capensis	1
44f41ffd4f24b9052d13295ece854b030575cade	NA%NA%NA%NA%NA%NA	10
56ff4002ff0b76c3b83371136b6de0708ab2b22f	NA%NA%NA%NA%NA%NA	10
7c382e73c57775a85a40520e775f6d5a1a165933	Porifera%Demospongiae%Spongillida%NA%NA%NA	10
86bc9746c694b0e15293860e2a64e0800c6533d1	NA%NA%NA%NA%NA%NA	10
ed9985ed4fcc6232e4a12d936292d97bead6995e	NA%NA%NA%NA%NA%NA	10
0b10c6b5a1f892ee32fdb0b070906a13cb32d011	Arthropoda%NA%NA%NA%NA%NA	10
733b126cb521cf5b31749ad8e06ea7e8d6663625	NA%NA%NA%NA%NA%NA	10
e74fd500f824ba566b375866be0d3840a0f9f7fc	NA%NA%NA%NA%NA%NA	10
8108b4dd6c4baee1c2f4c58378f77ba5a17b67a2	NA%NA%NA%NA%NA%NA	10
5ef3d4ae946705503f238d525bee709de3c21c53	NA%NA%NA%NA%NA%NA	10
7a3653b0f594d335a9af45adfa8df1a63a97d597	NA%NA%NA%NA%NA%NA	10
52f83a260eba89090d5f62602f099408e00a90e3	Oomycota%NA%NA%NA%NA%NA	10
19d67bb5e13ea8423a7eb55363b0c98311f1e74d	NA%NA%NA%NA%NA%NA	10
875f84aeaa24245ae1341d43cedcd503be29e4d0	NA%NA%NA%NA%NA%NA	10
8f5ceb1139779c6ac26c77e0e1897243afb9f61c	NA%NA%NA%NA%NA%NA	10
bcee749e111efcd9e8e0270b926c9ec8d3ec3b75	NA%NA%NA%NA%NA%NA	10
21cdee5484421c07a7e6e5d592440a90afea82e1	Oomycota%NA%NA%NA%NA%NA	10
9342e7ae31c8b5032905fa641444547fec569981	Rhodophyta%Florideophyceae%Gigartinales%Kallymeniaceae%Nereoginkgo%Nereoginkgo adiantifolia	1
5932ed975a6113df6e1c2c8bfe2418c8ae4e3fe7	NA%NA%NA%NA%NA%NA	10
faff2c33153dbf816def5485f151eacb5092a7f3	NA%NA%NA%NA%NA%NA	10
758bd027c915ed2c42f40b7bcf538f628c19b805	NA%NA%NA%NA%NA%NA	10
4bb13971c2e9274861a3b767067b9cb78aacad02	NA%NA%NA%NA%NA%NA	10
90535ff3b2be5719b8be47004edf0cf606b00126	Oomycota%NA%NA%NA%NA%NA	10
02959e6ced7bfddb26ba30b0ee4f6266f545c964	NA%NA%NA%NA%NA%NA	10
fe15fd8905f7209f6973e5b9f77610621f733e34	NA%NA%NA%NA%NA%NA	10
589f4a8ca8227748c8dc984c42fbaf98af5481f1	NA%NA%NA%NA%NA%NA	10
0b134d1f3549a3e67ef4faafb21451f55fe54b25	NA%NA%NA%NA%NA%NA	10
4b6480b83c636a3b3a8238df4b97dd7c4d02acde	NA%NA%NA%NA%NA%NA	10
50d8ff87c6eb411c31b1814f76886f95175c928e	NA%NA%NA%NA%NA%NA	10
ee99a622d3a20c8eef280cae75d681ea2e5c5c31	NA%NA%NA%NA%NA%NA	10
97a6a4f4b87984fbaec003a06fbc1f790a85e22d	Mollusca%Gastropoda%Stylommatophora%NA%NA%NA	10
f010df36fc445ba4a175e1faced5bd3f266a2828	NA%NA%NA%NA%NA%NA	10
d6c01723429406419f2c75d57ba65fa61c8dbdc1	NA%NA%NA%NA%NA%NA	10
fa81d16df529178ded9c5f19e681c0b79e335158	NA%NA%NA%NA%NA%NA	10
24739b34867bd7f59aa308aebe59f9217832823d	NA%NA%NA%NA%NA%NA	10
e60e640cc98f9a44564aa103de9afa58a43d3593	NA%NA%NA%NA%NA%NA	10
c3cf1ad2949634315d73099d5a39ba6efebe78d2	Chordata%Mammalia%Primates%Cebidae%Saguinus%Saguinus leucopus	1
1cde5bb4266e6541ae0a22c92b461913f5923d2f	NA%NA%NA%NA%NA%NA	10
05a3d55d156b0978d4f85ecfa8bf439fe48e0cf2	NA%NA%NA%NA%NA%NA	10
a761705b4fe62ada8299a285abc31682253df521	NA%NA%NA%NA%NA%NA	10
e89b18f3cebcd21749e9b617ed5083e82abb4073	NA%NA%NA%NA%NA%NA	10
1b50e4d2e7715f1192f1317fafefa40d2913a9c4	Ascomycota%Dothideomycetes%Cladosporiales%NA%NA%NA	10
23caebee10ebce82395a44af1de112c8aa6b9354	NA%NA%NA%NA%NA%NA	10
2c12dedb6d9e2cea2fe29e582505f1bf04c0a083	NA%NA%NA%NA%NA%NA	10
4144c02466e0c3b38bfcce96082165b8018233ca	Arthropoda%Insecta%Diptera%NA%NA%NA	10
4dc5234ae8a7ca11c49a107cd85d2b2ff5052cca	NA%NA%NA%NA%NA%NA	10
604f3c3751b90030defaa14694295479690a0f96	NA%NA%NA%NA%NA%NA	10
759fb2ebfc9271c5ecec472b0c141c3f55f4ff32	NA%NA%NA%NA%NA%NA	10
7b357c93d798eaec8ca2fdb110939cc38b55f01f	NA%NA%NA%NA%NA%NA	10
8464d63d347d9d15b2ff5b08cc0cb237d8b6044f	NA%NA%NA%NA%NA%NA	10
616bfa2e6ae32e505e00f54b1cb43c39e3b5075d	Ascomycota%Dothideomycetes%Cladosporiales%NA%NA%NA	10
ef4f9fa72002d7fee2e7c54d05113c62ec65f0e1	NA%NA%NA%NA%NA%NA	10
b0bfe0cc3a915c083c4ada4882ac9e3878ac7b23	Arthropoda%NA%NA%NA%NA%NA	10
0398b0d9cb4903405ccfad9097ff60257ac63022	NA%NA%NA%NA%NA%NA	10
14161f010e3be00627e143cf9f246b3faad74f02	NA%NA%NA%NA%NA%NA	10
989789cdf7eb9cd1dcf696d70e17e1aa947e6988	Annelida%Clitellata%Tubificida%Naididae%Nais%Nais communis	2
1e96954c2c9bc8a4677b43bc9f228d0f6cc17cb9	NA%NA%NA%NA%NA%NA	10
86c87b3227e4ddc6d074cf0b224e0e7fd0a79f69	NA%NA%NA%NA%NA%NA	10
542093fa40a89213addc7ce8c120d9949acf3439	NA%NA%NA%NA%NA%NA	10
b18636011c3806ccb778703804ca75dd37deefa0	NA%NA%NA%NA%NA%NA	10
06c5ccce19d439426cd127868c95cfbfea9b4cc3	NA%NA%NA%NA%NA%NA	10
13fd2cdd2c4b7303de96c96169a4840d972db8fa	Arthropoda%Insecta%NA%NA%NA%NA	10
8ec34c5b8a6f4fc1944c1f6fff432d800d641123	NA%NA%NA%NA%NA%NA	10
45eae2914c4316aac743eb7c29c724d82e1b4a48	NA%NA%NA%NA%NA%NA	10
68eb428f6d5bd7a927e1031e9567a066a4fefec7	Bacillariophyta%Bacillariophyceae%Naviculales%NA%NA%NA	10
fa42d08ab0e8c2c8a8a04abe3696fc9d5e2b4f97	Arthropoda%NA%NA%NA%NA%NA	10
79eaeaea405d74134e7dcd68b281eb6289de046c	NA%Phaeophyceae%NA%NA%NA%NA	10
fea8a6005b8b0e8b120e7e5b2a26e950483e2700	NA%NA%NA%NA%NA%NA	10
050b74f25df837c3610961aa918c8fdd3627c4dc	NA%NA%NA%NA%NA%NA	10
1ecd9454086f094da09420cf4204fe76155f7f59	NA%NA%NA%NA%NA%NA	10
b78755f59ce53d99a06339245c3d43ef4a863f69	NA%NA%NA%NA%NA%NA	10
db084ec21ce755760e18d642fd52e5ea0236f7cc	Ascomycota%Dothideomycetes%Cladosporiales%Cladosporiaceae%Cladosporium%NA	5
35a81a19eb46935fd90869e9006bd6a66413c988	NA%NA%NA%NA%NA%NA	10
994ac23288afb48dce460d5065593679169fb9a7	NA%NA%NA%NA%NA%NA	10
01f112a7069020f6efb14a9ea123a121aee50105	NA%NA%NA%NA%NA%NA	10
69765ed368e54641c88312ec845b6b4cec9eaaae	Arthropoda%NA%NA%NA%NA%NA	10
d0b94cc62dadeec8f7d0260b7dfb8d0e0ff95dda	NA%NA%NA%NA%NA%NA	10
97456c3d184e407c5294c09ffce1870b2172747c	NA%NA%NA%NA%NA%NA	10
8d599f4c8f384cb2f40a01edec96341050b72ba5	NA%NA%NA%NA%NA%NA	10
9064c730debe76690dce5c9af2f430d80b2c7887	NA%NA%NA%NA%NA%NA	10
445db70862e8e85b13d94d86a3d20ae342cd6138	NA%NA%NA%NA%NA%NA	10
9413991414e96ff8ec7a15c2bf8dcc9746e4a635	NA%NA%NA%NA%NA%NA	10
ea610a562fda35a65dba43695fd87b8363ad50b8	NA%NA%NA%NA%NA%NA	10
65bacfcdd2912efd312437048509fd9615ee35bb	Chordata%Actinopteri%Pleuronectiformes%Paralichthyidae%Hippoglossina%Hippoglossina oblonga	1
e0595f6901e066e85c6c42f5ebef838fa50331d4	Echinodermata%Echinoidea%Spatangoida%Spatangidae%Spatangus%NA	3
b36bd428bd17564144c45fb96af246d88e985ae0	Ascomycota%Eurotiomycetes%Eurotiales%Trichocomaceae%Talaromyces%NA	10
b5f3a7a3a173774b4bbe86967263f757f167aaf4	NA%NA%NA%NA%NA%NA	10
12bbb6ca5b2225f625a780ec55625599bedb86ef	NA%NA%NA%NA%NA%NA	10
a4c4453c47bb9def81e3f31c4897eca85a4ba60f	NA%NA%NA%NA%NA%NA	10
747d2be8502d7af7cd1b158a0d4515cbedc03f7a	NA%NA%NA%NA%NA%NA	10
a4af7644732fafa79d1998c93512e09ad54a243c	NA%NA%NA%NA%NA%NA	10
94c47cd62e06e7428658ea7ba363f94a2b915398	NA%NA%NA%NA%NA%NA	10
1218268eb3632554da1a9432c3ee86ab202aa2a8	NA%NA%NA%NA%NA%NA	10
3ace823c2013bcf19babc53bec729a3cbcefc481	Bacillariophyta%Bacillariophyceae%Naviculales%NA%NA%NA	10
142ffb95229b5e30dafe56d50400fb84e31e5d2f	NA%NA%NA%NA%NA%NA	10
b0fdc764397ff01d8c54de1b7e94c7fcde43a12c	NA%NA%NA%NA%NA%NA	10
3e4cb30b48ac09d3b899f0bbe39ed4ed4a07ff38	Arthropoda%Arachnida%Ixodida%Ixodidae%Amblyomma%Amblyomma naponense	1
bd5d130bc35215af38db53e5fb4e8b7cb6685ccf	NA%Phaeophyceae%Fucales%Sargassaceae%Ericaria%NA	3
3c95bd3803ef89ed580295c42487244e2e5baf38	NA%NA%NA%NA%NA%NA	10
e077cbd4a7fc64092a3e6c2d345eae6c6a79ad21	NA%NA%NA%NA%NA%NA	10
78a016f020c1527c388a4c4fed0ecd4dc62ed719	NA%NA%NA%NA%NA%NA	10
55dec53c9b2ec04dd0d1160ebe83ffa5fdca668f	NA%NA%NA%NA%NA%NA	10
55d0a5dbb0c13d37539a26b68dfaae57e455d1e7	NA%NA%NA%NA%NA%NA	10
bf17e0cc4ab968c8760d2806ded158dacca68944	NA%NA%NA%NA%NA%NA	10
5b5c70a7aee34b0b8ea9f53bbc624139cf42256c	NA%NA%NA%NA%NA%NA	10
a9196853f6ad7ed9cd149f3bd425b31919671ace	NA%NA%NA%NA%NA%NA	10
a6a83bf25206802357838765287090f3f650f5f9	Rhodophyta%Bangiophyceae%Bangiales%Bangiaceae%Porphyra%Porphyra capensis	1
d0360dc69196a522f9d16d5076c109b58be62af2	NA%NA%NA%NA%NA%NA	10
44f50d8bf4594ad5a4400c1d608180deba06830e	Oomycota%NA%NA%NA%NA%NA	10
e2d6b1f6ff56663e29461733e57d4e9e86c4d7fd	NA%NA%NA%NA%NA%NA	10
99d91ec9a06247ead801d13b7e2de2aec9ffb16d	NA%Xanthophyceae%Tribonematales%NA%NA%NA	10
3c0701805663c18f78a1a35e8c87c81f5fc9046d	NA%NA%NA%NA%NA%NA	10
26e3d0a0e44a9139b9e5ee39737478ac31387707	NA%NA%NA%NA%NA%NA	10
a1d9a1ce949e742f1992cca09e2dab2b838bb668	Ascomycota%Eurotiomycetes%Eurotiales%Aspergillaceae%Penicillium%NA	5
0972cdfe3f6f73ad754daca5206e7d131fd83060	NA%NA%NA%NA%NA%NA	10
a796a147bc92dc0742de37d6139556b5b5db4a0f	NA%NA%NA%NA%NA%NA	10
7ef1c80d0997d8a66d49fd233e700fdf43d59aab	Annelida%Polychaeta%Phyllodocida%Nereididae%Neanthes%Neanthes acuminata	1
d0ba94db1e08cf0dd63a67952f996f7e4d197a61	NA%NA%NA%NA%NA%NA	10
ee2187488c47120ad0f89b7d35b0e380e8420472	NA%NA%NA%NA%NA%NA	10
79a00300a1c4dd197413e723ccbff3e5405362e0	NA%NA%NA%NA%NA%NA	10
e09263abc7d841397e7d46cadef0ea1484152444	NA%NA%NA%NA%NA%NA	10
76de9e3c928c28f9f820e825e41ad9d1369fc8fb	NA%NA%NA%NA%NA%NA	10
8d240a4d4027d20fe9f2038d433a9d59d61777f5	NA%NA%NA%NA%NA%NA	10
c2097d73d4bc0af5649967e88f46b2afd7e30200	NA%NA%NA%NA%NA%NA	10
ff13875a704b05fb756b06c5eaf6125c2c8547e5	NA%NA%NA%NA%NA%NA	10
1502680e3eafd4eae65fd94eed27edb5a13a4728	NA%NA%NA%NA%NA%NA	10
2e01de01162b840a94c7641672483848e32ffd9e	Mollusca%Gastropoda%Neogastropoda%NA%NA%NA	10
4457e949c09165a40b41eb9eed4aa621c1b27789	Arthropoda%Hexanauplia%Cyclopoida%NA%NA%NA	10
4d2cba1d58e5cae1c24a6ef85acf2ca1ac00dd11	NA%Xanthophyceae%Tribonematales%NA%NA%NA	10
a6c14f7fbcdabe55029ff8e2d9c6aea3af7fcd64	NA%NA%NA%NA%NA%NA	10
152a3f450089405b2beba0abdacb93f1ec04df7c	NA%NA%NA%NA%NA%NA	10
3ee09b7102f29f8254f2522bd851c8b1a12f01a5	NA%NA%NA%NA%NA%NA	10
b874c40f714a3338e00a0be06b2edfc2d1feadc9	NA%NA%NA%NA%NA%NA	10
ce6aee34c959dffd493b2a45a3e7f026db417a05	NA%NA%NA%NA%NA%NA	10
f37f5b3f07faac4d2ccb52bbc5d7b94c775311e7	NA%NA%NA%NA%NA%NA	10
245e1ddde717a1cd5ee15cacc05325053c9dc1a6	NA%NA%NA%NA%NA%NA	10
e798d97c9fce9af486bfe51757d3df9da08b29d3	NA%NA%NA%NA%NA%NA	10
50932d6a9149075f4b7a2df4cd978c7a342e1c90	NA%NA%NA%NA%NA%NA	10
5ca859b08a83145fd862d653d093e91e31dc8fd2	NA%NA%NA%NA%NA%NA	10
1c99b77c76c19ad59a9b24b38ef5a0fd450cf791	Ascomycota%Eurotiomycetes%Eurotiales%Aspergillaceae%Penicillium%NA	3
881967d1d8839a79926fbbdd14bcd3d75921e8ba	NA%NA%NA%NA%NA%NA	10
ccb19600bbcb5b119a99f3c1b6392fd72774662c	Arthropoda%Insecta%Diptera%NA%NA%NA	10
4b6e564dba2d8fedec59c37badbc93013f2505a3	NA%NA%NA%NA%NA%NA	10
19758ccacc961a79b385abacba0bcf66bcb46b5d	NA%NA%NA%NA%NA%NA	10
3dfab88a858f46a200c42ca86cfb41c89d31437a	NA%Xanthophyceae%Tribonematales%NA%NA%NA	10
b15e123709a69ff46f49f1a86abd85e0a8cbd865	NA%NA%NA%NA%NA%NA	10
f3c8a1289b1bcab77af09c2499e57b4fb2976dcf	NA%NA%NA%NA%NA%NA	10
8ebda3ae64214cfc6e1b341ee8bb2741cb48c624	Ascomycota%Sordariomycetes%Hypocreales%NA%NA%NA	10
9b8403869e21509a31b17e95f43652762cfe44a2	NA%NA%NA%NA%NA%NA	10
c6dabb2ce3257ecf245d1557ad8833d168b981a2	NA%NA%NA%NA%NA%NA	10
4486116571501b147255adb884ecd3c1506a2909	Arthropoda%NA%NA%NA%NA%NA	10
f747e79078eddb261b5245e5c9d1796cb401e509	NA%NA%NA%NA%NA%NA	10
fb06c0df541ba7a64271cf68944a45d08f7ee619	NA%NA%NA%NA%NA%NA	10
2ba03f3e6ad87224a17be2df5acf77b403d50f8a	NA%NA%NA%NA%NA%NA	10
24358ab4742ed86b75657a622e0f09fcaf64366f	NA%NA%NA%NA%NA%NA	10
6c2cb787ed3d44c2fd0bf5a4065d219bddf707e8	Ascomycota%Leotiomycetes%Chaetomellales%NA%NA%NA	10
09bc0c2c24a57e9acb54637825874dcf59d4f190	NA%NA%NA%NA%NA%NA	10
aac9c946048c73fdd11648174acd116a86f66eef	NA%NA%NA%NA%NA%NA	10
0b709b910a50130756360170c4839077c1129c29	NA%NA%NA%NA%NA%NA	10
3872600cc6b5a097860139fe2c2d3b39923b656c	Bacillariophyta%Bacillariophyceae%Naviculales%NA%NA%NA	10
480193c8d81f55fc433679b1113052d3a20e518f	NA%NA%NA%NA%NA%NA	10
0794f67d74371b077246d9ab171c95113cd1bc14	NA%NA%NA%NA%NA%NA	10
70c70ac91dc20d561c484f153d6e99c439dc721d	Arthropoda%Arachnida%Sarcoptiformes%Tectocepheidae%Tectocepheus%Tectocepheus sp. BOLD:ACE1222	1
7e5bb4cd67ead037bc35332b7fc43b1dd13ce8f8	Ascomycota%Eurotiomycetes%Eurotiales%NA%NA%NA	10
f138a6b24b1d0f45a6f2edf0f9ef375ffbcd98b9	NA%NA%NA%NA%NA%NA	10
f98318fc21bc3c1dd7c524a90c82d6316ec72f18	NA%Dinophyceae%Gonyaulacales%Amphidomataceae%Azadinium%NA	4
6a427a7040972dab359d0790833be0107dab0075	NA%NA%NA%NA%NA%NA	10
86e250e40f7d5a7f86ade6479418477641382678	NA%NA%NA%NA%NA%NA	10
ad6dff9a70a03a80e636b26e67abec8a429c7bca	Ascomycota%Sordariomycetes%Hypocreales%Ophiocordycipitaceae%Purpureocillium%Purpureocillium lilacinum	1
b12d83afdfafb8ef973ada564a2ec30abff6e792	Mollusca%Cephalopoda%Octopoda%Octopodidae%Macrotritopus%Macrotritopus defilippi	1
08ed69986e9eb99ec6becbc2e9cad1b514f6fe71	NA%Xanthophyceae%Tribonematales%Tribonemataceae%Tribonema%NA	10
1091571a9b37b63b9a257297c7c31d38a7123757	NA%NA%NA%NA%NA%NA	10
eb40f672b9c3879d5dce15ff68a71e25317b8566	NA%NA%NA%NA%NA%NA	10
16df5965f91b2d92e591217a92480e434d8460f7	NA%NA%NA%NA%NA%NA	10
600349fb7b450db5c9938d4977e3c8392b052909	NA%NA%NA%NA%NA%NA	10
61cc78f74d4d4173934ad43b927ba115994c14b9	Ascomycota%Leotiomycetes%NA%NA%NA%NA	10
8883f54ef3e128f89d9f0779c0dd2aa4f8189137	NA%Xanthophyceae%Tribonematales%NA%NA%NA	10
98f7505f133d7e37e70ae8a584c0224e245dd9e5	NA%NA%NA%NA%NA%NA	10
648fe9966dd3738dc94dfa70f2340f0ca664ad20	NA%NA%NA%NA%NA%NA	10
73048e9fe2b9661afc0b0e52eac8293fbf1a9840	NA%NA%NA%NA%NA%NA	10
f82937a7b51f83fd1d9e98a9390b3e78baa53670	NA%NA%NA%NA%NA%NA	10
cf1d4ff950b372d264d26e70af77690953ad3520	NA%NA%NA%NA%NA%NA	10
62e2be1fd8601ba2d87974fc7bf916abf33a4d1e	NA%NA%NA%NA%NA%NA	10
f5278896d2a5354283c0962a4e7bfc6cef60bcdd	Oomycota%NA%NA%NA%NA%NA	10
0231b73fc3ea2eb29aeedbc70ecd940db06cee78	NA%NA%NA%NA%NA%NA	10
d6b3461f65aa91f4c8028d567ed0b70e25735b31	NA%NA%NA%NA%NA%NA	10
e2533b433184b96e01048bccde2d13b6ec3e3446	Ascomycota%NA%NA%NA%NA%NA	10
1559e2de59e66b9531f4611bd94325e92c101686	Arthropoda%Insecta%Plecoptera%Nemouridae%Nemoura%Nemoura lacustris	1
81f4ac2de580db59b82511c15c3055c12165f639	NA%NA%NA%NA%NA%NA	10
2c39371078aca705ab6875cc0b7396d6226bebe5	NA%NA%NA%NA%NA%NA	10
6b524e3b61589d0a8a3054beadc5d8754727a021	NA%Xanthophyceae%Tribonematales%Tribonemataceae%Tribonema%NA	10
67c143ed318a8ed6ad6ad49c7e64b0d0537f12f8	NA%NA%NA%NA%NA%NA	10
1505f9bdb75f5b5d67b61a9759a2281d17a78eef	Ascomycota%Dothideomycetes%Cladosporiales%Cladosporiaceae%Cladosporium%NA	3
3fdd1e612acbb14240a661eb194e21b4bde7f40c	NA%NA%NA%NA%NA%NA	10
76b61ce969f8a9575af268c7dcc2af592faf0d91	NA%NA%NA%NA%NA%NA	10
f76e8e983f89effe81407e05295cdf9552e054f2	Arthropoda%NA%NA%NA%NA%NA	10
cc059088882e94b0a0bb9eeebe6c52bb156edab0	NA%NA%NA%NA%NA%NA	10
686af779ed2f7d2083366356174a8ca39dc94bbb	NA%NA%NA%NA%NA%NA	10
d9d0501acbe47e29dcefe6f6cb930958ce2f3d11	NA%NA%NA%NA%NA%NA	10
edbd1f098557d644861ba18a0fb4dd5e3cfd5503	Arthropoda%Arachnida%Scorpiones%NA%NA%NA	10
f25fdb5b10c69b46e357487681982da3cd698a00	Discosea%NA%Himatismenida%Cochliopodiidae%Cochliopodium%NA	3
9f8aa740866947790c859375c320ca523f0ab157	NA%NA%NA%NA%NA%NA	10
9feadb7258e07ee3ba5f807a950a0af71ab8f4b5	Ascomycota%Eurotiomycetes%Eurotiales%Aspergillaceae%Aspergillus%Aspergillus terreus	1
9afc9413cc4ea9e8f4b96b7373b62ae07614df2c	Ascomycota%Sordariomycetes%Hypocreales%NA%NA%NA	10
f3dbbda97af0a946f47e2f620fe19edb65340bcd	NA%NA%NA%NA%NA%NA	10
fb432070713eafc5c26e634e326fd137aa1a4aa9	NA%NA%NA%NA%NA%NA	10
46907275223f22783f862d240888d2114ed1c596	NA%NA%NA%NA%NA%NA	10
93218bcf4d678bcf65f0dac1f87e9548bc29c863	NA%Xanthophyceae%Tribonematales%Tribonemataceae%Tribonema%NA	10
3d3eb5f9374acbaf9df53f9296c9ca707cfd8a9b	NA%NA%NA%NA%NA%NA	10
41201dcb02b8a8bc8277e23572b445a8cc52e13d	NA%NA%NA%NA%NA%NA	10
04b5e7a1acf6b68aa52482ab865bb080b4e3e1d9	NA%NA%NA%NA%NA%NA	10
41e56fa83fa8e39ba0b8e36d78c7b31be3a6167a	Arthropoda%Malacostraca%Decapoda%NA%NA%NA	10
dce7440031eb1682d02981bd6881789b98cdb2f4	Rotifera%Eurotatoria%Ploima%Notommatidae%Cephalodella%Cephalodella catellina	1
0827c89c6ac3a50dd10d9515e05b6ca186d46b48	Porifera%Demospongiae%NA%NA%NA%NA	10
9b068a30e3aa597725061dda588af0e2f8071650	NA%NA%NA%NA%NA%NA	10
085a3363fce8ddd6beb3339d55d63e5e30fa1da0	Ciliophora%NA%NA%NA%NA%NA	10
025f7ee92ffbc956400f3401ac191fc5a59c2aa0	NA%NA%NA%NA%NA%NA	10
32af05a1e9f6937ddb7dd11997200314068f8749	NA%NA%NA%NA%NA%NA	10
097e470755fe6a7212f4f8a9c625ac3c2134215d	NA%NA%NA%NA%NA%NA	10
161809afda147fa9076489efa55f1960ff153bd7	Rotifera%Eurotatoria%NA%NA%NA%NA	10
22724027b278f59977fcf71b6aec6f168c273c01	Ascomycota%Sordariomycetes%Glomerellales%NA%NA%NA	10
2a629c35de1a7e066c0eecbadf6c138b025298fc	NA%NA%NA%NA%NA%NA	10
52c48b841e42008b33677ce520c0fe54e05d342b	NA%NA%NA%NA%NA%NA	10
555ec48c490068e96e142fe340e0f3d482d77667	Mucoromycota%Mucoromycetes%Mucorales%Mucoraceae%Mucor%Mucor circinelloides	1
7c8a114db8b42f2e32d692a01b9d959be9000419	NA%NA%NA%NA%NA%NA	10
7ed5689801562ffca2135606527d973a1a43eb42	NA%NA%NA%NA%NA%NA	10
acb2647ff02317c6a5acd04d83dadf8defd54328	NA%NA%NA%NA%NA%NA	10
6edc2826654f854ea48ba104b8b4cfbd5ce6c7ea	NA%NA%NA%NA%NA%NA	10
898c1ace1a9989c28f4def6b1f6adb05bd4fe299	NA%NA%NA%NA%NA%NA	10
f5f605c1e2c6a85e97ad6bb12bcb1a6a98f57bd3	Arthropoda%Malacostraca%Decapoda%Porcellanidae%Petrolisthes%Petrolisthes galathinus	1
00e0b51d3dfd6588e4d7eb157892c1577816852f	Ascomycota%Sordariomycetes%Hypocreales%Nectriaceae%Fusarium%Fusarium oxysporum	1
ccf5fd5628f92aa42aa79d7194a70676486a06dc	NA%NA%NA%NA%NA%NA	10
47d7167ab28aa608f5047801d9506207f7c1a888	Echinodermata%Ophiuroidea%Amphilepidida%Ophiuridae%Ophiura%Ophiura albida	1
635f17d075b8fba4b126d5c527ca2608777e5ac2	Ascomycota%Sordariomycetes%Hypocreales%Cordycipitaceae%Akanthomyces%NA	10
1d0cfcc3608b2e7e89bef30d6b2db2022223fe4b	Arthropoda%Insecta%Plecoptera%NA%NA%NA	10
10f5905768fa6b39a8785938420c1c8f8333168a	NA%NA%NA%NA%NA%NA	10
8bae67792038e3ded17951650bba05095499ebbf	Ascomycota%Dothideomycetes%Cladosporiales%NA%NA%NA	10
66caf25783c6a401f25f099abc165811b021de58	NA%Dinophyceae%Suessiales%Suessiaceae%Yihiella%Yihiella yeosuensis	1
9cd9b5daa701b16d1de4ada240b9fffad98bd94b	NA%NA%NA%NA%NA%NA	10
9903f567f36619a75166127c435ac558acba5803	NA%Xanthophyceae%Tribonematales%NA%NA%NA	10
ccc2443a26a8ae7fc5310d0e3850dc08df10bbba	NA%NA%NA%NA%NA%NA	10
cadc8b1e87bb83693e5bfa902a5b255cb3c4f534	NA%NA%NA%NA%NA%NA	10
dfa875bd03343bc3bed5c134459e02a8df755ed6	Cnidaria%Anthozoa%Actiniaria%NA%NA%NA	10
db0076109efa88e86b333ddce35b22a7f6731936	NA%NA%NA%NA%NA%NA	10
be7777abe16a253409cfbcef2891331ae2c8d003	NA%NA%NA%NA%NA%NA	10
bf713959abb2505b79abb466064bd6dbba195253	NA%NA%NA%NA%NA%NA	10
09b37ebae343f5fb74efca08f4bad878c41feb3f	NA%NA%NA%NA%NA%NA	10
3df2c9b810644c31df70609d836a1d3656f8e6c7	Chordata%Mammalia%Primates%Cebidae%Saguinus%Saguinus leucopus	1
7243af9e30ee56a14fcd470cd803bda6ec585ac6	NA%NA%NA%NA%NA%NA	10
7f470b5521332acda4c1561e78daa99b960adf73	NA%NA%NA%NA%NA%NA	10
a331c49772a8a6480a77a4b4e3272b2cb890c5f5	NA%NA%NA%NA%NA%NA	10
96c63bc4a6152ffe4051c60bd699941efdfecb38	NA%NA%NA%NA%NA%NA	10
b16b86548f1a266c7ec25917fb6883d17b48ac3d	NA%NA%NA%NA%NA%NA	10
b466a0df928f508ad2188636b35f3358ec6016e1	Ascomycota%Sordariomycetes%Hypocreales%Bionectriaceae%Gliomastix%Gliomastix murorum	1
7fa546cd7eb71acda8fef6d744b3f7c68d6fd7d4	NA%NA%NA%NA%NA%NA	10
b62ffd6d54807eb72238db130eef17cbba8918b5	NA%Xanthophyceae%Tribonematales%NA%NA%NA	10
be49b3f6bfb20cc36de070ecae2caf2730f54bc4	NA%NA%NA%NA%NA%NA	10
bf787a8eebf2694575c3d51916e86a533ff1f318	NA%NA%NA%NA%NA%NA	10
c08e69c1d4f19d1587d1196e48351165b2ff3452	NA%NA%NA%NA%NA%NA	10
fe4c301c3055bf8b5404d92726eafdf9e0e8f4a2	NA%Dinophyceae%Peridiniales%Kryptoperidiniaceae%Durinskia%Durinskia baltica	1
e982be8f32cb9c3c9eec151e355f8aa244d666c9	NA%NA%NA%NA%NA%NA	10
c47883e3622125f2d2bc30a826dcf15e8c1d3145	NA%NA%NA%NA%NA%NA	10
c1267292a48d6bf2b49e1ffd85f2889da5698b3e	NA%NA%NA%NA%NA%NA	10
2c91851e7bc7ef2114a2a1ce381655295b063688	Rotifera%Eurotatoria%Ploima%NA%NA%NA	10
28bb7accffb0c2e1c6d3aa56d8ebfa9f96c294de	NA%NA%NA%NA%NA%NA	10
2539ab316b05a4a99b12918a33226a22f95d1b64	Ascomycota%Dothideomycetes%Cladosporiales%Cladosporiaceae%Cladosporium%NA	5
269d8697eb93e757349f9356ea08774fbc671ad0	NA%NA%NA%NA%NA%NA	10
301a799b655f7cf9344d09e903b6ef7c57c825c7	NA%NA%NA%NA%NA%NA	10
0d0ef6592720c046d52f36c1f2ca8003e8370c8e	NA%NA%NA%NA%NA%NA	10
0be07e8b3f2eb609131b73e05ed188c8401c184f	Porifera%Demospongiae%Axinellida%Axinellidae%Axinella%NA	3
16ffc936aaddb436924d12b0a009feffd15fbc0f	NA%NA%NA%NA%NA%NA	10
1117a6eee1738c483aacb46621d8f54c54a31641	NA%NA%NA%NA%NA%NA	10
52bc962b4fa28aa803b1cba1594dce7a1e6f83fc	NA%NA%NA%NA%NA%NA	10
7144d78ba61613e3cfccb0283085422ca3f6f3ea	NA%NA%NA%NA%NA%NA	10
4655d1331792ba586ad592c8c61bb42f194c7d0e	NA%NA%NA%NA%NA%NA	10
55d74df5995dd5268487116ac66589bc6c03d0a9	NA%NA%NA%NA%NA%NA	10
60bde9060fcf9eb797fdad21d6dda1249c4ac70f	NA%NA%NA%NA%NA%NA	10
6d568e14d5295f873191b531242a49c2dccc93c4	Echinodermata%Echinoidea%Camarodonta%Echinidae%NA%NA	7
79e1239edac396a1a7c80819f8cd1513a1f79cd5	NA%NA%NA%NA%NA%NA	10
3e9b4a32bcf052587725450183df1970116c9d5f	NA%NA%NA%NA%NA%NA	10
67bfa6ea707ceead1fd08becf3b87d7017d47293	NA%NA%NA%NA%NA%NA	10
777800611346751139c42b2f9d953ca8fd2cea3b	NA%NA%NA%NA%NA%NA	10
4f9384cdde06d7374e8b4aa2feb8ba26fa81ce27	Ascomycota%Dothideomycetes%Cladosporiales%Cladosporiaceae%Cladosporium%Cladosporium herbarum	2
18a8e211df62ae249ff326c9ded2f588b04ffbd0	NA%NA%NA%NA%NA%NA	10
596e90338030434bf72f46a7d9e1add0ea522dae	NA%NA%NA%NA%NA%NA	10
b277aa53e180f11d7cb8b5fc2d93a1460bc06587	NA%NA%NA%NA%NA%NA	10
d0e3a0fbb24b97d7ccc3698ceed1bcb0f46b10fb	NA%NA%NA%NA%NA%NA	10
cb968ed34dd457b5726026e1b6b85d68d42c240a	NA%NA%NA%NA%NA%NA	10
ed6e8d8c715c2bf8887f6191a9928104cb762873	NA%NA%NA%NA%NA%NA	10
7a7d8c38e60c099ca1120754ecfe3c72fb0ae2c5	Chordata%Aves%Pelecaniformes%Ardeidae%Botaurus%Botaurus lentiginosus	1
be73eee55aba39b3a1693b0a2a03621ea7baf9e1	NA%NA%NA%NA%NA%NA	10
b5ea28060a39beb33a0971e811084d8d32c5ddb1	NA%NA%NA%NA%NA%NA	10
8efbf2d8261ae7a5cdd29eeb42114120d335c316	NA%NA%NA%NA%NA%NA	10
4689e07bb31c8d706e61f0b5dbd7f20fcc338f4e	NA%NA%NA%NA%NA%NA	10
c9a324ad5923d6b6e407fe46f0216ed879fb9d73	NA%NA%NA%NA%NA%NA	10
911617f211c9aa55916a9031ce11b7016a84ef99	NA%NA%NA%NA%NA%NA	10
6e4ebab55a30de5fc032a3c7aaf9bded63b4a910	NA%NA%NA%NA%NA%NA	10
f04faeb01cc2ec1f2a386fa1c5b53ac2aa300fda	NA%NA%NA%NA%NA%NA	10
97dd49800a7938869f88ca3fe64926aaec095533	NA%NA%NA%NA%NA%NA	10
76e5b69aca8e9699dab27b88b9e8e0e78b25a1e0	NA%NA%NA%NA%NA%NA	10
1b777f053598cd2f0204f3b018497b2a67b941d9	NA%NA%NA%NA%NA%NA	10
ca051303ebcb0d719531e334f57a6edf3100a3ab	NA%NA%NA%NA%NA%NA	10
785982d14a8374ed61ca3361fe8a82feceea9971	NA%NA%NA%NA%NA%NA	10
14b90991bb94ddb50badc2e2a8e38174fa3f79fd	NA%Phaeophyceae%Ectocarpales%Scytosiphonaceae%Colpomenia%Colpomenia sinuosa	1
32e1ebfddb3ed089f63570771bf0cb41f8f90277	NA%NA%NA%NA%NA%NA	10
54a8215bf6fc6db952694339ac751bbc0aca8520	NA%NA%NA%NA%NA%NA	10
c360eb22ae88537158df381950e5e34f5644aa04	NA%NA%NA%NA%NA%NA	10
4987415149659c508663700fd378d558aeaa0c72	NA%NA%NA%NA%NA%NA	10
c71c6ad9dac4551e2453ff3714d50b4a43b4095b	Chordata%Actinopteri%Cichliformes%Cichlidae%Cribroheros%Cribroheros rostratus	1
61ada24e75c4256d8a3e97b7cc7cd0b970af841e	NA%NA%NA%NA%NA%NA	10
087ac980edd044be0d2deacefb95c30fa868a5db	NA%NA%NA%NA%NA%NA	10
13dccf538823be5b6a573ea6767bddfc8350828a	NA%Phaeophyceae%Ectocarpales%Chordariaceae%Cladosiphon%Cladosiphon umezakii	1
87acb9b0e49308793adfcb679dcd834c1c90d7ca	NA%NA%NA%NA%NA%NA	10
0105c5a9afab03966417b765057a2d6b85229d5b	NA%NA%NA%NA%NA%NA	10
70bd8d1b1b6b917d864b4978b36c0d8122bf670e	NA%NA%NA%NA%NA%NA	10
baadad95f1248fa086e5ebbefd6e1ed5805847d2	NA%NA%NA%NA%NA%NA	10
c4817c3a5374e3ff603026ec2256c33836c7b26b	NA%NA%NA%NA%NA%NA	10
5664ab99c906fe302fe219a9a858cb7112005a39	NA%NA%NA%NA%NA%NA	10
57359fbf68d4a68da0ad4ad1cf02273bf5379d18	Oomycota%NA%NA%NA%NA%NA	10
8f1cf7c1c0db910ae4812c9875abd81115c3e827	NA%NA%NA%NA%NA%NA	10
e4b12d2927477595aaea852f42d723de8d8cd9b5	Arthropoda%Insecta%NA%NA%NA%NA	10
80600f41425e0869165bfa1ec0baa639820939b7	Arthropoda%Insecta%Raphidioptera%Inocelliidae%Negha%Negha inflata	1
10bebe2f060fb877637a49f07fe93a7129b47748	NA%NA%NA%NA%NA%NA	10
35fbfee28a85948f3ac05bb2d5c08a5f42d349fa	NA%NA%NA%NA%NA%NA	10
c57ab00f6bdd0e6b611e70f2d3d49f84c5967451	NA%NA%NA%NA%NA%NA	10
2ea348101287861af73b303bd05d7dd3292cdd91	NA%NA%NA%NA%NA%NA	10
8accc7b1a50b8e75fe715858b5b0fff419585cfc	NA%NA%NA%NA%NA%NA	10
2df4039168a5c1b8948f4e2ca80638eff10d9cdf	Oomycota%NA%Peronosporales%Peronosporaceae%Basidiophora%Basidiophora entospora	1
9ee5129dac54f8b982dcf90509a14f8c82895f68	NA%NA%NA%NA%NA%NA	10
1fcefd9e0fa7e2b58496e8b4ea9d5da9128a96b3	NA%NA%NA%NA%NA%NA	10
0bda899dfa3c310ea60e60ef5b8e0c6c18e2ac64	NA%NA%NA%NA%NA%NA	10
3e55f6499ecd4f26eb23eb3c34bfd80e2f5d959e	NA%NA%NA%NA%NA%NA	10
a2bbd5972de72a04ca8cd9e9a5be4f8943e714bd	NA%NA%NA%NA%NA%NA	10
6c4b3c91d3393ea0c80106516cee2d650fec73df	NA%Phaeophyceae%NA%NA%NA%NA	10
14e1f8c552665abb8d35757f87cf06e65234e05f	NA%NA%NA%NA%NA%NA	10
63a9e98e83708dfd5dd5354a2f3239718e379ad3	NA%NA%NA%NA%NA%NA	10
0e3d4a9c650e94acaa25aea9716257aa1164c708	NA%NA%NA%NA%NA%NA	10
14b00dd3260be72e17237342f8cd0f21190a025d	NA%NA%NA%NA%NA%NA	10
ab3150eed8824d31cafbf7048393ae9b178d071e	NA%NA%NA%NA%NA%NA	10
dc6bece3bcb70ca241982450d42a681f412c2914	NA%NA%NA%NA%NA%NA	10
fcfdc812b37c2e413fc0a7a696cdf2fb7328b9d4	NA%NA%NA%NA%NA%NA	10
a1a29891b09eabd7b778f6087ff959e7475f0dd3	Oomycota%NA%Saprolegniales%NA%NA%NA	10
eb76b0f1bfe11435b0a6cc6944ad071d76c23dc4	NA%NA%NA%NA%NA%NA	10
2b74fd6df36fed71efaa619ce71283af16adfe46	Chlorophyta%Chlorophyceae%Chlamydomonadales%Volvocaceae%Volvox%Volvox carteri	1
5dfca91acd2e889c6b38e35707f8556cc1c5f614	NA%NA%NA%NA%NA%NA	10
83a44deaa96c63d5b30fe4bb84fc79809a00f03c	NA%NA%NA%NA%NA%NA	10
83f3ba6579a81b2ca39011623177d7577e55e4d2	NA%NA%NA%NA%NA%NA	10
a156fc398194c66dec2121f325f50e7583c8bbcb	NA%NA%NA%NA%NA%NA	10
3448994f573a3131508784ea6610e1058a95bc5a	Arthropoda%Arachnida%NA%NA%NA%NA	10
6ac48d91a8b271d54cdf53c0bc5410c8318e0024	NA%NA%NA%NA%NA%NA	10
0293db6ccc97089f4fa120e496f6c4b3c4f847d9	NA%Phaeophyceae%Sphacelariales%Choristocarpaceae%Choristocarpus%Choristocarpus tenellus	1
256f0a7477822c58842432921dc437e65a18712d	NA%NA%NA%NA%NA%NA	10
57a59641d66f71b84bf73d01576a6cd4890bf961	NA%NA%NA%NA%NA%NA	10
b2d65d6f0925b88849f638f550965890ea1c15e1	NA%NA%NA%NA%NA%NA	10
d81ed561f3eb57af407eb778a1949b0217600fa8	NA%NA%NA%NA%NA%NA	10
57b466e58fee990f182d1e880dac60a7d80e03c5	NA%NA%NA%NA%NA%NA	10
8a5a3016ebcdaffae4d00af265c043bebccc919f	NA%NA%NA%NA%NA%NA	10
9cb22d3ad56e92e0adead971513961f8210db80c	NA%NA%NA%NA%NA%NA	10
6265d842357f860ba3a771d8662d93d7cad719bc	NA%NA%NA%NA%NA%NA	10
0738ead3fe40f5f8685c6c5b7d6cc0b960780044	NA%NA%NA%NA%NA%NA	10
fde1f40fafeee401147ce4041789a4e2f3d9ad44	NA%NA%NA%NA%NA%NA	10
81e732a577eb45ed29176a0bbe6275d002c8ffc7	NA%NA%NA%NA%NA%NA	10
58290f914e745e8f6c7e178f6b695247bfa2f5ac	NA%NA%NA%NA%NA%NA	10
45a99e6b8e08af4ca206a9595d3cb66167414db7	NA%NA%NA%NA%NA%NA	10
1f55c4d92249ba460a90b0b53705021f35b81644	NA%NA%NA%NA%NA%NA	10
1f16bf177c77809ed881099fc5362f2d3cd2d13f	NA%NA%NA%NA%NA%NA	10
25e6fd264f833a8dd1b773b64facb08075733d8e	NA%NA%NA%NA%NA%NA	10
cbcdd22f13de247fdce52c3fe681e1d5a6e2571b	NA%NA%NA%NA%NA%NA	10
271e42ba5c29ab7e8b5d97f6c8be880ab00b6b60	NA%NA%NA%NA%NA%NA	10
7b1a1772cf37cff82ab5e4f1168ea4e20e5f559a	NA%NA%NA%NA%NA%NA	10
2f596a974b2a96320797fb7e6307e833a2a1437c	Arthropoda%Arachnida%Sarcoptiformes%NA%NA%NA	10
3f7808ac4f86453c0c844ea4ecf4a35dd2effc8e	NA%NA%NA%NA%NA%NA	10
52e58c123644f9e36f0d4ef4c8158c81efbcbe07	NA%NA%NA%NA%NA%NA	10
7038ce9cc7aa87946ebf23c190669e7936b57b93	NA%NA%NA%NA%NA%NA	10
00c2ccf964dbc340e4d83722de4810000322a45b	NA%NA%NA%NA%NA%NA	10
f87293c6bc44ec454875e0bcdf204c144299aa56	NA%NA%NA%NA%NA%NA	10
6b35b6fe7676822c8534c23ae955535243189447	NA%NA%NA%NA%NA%NA	10
696d3407a90f1306a2b82bd7f8616ed9bbf238bf	NA%NA%NA%NA%NA%NA	10
300a67055222c696165d4b9258c706378d36d996	NA%NA%NA%NA%NA%NA	10
706c6f3929d7d97d5f58ba7e84659b8420017ee2	NA%NA%NA%NA%NA%NA	10
5e19124699efa77e786b73628bdac465c0bf850d	NA%NA%NA%NA%NA%NA	10
3b9b0f124dcdeab4edf445779ee23958cb66ecff	NA%NA%NA%NA%NA%NA	10
e9a98580dc698e9bb774e2e3caf3ca3250c6b650	NA%NA%NA%NA%NA%NA	10
21e0ef7107b61468e90387a4474145c80601374c	Chlorophyta%Chlorophyceae%Sphaeropleales%Pseudomuriellaceae%Pseudomuriella%NA	3
97b28e62e3af9c9e9e9c840aa1cd726b5a51310d	NA%NA%NA%NA%NA%NA	10
2c0abce603b9ed4e6169ae79003fb90236f9b029	Rotifera%Eurotatoria%Ploima%Synchaetidae%Polyarthra%Polyarthra vulgaris	1
c0e8058b74d37e7c29889e65e9ea5b991a7c3273	NA%NA%NA%NA%NA%NA	10
3a33595c4bf7b0c986b161554a364f9685438790	NA%NA%NA%NA%NA%NA	10
499887fe914294283479ea155f07d9dc79a258d2	Oomycota%NA%NA%NA%NA%NA	10
9872c23d57dcc723cb7b7a473b61fb63087dd0bf	Oomycota%NA%NA%NA%NA%NA	10
8c579f016e571297c1729698a4ffe48356af6132	Oomycota%NA%NA%NA%NA%NA	10
9c1f7e61785a59e53f9035fd38a6001c1f98ab87	NA%NA%NA%NA%NA%NA	10
50554a430bca52b9bc6d7b246eaa42d8a0a004eb	NA%NA%NA%NA%NA%NA	10
56aab335b4d50c0f510a7a9878a47e6c347b8465	NA%NA%NA%NA%NA%NA	10
19020ea4fd2c0ddeeb180d4400010623a8539b77	NA%NA%NA%NA%NA%NA	10
2e20a231cc1810fa29394b4d56a084294681c340	NA%NA%NA%NA%NA%NA	10
4c45947d1a280081806ef5e20b1ee1ed569c58e0	NA%NA%NA%NA%NA%NA	10
c57df055de688f3b67d6afd80e416c8bafa7aa94	Oomycota%NA%NA%NA%NA%NA	10
7eefd5852cc2dbbb4a61737809fb1635511f042c	NA%NA%NA%NA%NA%NA	10
9eaf1e36032c26050a40cbf8e8d4fdce9cb2310d	NA%NA%NA%NA%NA%NA	10
9477dbae8dbc15bb69a364271b870cd9b07a1b7f	NA%NA%NA%NA%NA%NA	10
7c61ae4ba6d221e6b5c5fd0766e0d8eadaad141f	NA%NA%NA%NA%NA%NA	10
70c0fcebd4148302676e512f9cdffecd0a762fb7	NA%NA%NA%NA%NA%NA	10
db633a91134507f422fb45f9352baee32d6ab46a	NA%NA%NA%NA%NA%NA	10
d71266a425a37cfdc6c70af1d84cc0a2a0c5224a	NA%NA%NA%NA%NA%NA	10
d2cac3d1ffb480005bb5442ae45d06a0cae8d1ca	NA%NA%NA%NA%NA%NA	10
d001640cb438f58f235eb8ef702b1fd1b1270dd4	NA%NA%NA%NA%NA%NA	10
cc0046b86e9a00a597c6e200bb0168a221864657	NA%NA%NA%NA%NA%NA	10
ca2635fd11101c499f6124927d0a637ff1bc8962	Arthropoda%Insecta%Coleoptera%Meloidae%Meloe%Meloe laevis	1
f06ee1b1a480edb5f9ae40e8bab110c52c1be1a7	NA%NA%NA%NA%NA%NA	10
ff36943a20fb592514b5cb4bf9c48c4fb19f7554	NA%NA%NA%NA%NA%NA	10
9cac8fa2a063911e12341ea60374ebac1a84e8e7	NA%NA%NA%NA%NA%NA	10
3f7acbd6c448068b69cd7fbcea17925e16e25eec	NA%NA%NA%NA%NA%NA	10
3be0641e208de4b09843386bccc7ef0d038226f6	NA%NA%NA%NA%NA%NA	10
4247af82783fec8c3b8d0536361bf5f244557df8	NA%NA%NA%NA%NA%NA	10
4fb08bc9f893bc71166318f4f887a50a633f38f2	NA%NA%NA%NA%NA%NA	10
5a3a6b2398ffe2ccad462d008f165d8bbf843c37	NA%NA%NA%NA%NA%NA	10
1eba56c1cbceaeac34a179109f4eb4b24f1f1c3c	NA%NA%NA%NA%NA%NA	10
6d5e00840b36ecdc5f4b45e859a119322b98d107	NA%NA%NA%NA%NA%NA	10
a98707503caa9523f447234e6329863270946ed1	Arthropoda%Insecta%Coleoptera%Nitidulidae%Carpophilus%Carpophilus mutilatus	1
66b04c4db50c5220e47d56ccc442160b80fdc89d	Chordata%Mammalia%Primates%Hominidae%Homo%Homo sapiens	1
a35054633a17359729fb0db51f9a719a74a6dd91	NA%NA%NA%NA%NA%NA	10
b237b1a5d4e25097765fceace9e5ee7980209c30	Oomycota%NA%NA%NA%NA%NA	10
9f1b964e45d7e2e3c7270431c2e03399ad154eb4	NA%Chrysophyceae%Chromulinales%Dinobryaceae%Poteriospumella%Poteriospumella lacustris	2
f490c6083d03ddcaab7763b9654da3e2c510db2f	NA%NA%NA%NA%NA%NA	10
c6ed617fe18779331d307d0b653d101358630718	NA%NA%NA%NA%NA%NA	10
c8c6393c2e672dde9b376d9ee631952bcec90b69	NA%NA%NA%NA%NA%NA	10
dece66d1b4cd4538b9d8b6d2ad412659ea2f6253	NA%NA%NA%NA%NA%NA	10
de03e19b4ebb0c0de4e522dec8d89332de4a9159	NA%NA%NA%NA%NA%NA	10
bddf6e4371ea6f1c44b3d39eeb147b4bdd05f05d	NA%NA%NA%NA%NA%NA	10
e0e9d90e6637ac7e5743f9c9b9b3b2e57dffe0f5	NA%NA%NA%NA%NA%NA	10
b84dd5acfa4d89a415520dcda973047128cfa986	Oomycota%NA%NA%NA%NA%NA	10
510861183c7fa1e528f10cbf937e6c09b413b4a1	NA%NA%NA%NA%NA%NA	10
1d6ba6706410f96a1bd15daebedfaf011dca99fb	NA%NA%NA%NA%NA%NA	10
2e8bc20255cdf5eb732d053e05b34407b3a7d987	NA%NA%NA%NA%NA%NA	10
2e0c939f16b8fb9228e50df8c79057acc1d90db8	NA%NA%NA%NA%NA%NA	10
2bc79558c6a1276696b196ac89981f98253b6132	NA%NA%NA%NA%NA%NA	10
2c9d5df2acdedc82cc4bb9f8f21a02a8b059318b	NA%NA%NA%NA%NA%NA	10
265ba405a6a7eafcbefeee2e0b7dfedadfc02698	NA%NA%NA%NA%NA%NA	10
2629ce1034504f4494c528b62c2093d91a9b4a32	Bacillariophyta%Bacillariophyceae%Naviculales%NA%NA%NA	10
0ede3a4020d4e4b55f95333a570d3a4f31104992	NA%NA%NA%NA%NA%NA	10
04cd4478b732756423d14eea29b73504fae5dc61	NA%NA%NA%NA%NA%NA	10
9435d0a92c32e2c4fb3d263603e0ad2e8a274ee5	Arthropoda%NA%NA%NA%NA%NA	10
98e36441011ccfe16a73c477995545083bfe9045	NA%NA%NA%NA%NA%NA	10
6e0f149337b4939aa7f2e5f16874fc9774d71972	NA%NA%NA%NA%NA%NA	10
737b68c0f4f2f9381037ac07a2299fc6d4e2469d	NA%NA%NA%NA%NA%NA	10
7138e35e969ad37965040538a7da2f4399e1a14f	NA%NA%NA%NA%NA%NA	10
4ba55cb6ceb9a691e82aa444e2eae2ddfaf8c54e	Oomycota%NA%NA%NA%NA%NA	10
ad02116370bb5dc9a149cfbcbfc4a6e054818895	NA%NA%NA%NA%NA%NA	10
9df064a4d07d2735506196ef2382f9dd2ca424cb	NA%NA%NA%NA%NA%NA	10
9d008f68bc5e275617fad898478ca8b2d9343dca	NA%NA%NA%NA%NA%NA	10
98877b68f336e1eecd7c888570038890d7dedaab	Mollusca%Gastropoda%Neogastropoda%Columbellidae%Graphicomassa%Graphicomassa ligula	1
982969ad5e2c489c6cc29545fa202119ca50c435	NA%NA%NA%NA%NA%NA	10
9955bad92fe92bd9136e5eaa8f0fe23b59d3d790	NA%NA%NA%NA%NA%NA	10
97df8e91117212af9d407df66062f0b663c6edef	NA%NA%NA%NA%NA%NA	10
a8a6a6a4fba285cbf9fd5766e6ecbe23cf690696	NA%NA%NA%NA%NA%NA	10
a8a6ed81b522eba9d028dbe2a1f3f374acb4da2d	NA%NA%NA%NA%NA%NA	10
a9950c80631b0a2cbe5f2580f0c57f11ce406ee2	NA%NA%NA%NA%NA%NA	10
ae577c13e29945b9ed4b70ec02613af83eac0496	Bacillariophyta%Coscinodiscophyceae%Stephanodiscales%NA%NA%NA	10
ae5f6bca21dad072ff362fc95cfb60b32f918d0d	NA%NA%NA%NA%NA%NA	10
ae93eba36db77b117e91c46a1d54e4ab13136798	NA%NA%NA%NA%NA%NA	10
c1e5e319ee5735950c5d2f9c5a9dbbeac2194ceb	Arthropoda%NA%NA%NA%NA%NA	10
bacb7f783b1c9e824b263c5e9d0cc8de9b47ac35	NA%NA%NA%NA%NA%NA	10
bb5dfc4bc22b2072b07cf2b66473f5129ed7b88d	NA%NA%NA%NA%NA%NA	10
b2e5f542eef55569916a59c67a5a940164ae97dd	NA%NA%NA%NA%NA%NA	10
7a74d35eea311ad68926b1c7593c73fbb8652eba	NA%NA%NA%NA%NA%NA	10
bc8a916a5e57e3dfc8bdb78b2c9ed502fa20b271	NA%NA%NA%NA%NA%NA	10
794b43f52a6445e0680284a3a70f5ebe6bd36a86	NA%NA%NA%NA%NA%NA	10
87618790f771c0af242afc3b0e5564e460068a85	NA%Phaeophyceae%NA%NA%NA%NA	10
85965f5db7c7688ce380eed02f721e4223bdef3e	NA%NA%NA%NA%NA%NA	10
854fdb2f9c10d3cf3b8d5ccaeee69276323ee039	NA%NA%NA%NA%NA%NA	10
880202a5b696367ce883429b834a14a0cd634417	NA%NA%NA%NA%NA%NA	10
93fd145f9fffaa26fe16e9eed4487d5b66391700	NA%NA%NA%NA%NA%NA	10
945d4b610e1274c83c39d4e04b00d5733d6a463e	NA%NA%NA%NA%NA%NA	10
b3285a82ac76fd9377d66b981302998c03700cee	NA%NA%NA%NA%NA%NA	10
ec8012cb85b131b36427a4f2ea8beb840018c231	NA%NA%NA%NA%NA%NA	10
e1eeae60eb209203729641bd7a25b8e6593ea943	NA%NA%NA%NA%NA%NA	10
e3d18ff5573b99f44a3d930dd918c585f918375a	NA%NA%NA%NA%NA%NA	10
e402e792a9a4153b65785fea0fed60c264c930c8	NA%NA%NA%NA%NA%NA	10
e48be85f73261d3567e739bd5e0223c8d75193dd	NA%NA%NA%NA%NA%NA	10
e51211d22815c557c130dc87857f2d8ad44db2c6	Bacillariophyta%Coscinodiscophyceae%Stephanodiscales%NA%NA%NA	10
e56add85008879a336af3d1b5fa86022d4d583d5	NA%NA%NA%NA%NA%NA	10
e5e125b9d2ac14c16a420d1a9ee29c83f1c84c83	NA%NA%NA%NA%NA%NA	10
e7a0473d86058dca4e787570e2409b8616b98129	NA%NA%NA%NA%NA%NA	10
e9804e1fa1497b1bc228bc7cf1d71e32b948ac0d	Oomycota%NA%NA%NA%NA%NA	10
ec3096353e5de56a6616d9b1042aa50931fe1c56	Mollusca%Gastropoda%Nudibranchia%Dendronotidae%Dendronotus%Dendronotus venustus	1
ed3b1d831d1f81b8d4a3f56a07f4c9b899da3987	NA%NA%NA%NA%NA%NA	10
ed5f9e74432c43b7e781a93d6d829adbf999fe0d	NA%NA%NA%NA%NA%NA	10
c37f3cdcb323387743e1cdf64a614d049b0cc4ca	NA%NA%NA%NA%NA%NA	10
ee23e482cbaf9502f4e3c2a4d7cbd720a962f29f	Rhodophyta%Florideophyceae%NA%NA%NA%NA	10
fef02878d0ad3549f1f0969c6b89074e3d7f3675	NA%NA%NA%NA%NA%NA	10
fe41eea2d2e343aac6c159264756160b60718ad3	NA%NA%NA%NA%NA%NA	10
f8b8e2474ec43017d347173b06421637ca2917fb	NA%NA%NA%NA%NA%NA	10
f92b5a9a86fbf39d9e9d4058f45ffce450157a2f	NA%NA%NA%NA%NA%NA	10
f55d11ed70e8ad69174a7b4af57c570766f8ade8	NA%NA%NA%NA%NA%NA	10
f565e187a52ead288d14aac5b7da1d25bbfdd6f5	NA%NA%NA%NA%NA%NA	10
f32b3e48c21ae4c867d45a0247e04a1613c2764d	Bacillariophyta%Coscinodiscophyceae%Stephanodiscales%NA%NA%NA	10
f1420808a503bed35cd3170338d10609e78e3620	NA%NA%NA%NA%NA%NA	10
f24eb37c9af7e0eadc9a878fc109eebd0c5a9862	NA%NA%NA%NA%NA%NA	10
f0ddc70fe1a880f55580bcbab66d41743f8987a6	Bacillariophyta%NA%NA%NA%NA%NA	10
c3b7cd90c4af19483b3341006c848a537380afea	NA%NA%NA%NA%NA%NA	10
c5a3ea5723d26d990dd066072e6d246b0330d47f	NA%NA%NA%NA%NA%NA	10
ccfa4c18c41f363a2790045aabeea5c56612008c	NA%NA%NA%NA%NA%NA	10
ce20c8ab64d720d114906ab0ca608b5e4269fdc7	NA%NA%NA%NA%NA%NA	10
d2b12daf0a87b54fe207927d1dff7c7c77102201	NA%NA%NA%NA%NA%NA	10
d6a8d4dae0751e5e657ad00c1bf2dd92ae90962a	NA%NA%NA%NA%NA%NA	10
d6c963b878ed107820d224dbc7f1063d92d869f3	NA%NA%NA%NA%NA%NA	10
def2ffb07b2cf3ee017519ce298260ad86cc24fb	NA%NA%NA%NA%NA%NA	10
2b971c8ed99c5b42e017d63fd92c234d8bbeae3d	NA%NA%NA%NA%NA%NA	10
210498b2b10375be42f9d2943bcdfa056311fb51	NA%NA%NA%NA%NA%NA	10
21447f9285c66f1d10246462d01019755687c061	NA%NA%NA%NA%NA%NA	10
217e3d59aef9c2e7d88292ce14f32e85b3a8cce0	NA%NA%NA%NA%NA%NA	10
22198cd2d12c63da92f2705b7409104df158fe8f	NA%NA%NA%NA%NA%NA	10
26f8be53f40e88d247935819fe66e29f47b24ac1	NA%NA%NA%NA%NA%NA	10
27c75f00527afa077d109b5228c7ecec1f63c1ce	NA%NA%NA%NA%NA%NA	10
27cc044611c39557b6be00cbd0407365e49bfd74	NA%NA%NA%NA%NA%NA	10
27e263a80c37167c3e9f3938fe1362687b972bc0	NA%NA%NA%NA%NA%NA	10
28182acb50442e9f5618e814b8082c62f0531ff8	NA%NA%NA%NA%NA%NA	10
282c71bac1a19a840489ec61229efc55260bd8a8	Bacillariophyta%Coscinodiscophyceae%Stephanodiscales%NA%NA%NA	10
00b0facedd744a4d7acc34b81e8edfb3907f9a10	NA%NA%NA%NA%NA%NA	10
2ced81dd4d8d415902cb791b5546a460c0ebbffc	NA%NA%NA%NA%NA%NA	10
2e51d6185854536f95a30bd9575f18fdeb154927	NA%NA%NA%NA%NA%NA	10
2e70fe64cbcdb4ec7f0ca9c9308ad39803c48032	NA%NA%NA%NA%NA%NA	10
31dc2e95e9fa6db1e56fab8b1489d10504d1b8c3	NA%NA%NA%NA%NA%NA	10
32dbf93ca779cf1623143d5b74162a36947a3bb3	Oomycota%NA%Peronosporales%NA%NA%NA	10
3486d78f05152798f468299a952907fe519fe54f	NA%NA%NA%NA%NA%NA	10
370b8b25a92b32f1c93dcc25ffe2bf8a68747543	NA%NA%NA%NA%NA%NA	10
071e55d0deea1c60dc1a9a3ba4f967763db2d9c9	NA%NA%NA%NA%NA%NA	10
0b2268f7d2e29919a5bbee973bca0b644210022c	NA%NA%NA%NA%NA%NA	10
09b54b7e335dc3464a888a88ec4b5246a00703ca	NA%NA%NA%NA%NA%NA	10
0916743d14fb0e3afd2a17903da65282fa6ce5d1	NA%NA%NA%NA%NA%NA	10
0b88c188aa6db2a21538bf567919ab98d3130f52	NA%NA%NA%NA%NA%NA	10
0460bab278e148f47a61b9f3b5cc0dfde0ad4163	NA%NA%NA%NA%NA%NA	10
032b7898b5e6a554f41df52dcb9ee35948cf150a	NA%NA%NA%NA%NA%NA	10
032cc496b740fc8c534a2aa9d1a312b4d26bd27c	NA%NA%NA%NA%NA%NA	10
080cd7d28fe70344194f13cab97f82401f002025	NA%NA%NA%NA%NA%NA	10
0878471c23d1265f726c08160c687259b3990013	NA%NA%NA%NA%NA%NA	10
08fbd69f40c2883da4aa0086ac425f84684d30d5	Mollusca%Gastropoda%Nudibranchia%Dendronotidae%Dendronotus%Dendronotus venustus	1
015c398f6641abe3f71c019bdb52ec07133329d7	NA%NA%NA%NA%NA%NA	10
0167f05071e46536c0503e66f684c5d309edf937	NA%NA%NA%NA%NA%NA	10
02cef067c3aba0096a24a3a174dfe2fbcc428403	NA%NA%NA%NA%NA%NA	10
3957bf9dae6c1bcb248f071ddb0fde34e0f5fca9	NA%NA%NA%NA%NA%NA	10
0dc4445e80509c040e303ca32ab1b1947a5c5a3e	NA%NA%NA%NA%NA%NA	10
10fe570f052377addc108c2342aa827164f2e4dc	NA%NA%NA%NA%NA%NA	10
142a26c446b4876746a9e773a6aa8e90e0a5ecba	NA%NA%NA%NA%NA%NA	10
1485a90bfe906a21273d3802373ee43b0d78960a	NA%NA%NA%NA%NA%NA	10
1617716af5ee54c4109eb4860d67c3d91683d3c7	NA%NA%NA%NA%NA%NA	10
17d22afb7e486b573f7aee96b3e397826836c981	NA%NA%NA%NA%NA%NA	10
1887b2edcfab57b5866968a55091fb9ba19b7215	NA%NA%NA%NA%NA%NA	10
19953265a98837df3f9ca380a38df23536c8e2e5	NA%NA%NA%NA%NA%NA	10
1b3ec7743685fdd28b9066ebdac294e5e863e36b	NA%NA%NA%NA%NA%NA	10
1dfc36b5ab01ba3d8b939eeb92fff2c511493587	NA%NA%NA%NA%NA%NA	10
11c55f261a1b1c6e45d517eea93fb0dda226c92f	NA%NA%NA%NA%NA%NA	10
48d62a9e32fdcd499a41fb338d4364d363d9672d	NA%NA%NA%NA%NA%NA	10
4dd7ee70bd0791c2e88c2201513de4da3199f665	NA%NA%NA%NA%NA%NA	10
4d48d695834f23d3fca5a06be899491bbb9efafa	NA%NA%NA%NA%NA%NA	10
4eaaac94b2d58740b6c78eac04e8b791b4fa1aa5	NA%NA%NA%NA%NA%NA	10
4e157c22cfd1347c3103e7b8b6fd750585cc47c4	NA%NA%NA%NA%NA%NA	10
4e2752e62653ef13eb12bd91264d5d6f5918219c	NA%NA%NA%NA%NA%NA	10
4be83005a55d68a15268cef68c8ea3248985c79b	Bacillariophyta%Coscinodiscophyceae%Stephanodiscales%NA%NA%NA	10
4c4ed2b64529f305dab639e450a9ff699d27e77c	Bacillariophyta%Coscinodiscophyceae%Stephanodiscales%NA%NA%NA	10
4c527064cbf574ad722f46263048520a1bbc8fda	NA%NA%NA%NA%NA%NA	10
4a5e08a70432eff78b1cfd14d49945be84bfbcf2	NA%NA%NA%NA%NA%NA	10
488b5ecb5b5168f844307863ce26b65a2418a7b2	Bacillariophyta%Coscinodiscophyceae%Thalassiosirales%NA%NA%NA	10
4883e068ed88a4e9f9d62f53ae76e6ce09fa68f2	NA%NA%NA%NA%NA%NA	10
49b618430ad1ecbcfd2807980c6697a8fc9ccd84	NA%NA%NA%NA%NA%NA	10
4177d5b7a54c2c628550e598d4cfb7a99850fcc9	NA%NA%NA%NA%NA%NA	10
4256b5f1c92c73356719b6fdb37d5a1b7b1af6e7	NA%NA%NA%NA%NA%NA	10
4f3a93cc6035b7b3c32074a3573bb07b39acc3a1	NA%NA%NA%NA%NA%NA	10
598f158054923ef781b9af5c354eecbf34358d2d	NA%NA%NA%NA%NA%NA	10
568cd48c93f11c4452d964c665684dc2398fe4bf	NA%NA%NA%NA%NA%NA	10
5b688dc2b0cbf90307b7d2eaaf87545adcae55f1	NA%NA%NA%NA%NA%NA	10
5efb2773039e24be703dc8595b58f7ef50d9b8c1	NA%NA%NA%NA%NA%NA	10
5f62a8359519e937322cd9bfb8505a9f03481839	NA%NA%NA%NA%NA%NA	10
70177aa77f601ac049931b9e8f93754c2e9cbe2e	Arthropoda%Insecta%NA%NA%NA%NA	10
7432e14b2cb700569231ddee98c12da3c9c451d4	NA%NA%NA%NA%NA%NA	10
554a4d81a980314164171420fb5824dab66528f6	NA%NA%NA%NA%NA%NA	10
3b16714e0261117319d93334a503f89677738d49	NA%NA%NA%NA%NA%NA	10
54e90c6462d56f95e22bb304ced67be06b3ce6cf	NA%NA%NA%NA%NA%NA	10
3d66181f93f35b4697554472b4cdfefac999b25e	NA%NA%NA%NA%NA%NA	10
3ef349cc08453f52a57666e53e72bd069e01eb65	NA%NA%NA%NA%NA%NA	10
53a3b8e76a5725ca3babae32e927d54de7a65cfd	NA%NA%NA%NA%NA%NA	10
6b4c8356f818d84474efe012f22938a3d273218f	Arthropoda%Insecta%Lepidoptera%NA%NA%NA	10
6f24b08786686117bbc40036332bce4becb4d713	NA%NA%NA%NA%NA%NA	10
6d8a21a0de08cce6d170ab8b051d2d0b4b26a585	Oomycota%NA%NA%NA%NA%NA	10
687e62182481665f96a2c0288fc0d14ecd2da6d3	NA%NA%NA%NA%NA%NA	10
6816fcc8876c44ae9c8c4ba041a9d6e71b9968f9	NA%NA%NA%NA%NA%NA	10
6c1b8990150b3c5357ad54863d6d7a7903a5d3ae	Bacillariophyta%Coscinodiscophyceae%Thalassiosirales%Skeletonemataceae%Skeletonema%NA	3
62d2405840bd6f3b27d7d653d7c3caa1b3d5bab8	NA%NA%NA%NA%NA%NA	10
625aef200bd39e7ce371022a68ae12a264f6fd0d	NA%NA%NA%NA%NA%NA	10
630bbad7ae7de169106c678eb07bf620c9574920	NA%NA%NA%NA%NA%NA	10
61a02abf49070beb6d1c395890f7ed04058f15ac	NA%NA%NA%NA%NA%NA	10
61074aecd97e1acc78650706f14b4ea69916a6e7	NA%NA%NA%NA%NA%NA	10
75422c46f44d1f45063ad7b3b2ef4d03de612d0d	NA%NA%NA%NA%NA%NA	10
74c24470c6f16e368e1b8faea12a78e01114ec48	Rotifera%Eurotatoria%Ploima%Synchaetidae%Polyarthra%NA	10
4ded3f7109287d92df44f4f1df02490b5bccfeec	NA%NA%NA%NA%NA%NA	10
4d0cb5b1ec111b4708e4fc6a2db2e30af90ff868	Cnidaria%Anthozoa%Scleractinia%Caryophylliidae%Gardineria%Gardineria paradoxa	1
f54bdc4cbf88d9129cc12580105b10c9259394ba	NA%NA%NA%NA%NA%NA	10
8ca5b187516cdf27c9613e16891f1dc164b3bceb	NA%NA%NA%NA%NA%NA	10
39bfadb8fcbb3a743511819865099b4ba3bd5b60	NA%NA%NA%NA%NA%NA	10
2157e953258a37c8f3e2cfd4af362caf60f0954f	Arthropoda%Arachnida%Sarcoptiformes%NA%NA%NA	10
1fe66477a166a80b998528f3bcaefe0a9c88481a	NA%NA%NA%NA%NA%NA	10
15e95688e258581eb4babca20f33cba20c33ca46	NA%NA%NA%NA%NA%NA	10
45797df58949e9ce3f01424078ca36056499d1ee	NA%NA%NA%NA%NA%NA	10
222fe744893a09c753c66a8bf35082b45bea46d9	NA%NA%NA%NA%NA%NA	10
1f54bd3184dce9dd86b70c77162039ed534473ec	NA%NA%NA%NA%NA%NA	10
01335149895335f403338f372abb34bf9c1c01c7	Cercozoa%Imbricatea%Euglyphida%Cyphoderiidae%Cyphoderia%Cyphoderia ampulla	1
935beb0f337f9139496de4be9ad1b2f1fbdfb044	NA%NA%NA%NA%NA%NA	10
ff1175272f4fc55cf30ac97835576753620e611f	NA%NA%NA%NA%NA%NA	10
c24745215192d2f2bbc091e79d0e6420cafb2b3a	Arthropoda%Insecta%Coleoptera%Meloidae%Meloe%Meloe laevis	1
3fddcd148849b8a90d4a58b3ae42b07b0ceda958	NA%NA%NA%NA%NA%NA	10
04c0f0cae3b9b1dea9ba95c716b6160dd9799f08	NA%NA%NA%NA%NA%NA	10
486db8445ee43b28fa09b4c2b4565bcd00b2464a	NA%NA%NA%NA%NA%NA	10
d2359849fb620fc876d276e00c54b6fc89592bd8	NA%NA%NA%NA%NA%NA	10
51ab9bbc1d71a74335aabbea4b170ce7a4acb5d1	Arthropoda%Arachnida%NA%NA%NA%NA	10
94679791658f321b8f57bfd04f891111b6b673ed	NA%NA%NA%NA%NA%NA	10
a0490555e9a679a7f9d128b2856390f865c77041	Mollusca%Gastropoda%NA%Phallomedusidae%Phallomedusa%Phallomedusa solida	1
c771aeb94686506898a677e0ab4394a69ec8e5d2	NA%NA%NA%NA%NA%NA	10
c3fc059d20e1af234069759613912a3d6a16d40a	Rotifera%Eurotatoria%Ploima%Trichocercidae%Trichocerca%Trichocerca stylata	2
c9f68d564b27758a58000cf410ca45404e8ac0c3	NA%NA%NA%NA%NA%NA	10
cbb0d5329463b5ee18156fdf86ba495d19e6dedf	NA%NA%NA%NA%NA%NA	10
dda5dd330a38ff25e15497c32adfabe87b552aaf	NA%NA%NA%NA%NA%NA	10
e2c2a9a1cb75acdc32d15f41d50bdbd9dd0dffaf	NA%NA%NA%NA%NA%NA	10
255d1f6513f2bbaa2020be6a2e218399e8ec9551	NA%NA%NA%NA%NA%NA	10
95deeda637767487a444a3b33f6b88238072d686	NA%NA%NA%NA%NA%NA	10
828de107ed83c681bf8e063e86633df107f01481	Mollusca%Gastropoda%Stylommatophora%Camaenidae%Quistrachia%Quistrachia lefroyi	1
8bd729329917b4e8e7418fdcce3daddcaee7e911	NA%NA%NA%NA%NA%NA	10
71981ce80e9b7319cf656140c89127a83f223fbe	NA%NA%NA%NA%NA%NA	10
51e1f55157f01e6b24175a15c5294936bf55d7eb	NA%NA%NA%NA%NA%NA	10
ad84742a94aa4e437c589c4505c18e4991bd6106	NA%NA%NA%NA%NA%NA	10
a7e504e62a6fe124eb6097e80bf14a7b68bcf7ac	NA%NA%NA%NA%NA%NA	10
a0a3b223d4306202d507a5c55d10c261a1a3ded2	NA%NA%NA%NA%NA%NA	10
a0b4a019797e6a6feade3a94315a55d268e8759d	NA%NA%NA%NA%NA%NA	10
a208b168f34c2c182008d3a3f2360bf4aead6ad2	NA%NA%NA%NA%NA%NA	10
bde336f0afa818ae568d347e5c0329410cfa803d	NA%NA%NA%NA%NA%NA	10
bea275514a8516192207f2bc974ff1641eda92da	Porifera%Demospongiae%Suberitida%Suberitidae%Suberites%NA	3
be8d67a75ce98ee260700f98fa482d93b58cfd7f	NA%NA%NA%NA%NA%NA	10
bbc076406be37d1ef5b91e98648cc191cd2d6119	NA%NA%NA%NA%NA%NA	10
b785f6439eddf45a475d601e254fbc719ac60040	NA%NA%NA%NA%NA%NA	10
b4d352e020aef866b3e0fdec66cc90ac46ef6ba5	NA%NA%NA%NA%NA%NA	10
b539a72ffb5cb4892fba51162b5dae02e214218b	NA%NA%NA%NA%NA%NA	10
b2263eb4dafd32152f18d1b50dd41c5aef78d9d4	NA%NA%NA%NA%NA%NA	10
976e958d01fc89d3dda8aba319f97542904def2b	Bacillariophyta%Coscinodiscophyceae%Stephanodiscales%NA%NA%NA	10
9ed9cb26dc224951e37dc9c643ab5cc206ad5ff7	NA%NA%NA%NA%NA%NA	10
9fb2265be55d650bbbb70bb81ac463dcf67ce034	NA%NA%NA%NA%NA%NA	10
e4df748ea0aa2ddf4bd8dc68c53d320b7dfe909a	NA%NA%NA%NA%NA%NA	10
e9aea6d89da875bdbdde1db02d172e184973bea4	NA%NA%NA%NA%NA%NA	10
8e32bbdb5ba36226e8b3499a7dc1c4fadad81f89	NA%NA%NA%NA%NA%NA	10
8f23aa51ec708f7032bfc500e3e29b322a5f45d5	NA%NA%NA%NA%NA%NA	10
c046739c40adc56d990b7f6d3cb061bd82c78c1e	NA%NA%NA%NA%NA%NA	10
8afd89e34a935d65f7f03b17929c64f1aa2e676f	NA%NA%NA%NA%NA%NA	10
8844c2b6007b1c1e6cfc94ca889fa878e430a5af	NA%NA%NA%NA%NA%NA	10
84ac7910565894bb6c99803e615b92b6748967a7	NA%NA%NA%NA%NA%NA	10
815d975c808e899bd783a994acaeb3c3d444040a	Oomycota%NA%NA%NA%NA%NA	10
f23b724968bbb4dea109c6f843bf8400243fd05d	NA%NA%NA%NA%NA%NA	10
f523eeaead24e4ee4275fe60190eaa604271b759	NA%NA%NA%NA%NA%NA	10
c089f738d75ba39a52c14a425d905bad111555c1	NA%NA%NA%NA%NA%NA	10
c21144b648a8e847ffe17d4fb099819a959883a5	NA%NA%NA%NA%NA%NA	10
c26c40a612629e7b201d9e21fe8d9f43bfc57c02	NA%NA%NA%NA%NA%NA	10
c2f53ba14fa75533bdc231732e935c2d14d59246	NA%NA%NA%NA%NA%NA	10
c48d2d34275bd18ab005092e54afd93539dc6db6	NA%NA%NA%NA%NA%NA	10
c5bc189a2e4e0ac3365ffc02ca1827c363fcaea1	NA%NA%NA%NA%NA%NA	10
c5db3892f56c7cb8ec06bcd1de82d13a01110517	NA%NA%NA%NA%NA%NA	10
cb8a767bff7c04a5cf83a9234142735dc519f3ec	NA%NA%NA%NA%NA%NA	10
ccb9e72b56922fdbfa06faed2671775e07332b2a	NA%NA%NA%NA%NA%NA	10
cf71bbf58555b7489b83e1fed7673ad25d603cb5	NA%NA%NA%NA%NA%NA	10
dbda67e921b12377e397cf06f2c1d038a7a8e2fd	NA%NA%NA%NA%NA%NA	10
d0d27e3846a46dc7f62b48280bedd02e21733077	NA%NA%NA%NA%NA%NA	10
d20a3d2257e88281cef6a950384f62b4f7042551	NA%NA%NA%NA%NA%NA	10
d83827b8a4e6beae2e1088a29c1e5001408ae3da	NA%NA%NA%NA%NA%NA	10
12159ffa3eb7e858d943f97adb5e2dcd9dd1f744	NA%NA%NA%NA%NA%NA	10
1fded203de3dfc0770de596ae3634bc85949c57b	NA%NA%NA%NA%NA%NA	10
164628bddf252292f96e4b76c27dc76897e24e64	NA%NA%NA%NA%NA%NA	10
143f903757323fafbed3d76105b27796611cc847	NA%NA%NA%NA%NA%NA	10
2dd56fb652cbaa70a55e9ad0af8cc975a6a02dab	NA%NA%NA%NA%NA%NA	10
2ae53df15b5c05c73aaccfcc487f28cfcdc6de65	NA%NA%NA%NA%NA%NA	10
2c78b609520386144468e7f393fe6c37ad4f34f8	NA%NA%NA%NA%NA%NA	10
0410fccd455c314e037525ad91e5c80cd084e6e7	NA%NA%NA%NA%NA%NA	10
04322fbc714d2a156c323346ac39d4de8fd71931	NA%NA%NA%NA%NA%NA	10
22fbf80c3cc48050d0f4b3cc1994d4e823eb60b9	NA%NA%NA%NA%NA%NA	10
3d5b6af250c38c43b07f1a8c016cb30893aa1f50	NA%NA%NA%NA%NA%NA	10
3f2fb7cd4ed2ef8bf42403822fee035130e0d790	NA%NA%NA%NA%NA%NA	10
300c5899cbf3c888d34e42911f9e1d19968e398d	NA%NA%NA%NA%NA%NA	10
63edb79843f08132fcdf9044b5d46db1eabe3e51	NA%NA%NA%NA%NA%NA	10
630c18e2cf7a04c18731f8b13553aa0dc35fde57	NA%NA%NA%NA%NA%NA	10
64c3e16e45b17c0fc20f25dbfe59e6d8ae49d730	NA%Phaeophyceae%Fucales%Sargassaceae%Sargassum%Sargassum lapazeanum	1
69bd11c42ca5539c18eb47de0b89b97060de5816	NA%NA%NA%NA%NA%NA	10
6cd1a4181452b62ec5b55af4edceb85fb78d7a0f	NA%NA%NA%NA%NA%NA	10
6f0b2433bbbe7a61c99de1552a38b76b379fc574	NA%NA%NA%NA%NA%NA	10
7a7e252752879c1020507c6418209f744e0d2b27	NA%NA%NA%NA%NA%NA	10
7214504325485e4004ab08c8ced3a6f4e9d5a719	NA%NA%NA%NA%NA%NA	10
75e97543016014bee11b62a324bf1230d3baed45	Bacillariophyta%Coscinodiscophyceae%Thalassiosirales%Skeletonemataceae%Skeletonema%Skeletonema potamos	1
7960d9ee57daecd20dd7ccbea7087a050a46d295	NA%NA%NA%NA%NA%NA	10
59245d726afd090aa87d5019084fd6a9a92dc5ec	NA%NA%NA%NA%NA%NA	10
7b272cd13c966429e04f5f3f87e1948f116a7945	NA%NA%NA%NA%NA%NA	10
4b34e19ee71a691e286ede18ca90ad96e8d90f22	Mollusca%Gastropoda%Nudibranchia%Dendronotidae%Dendronotus%Dendronotus venustus	1
4d4f213903ec65a1dda595eb46ada8da2d8d4582	NA%NA%NA%NA%NA%NA	10
5093356f0316d03827b5479789aa137a2b743d14	NA%NA%NA%NA%NA%NA	10
5678f06980feb7371c46a645998e649e8e684ca5	NA%NA%NA%NA%NA%NA	10
5f94711a491262bdb206104e25963a0381703eb0	NA%NA%NA%NA%NA%NA	10
5a1f216ca65df0fcc11263aaa8bec4c530ac0264	NA%NA%NA%NA%NA%NA	10
5a31f434bab686e7540613067f66ed56fd2c869a	Rotifera%Eurotatoria%Ploima%NA%NA%NA	10
5ad569a9d4fc21fdd76e6dad4af96c1cbaaab5c6	Arthropoda%Insecta%Coleoptera%NA%NA%NA	10
5ee3571545ead9e0c6532f9dabb8420421122a14	NA%NA%NA%NA%NA%NA	10
cf7e63546f3e081999a65c9d0b81120993788131	NA%NA%NA%NA%NA%NA	10
48acb817e4116862e20f1bfe9c72a7eb60a8ba8c	NA%NA%NA%NA%NA%NA	10
f9a025bd967b588869a7b773c980982703acf224	Arthropoda%Insecta%Coleoptera%NA%NA%NA	10
70a75bf0abb8db7ff68773698e4de428935b0882	NA%NA%NA%NA%NA%NA	10
dac9ca16faba919a330a8035cd5f9bc953de3c56	NA%NA%NA%NA%NA%NA	10
96a903d6cc31f554d6ab34dcea3b57e47229b94f	Chordata%Amphibia%Anura%Mantellidae%Mantidactylus%Mantidactylus guttulatus	1
1d1e4cc8ee9292c213f5a491fe0bf8aa7f874ef0	NA%NA%NA%NA%NA%NA	10
cbe58a2d2885179b7e632f6a54f7aacdc8b95f0a	NA%NA%NA%NA%NA%NA	10
ddd3817851a8d8ca86ade842d10d7ed7fb7df66f	NA%NA%NA%NA%NA%NA	10
2c2d2263e1bade24c06fcedf39dd34d11ba96802	NA%NA%NA%NA%NA%NA	10
fd902c5b94ce6b682494d9309e218cbbf93c7fb8	NA%NA%NA%NA%NA%NA	10
c8bd4b874be81d4505784a593d5f1cb5ad22ccf8	Arthropoda%Insecta%Hymenoptera%NA%NA%NA	10
e5818444ce3b7c8b0b105ae0d489a7c5464a22bf	Bacillariophyta%Coscinodiscophyceae%Thalassiosirales%Skeletonemataceae%Skeletonema%NA	3
1f79d9506535e4a488f9d8bd57980ae5f86c2539	NA%NA%NA%NA%NA%NA	10
35b1a78286091b9b76f90b94de65b6d5eaaa6060	NA%NA%NA%NA%NA%NA	10
84fa16b4a17929ec27a00a26cbcb0b5036bfb69a	NA%NA%NA%NA%NA%NA	10
217ca81cd3a42801b9cce2ff190983ea1fffa5b6	NA%NA%NA%NA%NA%NA	10
c92b570c675b8dda30697868774145cbc860136e	NA%NA%NA%NA%NA%NA	10
66cc204524b7e70e76b2fefa71b9058279c1d419	NA%NA%NA%NA%NA%NA	10
d18694dcaa8c1ff7e9b19bab9a4d6f8164076b2a	Bacillariophyta%Bacillariophyceae%Bacillariales%NA%NA%NA	10
41bfaadea3ab275d46db3e55aae3db5bdd43c155	NA%NA%NA%NA%NA%NA	10
d8e35a52fc9c49c2a71e13a454df12e2ce7aedd0	NA%NA%NA%NA%NA%NA	10
155e8baf431550216eb1a9cd68dbb8ce4513e855	NA%NA%NA%NA%NA%NA	10
e161678da79966489d590b4f96c6d2be8a4a1b81	NA%Phaeophyceae%Ectocarpales%Chordariaceae%Petrospongium%Petrospongium berkeleyi	1
dd9b69c6a3a9aa76321fc26f86508c6c21e2e7f3	NA%NA%NA%NA%NA%NA	10
e2ef25165523d6fe61d02a803a29eb2639362e45	NA%NA%NA%NA%NA%NA	10
1d42594bc957018373698b066885d0ae25ec097b	Bacillariophyta%Coscinodiscophyceae%Stephanodiscales%NA%NA%NA	10
48519160b547e8ef51abcf0f8397de8740a38355	NA%NA%NA%NA%NA%NA	10
52a3cb3f838d1ccdcb0f3c7d02fe5d6325d4279c	Chordata%Actinopteri%Gadiformes%Moridae%Mora%Mora moro	2
5ac0c2495036a687e22ad117dd17b1f9f163515d	Ascomycota%Dothideomycetes%Cladosporiales%NA%NA%NA	10
54d63683dcafb1b9514d0901e0492e68f4e15cf2	Arthropoda%Arachnida%Araneae%Dictynidae%Cicurina%Cicurina travisae	1
917a6d0632ee47a83503263c07a5f221b144b29e	NA%NA%NA%NA%NA%NA	10
96ba6e59bfdfb1d4235fd7e233e3deab0af699c7	Arthropoda%Malacostraca%Decapoda%Porcellanidae%Petrolisthes%Petrolisthes galathinus	1
d38320fe3ed90571b840743a016384e9bba76474	NA%NA%NA%NA%NA%NA	10
22451556d1c65e5a781d1b8d965df65e81088a8c	Ascomycota%Sordariomycetes%Hypocreales%Nectriaceae%Fusarium%Fusarium oxysporum	1
d9644c0d60657e3f1db1ca1d68ccdb96a0704dfa	NA%NA%NA%NA%NA%NA	10
9c6888c56eea583c5907b3ea46fd5cb27a862b75	NA%Xanthophyceae%Tribonematales%Tribonemataceae%Tribonema%NA	10
6ca2dcb2591f147ba893a6e1a627451cc987844c	NA%NA%NA%NA%NA%NA	10
ff192ee84a02a570bfc2d32e295ffd130721dc9a	Ascomycota%Dothideomycetes%Cladosporiales%Cladosporiaceae%Cladosporium%NA	5
127b7a8094d3b278583a701887eedaffb8035ab8	Arthropoda%NA%NA%NA%NA%NA	10
036bda5fc59e1fb5deafcc6aea9e64dbdee1cf8d	NA%NA%NA%NA%NA%NA	10
4319896a58733bb3bb1c553500eb1a4f7fc5f7c1	NA%NA%NA%NA%NA%NA	10
0f22ac4ccba10734288933d8cf365be1918d0b9f	NA%NA%NA%NA%NA%NA	10
e04b52a6684ff26670d763bee0e0312e395fe66f	Arthropoda%Insecta%NA%NA%NA%NA	10
ea400e59f79247dc310d951279bc1fbc13f65b20	NA%NA%NA%NA%NA%NA	10
f20a6648f794b386c7e9b4113f356fac8c21ac27	NA%NA%NA%NA%NA%NA	10
5564c186ce40c28169e6ce818e72ee83b5e97cb5	NA%NA%NA%NA%NA%NA	10
4b74b4e838a745486ac792137d95829b2c082857	NA%NA%NA%NA%NA%NA	10
489e142773a702d695a37af8cb1c79f0cc17286e	Bacillariophyta%Coscinodiscophyceae%Thalassiosirales%Skeletonemataceae%Skeletonema%Skeletonema potamos	1
40a1654aa790c75b904934cd588ad84fbab9a6a4	NA%NA%NA%NA%NA%NA	10
2db1a62f15b6378ccbac0b7427e2b1af513fccd0	NA%NA%NA%NA%NA%NA	10
4cd356f86611d0bf92cc056578d9422675784a80	Bacillariophyta%Coscinodiscophyceae%Thalassiosirales%NA%NA%NA	10
8f8ffbcc74adb1de637c1e51cfbbf681cbe5d23e	NA%NA%NA%NA%NA%NA	10
9a7dd3d0d6e4ba1297af4426b4aea7a70aa41a0e	NA%NA%NA%NA%NA%NA	10
8fed10710342d28c442e4bf2b28e98e05dd0950a	NA%NA%NA%NA%NA%NA	10
aaf6241265e91b8ef620aaa6228cb35a9a35c31e	Rotifera%Eurotatoria%NA%NA%NA%NA	10
a3a439d379fda9b292020b6d161dd55a4224707a	NA%NA%NA%NA%NA%NA	10
8974853687250b8b26ee826b0bd31328290e61da	Oomycota%NA%NA%NA%NA%NA	10
f621d0f246bfdd4a1fb3e1e610367936b33ad363	NA%NA%NA%NA%NA%NA	10
f44f9a98ab82d019b659b4c8a83317b88725d929	NA%NA%NA%NA%NA%NA	10
f2a3b30bf1628e5bd5e6d50c49b0f500acc0002c	NA%NA%NA%NA%NA%NA	10
def331881354c69ebc05ecfc151faa8e446cc735	NA%NA%NA%NA%NA%NA	10
d348d23b684e9df26a7d4b992f95f347f3ccf86a	NA%NA%NA%NA%NA%NA	10
03cac312c6c84b17cc1abb6202ba19113c721b8d	NA%NA%NA%NA%NA%NA	10
0434e8c836d87fed7f103e35e165cb02f5dfd4e6	NA%Dinophyceae%Suessiales%Suessiaceae%Polarella%NA	10
0f2991036ad9dfc5b144f0d5be83d61306d5125a	NA%NA%NA%NA%NA%NA	10
164ef255b565b3198dbe28c825096a94b1235bb9	NA%NA%NA%NA%NA%NA	10
7ac7b244a537f204e2a6c81d987bf39a95fac8de	Bacillariophyta%Coscinodiscophyceae%Thalassiosirales%Skeletonemataceae%Skeletonema%NA	3
6ce4718af4c027e231750977c4c13d2bf65d8ae2	NA%NA%NA%NA%NA%NA	10
9258a45a26cd371e45676b4b9796871d17bc18ab	NA%NA%NA%NA%NA%NA	10
2a7ca5216bf745346b478a17139fefbbb9e1ed0b	Chordata%Chondrichthyes%Chimaeriformes%NA%NA%NA	10
2c155b6902cafef4c388e13db63c5023a87e5b54	NA%NA%NA%NA%NA%NA	10
30d877cd0086bce66019107d9997221e92181589	Arthropoda%NA%NA%NA%NA%NA	10
7948b684c0030ec499ea6032d3de5269b35767bd	NA%NA%NA%NA%NA%NA	10
75c21acdf1385f43b6cf3f63b11180988df16cb4	NA%NA%NA%NA%NA%NA	10
5a89d6cab783021e9d26dac5835ded86299ccf5b	NA%NA%NA%NA%NA%NA	10
57e0c6a76e02df9656948b28d1f402bfb3eb9d6d	NA%NA%NA%NA%NA%NA	10
4ce781945e4ce8da55e2c6a0822923dc46a0dd39	NA%NA%NA%NA%NA%NA	10
451517c6fe4af944e47396674cec27e3915c9c05	Rotifera%Eurotatoria%Ploima%NA%NA%NA	10
5172f0fafca949c5ae2cf13fed793509b92b18d3	Bacillariophyta%Coscinodiscophyceae%Stephanodiscales%NA%NA%NA	10
56f40b29602a0b05f249472fee3190244c4b7ee1	NA%NA%NA%NA%NA%NA	10
a06039773ac0b7d4e1ad8fca59b0e448e1195400	NA%NA%NA%NA%NA%NA	10
a3820ba872fd830e28b9e6560771825e07cd2205	NA%NA%NA%NA%NA%NA	10
a51faa425fdc04a2a62d796874b5cea4414d5e57	Arthropoda%Insecta%Diptera%Mycetophilidae%Exechia%NA	3
be13b0ded95519e47fb3779120bccd81f4ff798f	NA%NA%NA%NA%NA%NA	10
9e54cdcc6b6e34e8704f17fed865c00dbb10840d	Bacillariophyta%Coscinodiscophyceae%Stephanodiscales%NA%NA%NA	10
a7e4cde13094445842a81ecd96d772e41f9972ad	NA%NA%NA%NA%NA%NA	10
a8ee4b1bd9289db2ba0b019f085459fd2cf71ce8	NA%NA%NA%NA%NA%NA	10
aafe09a447443f31d24a0cdca6d3fec1a789c075	Rhodophyta%Florideophyceae%NA%NA%NA%NA	10
ac76d4ed5e8850c11dd52ea5cb0d5a2a17bd6618	NA%NA%NA%NA%NA%NA	10
aea2a3ed889426d0ac6aa6a4688ea5ce6c6252cf	NA%NA%NA%NA%NA%NA	10
b0b8be860e6e7d79867e03d56941a7f4dbaa925e	NA%NA%NA%NA%NA%NA	10
b71809abbb4da041c27a468d152e50f90c3c0100	NA%NA%NA%NA%NA%NA	10
b97bb2d6affb38975c7e70ec227a8b01a92e3455	NA%NA%NA%NA%NA%NA	10
bb0961368dada5cf64306096a348d907b3808315	NA%NA%NA%NA%NA%NA	10
9fff123505c35cd9acb4b5db1153f8ed462efc59	Bacillariophyta%Bacillariophyceae%Bacillariales%Bacillariaceae%Nitzschia%Nitzschia palea	2
9475c1e31cb79a5d5b84cae456583da4436fc8b0	NA%NA%NA%NA%NA%NA	10
76d6d53d769ca303e6d82ca7922f226e97cd91b8	NA%NA%NA%NA%NA%NA	10
7786479c55b2b0edea0488e54a15a22bfe332b72	Bacillariophyta%Coscinodiscophyceae%Stephanodiscales%NA%NA%NA	10
79b50b768f86ccdfa1f916fc4d697d1f1c38851b	NA%NA%NA%NA%NA%NA	10
7aea6fefeba4c55dac0e81095228091d718b96e0	NA%NA%NA%NA%NA%NA	10
7f63c75238ea1498f56f3b4c2541e3384451e27c	NA%NA%NA%NA%NA%NA	10
7f867496c1fdf5c8aa79b8130522557721d390ff	NA%NA%NA%NA%NA%NA	10
936be25463dd5eaf10a9583c203c5eccb0f5dd26	NA%NA%NA%NA%NA%NA	10
93d7696e8a233735ca2bf4729cad3880ca267827	NA%NA%NA%NA%NA%NA	10
9e4e2b4914cfe984e8ce49204e9a5d59ffb13fea	NA%NA%NA%NA%NA%NA	10
9548acf529ff995763c6e2677230cbd10bea4137	NA%NA%NA%NA%NA%NA	10
9666cff27982cc19d6c3a8a9a7f8cf965e10cf9c	NA%NA%NA%NA%NA%NA	10
96992be021134db55e9e3dfae530e684b2b5b81c	NA%NA%NA%NA%NA%NA	10
975b29d2ea8cca14a71842ad74573b61a9fb259f	NA%NA%NA%NA%NA%NA	10
9779983d57208213da4d923c7042847c8b0ba96a	NA%NA%NA%NA%NA%NA	10
99b0834c04ab3aa14841c2b46e53015697bed0c3	Bacillariophyta%Coscinodiscophyceae%Stephanodiscales%NA%NA%NA	10
9af03cfce0628d783b700b5b8ae390ee5c3c267e	NA%NA%NA%NA%NA%NA	10
9d9d59d1cf8fefb6a77bd653f54c68f624ae649a	NA%NA%NA%NA%NA%NA	10
e40fe9c8f51e00e35c1adc56d3918618f9ba7ce1	NA%NA%NA%NA%NA%NA	10
895bc232b6f18482843fb4a0d20d4de14dff0bbe	NA%NA%NA%NA%NA%NA	10
8d0733448ddc339409876067faa659db55e9b31d	NA%NA%NA%NA%NA%NA	10
8dc909e9a493aac0e346fb6fc845d9938eee854c	Oomycota%NA%NA%NA%NA%NA	10
e0a78028060c2df7637461a3f841c2ee267c575d	NA%NA%NA%NA%NA%NA	10
e0f0469b6e53d2476509b323630b289a5c64b7ec	NA%NA%NA%NA%NA%NA	10
e328f4552084efac804bc032b1862cac4ec0bae3	NA%NA%NA%NA%NA%NA	10
e4c218e83f0c491bb09aa7f3136dc5669dbcfb98	NA%NA%NA%NA%NA%NA	10
e78c5df6230b97cd84ecf9a30ebfb1105b9b2ce1	NA%NA%NA%NA%NA%NA	10
e7cd9ec5437f270003cb7d99e0133a5f7e75a715	NA%NA%NA%NA%NA%NA	10
e87f0facd8650354481ba56413d24c8bbe11f6b0	NA%NA%NA%NA%NA%NA	10
ea90a726451379855b111b3dfa4b0126cdf5753b	Bacillariophyta%Coscinodiscophyceae%Stephanodiscales%NA%NA%NA	10
ebaac79fc05eaf2bd0d52695e9b10ab827486f4d	NA%NA%NA%NA%NA%NA	10
ebd919483adfb0985b465d61bf088054868a1d09	NA%NA%NA%NA%NA%NA	10
f06c5899244d9b20c2d3fc723cbd6ce6d431d0b9	NA%NA%NA%NA%NA%NA	10
feae6ab2c62b649d367bbc79a055bf53dc46e1d1	NA%NA%NA%NA%NA%NA	10
f96bd125b5bf5a8c59560dbef874f5c64984d6b2	NA%NA%NA%NA%NA%NA	10
f6c172788f1a932052bdca339228e8c24f895026	NA%NA%NA%NA%NA%NA	10
f6716451ab924c1de28a565f05ce5f3be8d5c4ca	NA%NA%NA%NA%NA%NA	10
f63d566619a28dcfc2c82f2f0b8dea55cfd69eea	NA%NA%NA%NA%NA%NA	10
819a4fe872edc2b16df03f77ffba212365321c1e	NA%NA%NA%NA%NA%NA	10
f2b23100a6d85eaf9756431ce30e69a3c2a7af65	NA%NA%NA%NA%NA%NA	10
825403ed7285940c45621dcc32cbafc1936c6345	NA%NA%NA%NA%NA%NA	10
8256f6565ae7bc2e6e8429a8364d003806a2b19e	NA%NA%NA%NA%NA%NA	10
83b6a87825d9a062080b25a0077687be697f76e1	NA%NA%NA%NA%NA%NA	10
860558ccf8bfbe3fa89df17ce49334df5d7beb24	NA%NA%NA%NA%NA%NA	10
8befb3184644390b4a2e5738aeda865baed398c0	NA%NA%NA%NA%NA%NA	10
86f5523abacc29a7d7cb6f242a29b7c476f36518	NA%NA%NA%NA%NA%NA	10
cde0ebb489fc291e5581033bc63d97415bc0ae1c	NA%NA%NA%NA%NA%NA	10
ce1b0625d3de6ff1197531904d51fc8a4a157f6f	NA%NA%NA%NA%NA%NA	10
ccc74086d08101ea5eff3fd2c4cab15d621c7f47	NA%NA%NA%NA%NA%NA	10
c56f8714cc46e295d126d44260ee83c70f367259	NA%NA%NA%NA%NA%NA	10
caab77eb64702318a247e88687e6b9c980305fd0	NA%NA%NA%NA%NA%NA	10
c636f9d5e9fdc58b25d8ab5d8357ac99f55fccd4	NA%NA%NA%NA%NA%NA	10
c211e8da3aabf042b8538bb8964132b93dbf0620	NA%NA%NA%NA%NA%NA	10
d1d15ad5fcddaabc5c80ee598cf712e6184a679d	NA%NA%NA%NA%NA%NA	10
d400d18f624c7ecd232616960c5adbaa102878b2	NA%NA%NA%NA%NA%NA	10
d468cb9e051acbebcc392512e4cec69d651ccf70	NA%NA%NA%NA%NA%NA	10
d6ed693716148f61bde53231259bb18b683b1b70	NA%NA%NA%NA%NA%NA	10
d849b6d7a67cfe936df8e76759d8b9feefede9ff	NA%NA%NA%NA%NA%NA	10
d8c1e80008b81e84974c42d163e393ecfbad43ce	NA%NA%NA%NA%NA%NA	10
d91ca1936512fcb370f97216f8265b42a4cc04b4	NA%NA%NA%NA%NA%NA	10
debd712c5ec2b776b432259dfbd912c2dc744b36	NA%NA%NA%NA%NA%NA	10
df0c17079d4fdc2ae41366e345ff1668da8f9c95	NA%NA%NA%NA%NA%NA	10
2e28501b3a97b162f10c13001d9530d3ffd5d4ac	NA%NA%NA%NA%NA%NA	10
2fbbf05141e2b30579c2a1f128670f3ac6193393	NA%NA%NA%NA%NA%NA	10
2f39a19817dc7ae785666a924b6a8c81e8580357	Oomycota%NA%NA%NA%NA%NA	10
2c07e397c0157e5148e6decbb7a314c69650116a	NA%NA%NA%NA%NA%NA	10
296d768fb275fbbe39a64300dadbae0bdbdf9886	NA%NA%NA%NA%NA%NA	10
26987cbad0c2328903b41d6ba7d8a96946ee9005	NA%Xanthophyceae%Tribonematales%NA%NA%NA	10
221002403acfbecc681262cc8c592ac8c43acb94	NA%NA%NA%NA%NA%NA	10
230e251759493775a82c5a8ae271d2999323d9c5	NA%NA%NA%NA%NA%NA	10
30ec35d9a63666807495fc92370d19ad78f0d75e	Arthropoda%NA%NA%NA%NA%NA	10
315bb8fb18be457efbe03c1062121a70a9817c7b	NA%NA%NA%NA%NA%NA	10
3ccc02c903058761bf2610aebeb4c64bd7880a5c	NA%NA%NA%NA%NA%NA	10
3ddbfa76a8f20fc7b80f30b685f03e2f84c76d0a	NA%NA%NA%NA%NA%NA	10
3ad7895c3a143bc2d0ed0ef7958f4cdf8f46cb7f	NA%NA%NA%NA%NA%NA	10
39032efde2556c6f344f041426db8af448320041	NA%NA%NA%NA%NA%NA	10
363188cc889d3fd8c47170e74f518def9c00b27e	NA%NA%NA%NA%NA%NA	10
37eedefab4105611a4706f62e940f48bc77dc589	NA%NA%NA%NA%NA%NA	10
00b842d67d77d5bad3acf22a83f84dea9f327084	NA%NA%NA%NA%NA%NA	10
34c709789caf6e146ca2cdb16556886805b262c2	Oomycota%NA%NA%NA%NA%NA	10
31eb0e86f8708a1778f4c130b3ff3627c48e54a3	NA%NA%NA%NA%NA%NA	10
31828b96eda41a444556937b75ef333fc9b4752a	NA%NA%NA%NA%NA%NA	10
3265f22f78a214cb0131bf0335e9d96dd5a34685	NA%NA%NA%NA%NA%NA	10
09ca4992515eca6c94832513465b6fc404d71e35	NA%NA%NA%NA%NA%NA	10
0ead6eef0f191e0e8690e80f585c822d06d30105	NA%NA%NA%NA%NA%NA	10
0ff794aefaef5ec109ee7bd88fe191954005e505	Chordata%Actinopteri%Cichliformes%Cichlidae%Cribroheros%Cribroheros rostratus	1
0c0214ff07200ab6f2a87b073c571a31adaca65e	NA%NA%NA%NA%NA%NA	10
0da725031b796eae3487e1699103e81730eae4b0	NA%NA%NA%NA%NA%NA	10
0ab236b9f2d46c55b9fda095a056f5eb3703c7e2	NA%NA%NA%NA%NA%NA	10
0beca6307824fe7af94a915d7901e1592aa9c606	NA%NA%NA%NA%NA%NA	10
0a970bbf6280e5efae23be4835cc251f452b0013	NA%NA%NA%NA%NA%NA	10
0a664dfc6938f8da9664d5ef115ccf3a8f042d62	NA%NA%NA%NA%NA%NA	10
077b28bc3deb2c677c99bee532136ba894cbc12e	NA%NA%NA%NA%NA%NA	10
1024e30fbae8847999fffe89073102a0779daae3	NA%NA%NA%NA%NA%NA	10
3e4a925bbfb31514e5008ce7bf0ad4ec62210fb8	Chordata%Actinopteri%Cichliformes%Cichlidae%Oreochromis%NA	3
1eb0414a8ad13c227663f49bb13b07619a166799	NA%NA%NA%NA%NA%NA	10
1d1a39b1d494e9e59138cd31c2f619176b34057f	NA%NA%NA%NA%NA%NA	10
1e6cada18b2f5dd6bb8723ce0152be34462ca26b	NA%NA%NA%NA%NA%NA	10
1cec45a10235ab484c79940f4ddc293ed5a77ff8	NA%NA%NA%NA%NA%NA	10
171f237f3ce77d48f5b5ab0516734a8bc24127b9	Oomycota%NA%NA%NA%NA%NA	10
15a2c1864aab80137e687e029ba1b438d836976a	Arthropoda%Arachnida%Sarcoptiformes%Tectocepheidae%Tectocepheus%NA	3
5791a1d7a515c758f7b38c3842407215cc92315d	NA%NA%NA%NA%NA%NA	10
50be3002a0eae30a503e0ec90bf8de40169bfa02	Bacillariophyta%Coscinodiscophyceae%Stephanodiscales%NA%NA%NA	10
53718e7da55be896b1dc91cfbc9c7eabc6685f95	NA%NA%NA%NA%NA%NA	10
54cc855fc861b01c44bc5e5c8155731b727506bd	NA%NA%NA%NA%NA%NA	10
550393ba018fb7c6118267ddb0593f9079b2b40d	NA%NA%NA%NA%NA%NA	10
55a8e7fb2dfe022159b985439482b4b71a7cd5ba	NA%NA%NA%NA%NA%NA	10
55fe6de09abbf4dcaf2b9260af084898a59d332f	NA%NA%NA%NA%NA%NA	10
57a66015901e133ca7809b7d79d24e56b9a049c7	NA%NA%NA%NA%NA%NA	10
59385cb821b6e65b19ca9ce9a60e243e28de87a7	Bacillariophyta%Coscinodiscophyceae%Stephanodiscales%NA%NA%NA	10
59fd171406e6e0b1d5383050e467eb8fe34f22a3	Ascomycota%Dothideomycetes%Cladosporiales%Cladosporiaceae%Cladosporium%NA	5
5b0e3d221effa7300d7a53c070af857dc71a974f	NA%NA%NA%NA%NA%NA	10
5bbb9ac51138bda44132d100ab4512cf481eb654	NA%NA%NA%NA%NA%NA	10
642fd64f59efc618502ab34904231da129a9097b	Oomycota%NA%NA%NA%NA%NA	10
6eb0f635a06bd147a152a1776b9216cfd5352d0f	NA%NA%NA%NA%NA%NA	10
6b2f9915a28af63f8873719edbb8819c8bc406d1	NA%NA%NA%NA%NA%NA	10
6b7597f7c6372d0743451ec8eabb2f0820bdc561	Bacillariophyta%Coscinodiscophyceae%NA%NA%NA%NA	10
65da1f4577d99e1767dfd4cd45b9317e279e6860	NA%NA%NA%NA%NA%NA	10
6c45bfc1ae733a91d4cc2c9e651399e5b5ce29a0	Bacillariophyta%Bacillariophyceae%Bacillariales%Bacillariaceae%Nitzschia%Nitzschia palea	2
6df69ac7c89ee922f8911996c1fabde149619a0c	NA%NA%NA%NA%NA%NA	10
688ee43c3ee515566524d7c810ded2528048d29c	NA%NA%NA%NA%NA%NA	10
689b0a5acc14be5c06fdae6475b381327aba10ff	Bacillariophyta%Coscinodiscophyceae%Stephanodiscales%NA%NA%NA	10
684fca23adb1f4e39f2dc60dca3a1ee820fc466a	NA%NA%NA%NA%NA%NA	10
69ee4aec87751c8035b8c117de581ea46235f834	Bacillariophyta%Coscinodiscophyceae%Stephanodiscales%Stephanodiscaceae%Cyclostephanos%Cyclostephanos tholiformis	2
616379066bd54f683b866b3b8e74ece110abee27	NA%NA%NA%NA%NA%NA	10
41d8fbadb1de8e33bfd6d35bc1279b1571f4f365	Ascomycota%Sordariomycetes%Hypocreales%NA%NA%NA	10
457b1ee0be2e7c5ee2e9fd2805373fb2a047319c	NA%NA%NA%NA%NA%NA	10
45fb9cef11990c2a017c29a6a6b8cdcb1c4aabfb	NA%NA%NA%NA%NA%NA	10
4925093230f20249000e600122c31804ee043454	Oomycota%NA%NA%NA%NA%NA	10
494413e5e3c277dd4c119cadba668de99cc4a705	Bacillariophyta%Coscinodiscophyceae%Stephanodiscales%NA%NA%NA	10
4a0448e27bb42298a33a352b1e8833efff56b4a7	NA%NA%NA%NA%NA%NA	10
4a2d6973eb01328b3a68ad1e6c8795971bea3d34	NA%NA%NA%NA%NA%NA	10
4bcf62fcee3d6072a861715965370e875b8dc10e	NA%NA%NA%NA%NA%NA	10
4e4107315c2dfca1b38270e39af9b5dcc953f195	Rhodophyta%Florideophyceae%NA%NA%NA%NA	10
4e91e0c77e76943ac27619ef57cffc700aaa6b42	NA%NA%NA%NA%NA%NA	10
90793d4fe44cf3646372e9eb37b755179fa1296d	NA%NA%NA%NA%NA%NA	10
506ccc0981fa268fe5b490aa6091450db26bd238	NA%NA%NA%NA%NA%NA	10
9ece7ae03347600d1f79381b52ffcd421e9766db	Rotifera%Eurotatoria%Ploima%NA%NA%NA	10
9699d72bf6f46990f26c4fa09084ca002688681b	Chlorophyta%Chlorophyceae%Sphaeropleales%Pseudomuriellaceae%Pseudomuriella%NA	3
acdebb195e55da0b2d0270333a677bb5e4637f22	Bacillariophyta%Coscinodiscophyceae%Thalassiosirales%NA%NA%NA	10
a9c2655a4d2629dbd46e422b092a558c187b1380	NA%NA%NA%NA%NA%NA	10
3bc867066ab9509d33753a0772f30c165a537498	NA%NA%NA%NA%NA%NA	10
a13e2043e84bed43407207b62a97d04b40b2c3a9	NA%NA%NA%NA%NA%NA	10
a8d5deb65f244bc94487060c9acc29f51f60a375	NA%NA%NA%NA%NA%NA	10
13ca21e2e5eed854397d3d76ddb56c479ee1d8fc	NA%NA%NA%NA%NA%NA	10
37c09a3d180a2a58dddda50d0d9172b9fd1af10f	NA%NA%NA%NA%NA%NA	10
6decf4fbb17b6d7e944ac2d0191a8cbf494d2311	Arthropoda%NA%NA%NA%NA%NA	10
c37969ef75abaf3ac40ae7853d4a6a1b57714559	NA%NA%NA%NA%NA%NA	10
c27a01ecc15eeba892bf05b4d1d26726b428a119	NA%NA%NA%NA%NA%NA	10
a852f41deee66b81616bc1cd84dcc3a84fbaca43	NA%NA%NA%NA%NA%NA	10
fc9c538c1f28d3a9dc8298e59db55de37f3dcb7a	Arthropoda%Arachnida%Araneae%Linyphiidae%Mughiphantes%Mughiphantes cornutus	1
e0b003ebe683e41cb05eeeec52e2f3a3f27bdd20	NA%NA%NA%NA%NA%NA	10
e66ba30e9a84e0cbd61858928e251d8072390c3b	NA%NA%NA%NA%NA%NA	10
ef52e61f92cff180d6f4529a6f4bdb4d5794c3e9	NA%NA%NA%NA%NA%NA	10
cc549531950dd66da86491d361d1265b61f9b835	NA%NA%NA%NA%NA%NA	10
ddc2bdc7181d99037541a29fe061f1e9e9e728f3	NA%NA%NA%NA%NA%NA	10
2b52c8763598317aff4df340f6af2c035c3c72bc	Chlorophyta%Chlorophyceae%Sphaeropleales%Pseudomuriellaceae%Pseudomuriella%Pseudomuriella cubensis	1
2155e27fc4e15b17864a1624d62627b228b02d2c	NA%NA%NA%NA%NA%NA	10
0b503b32fd31706b5fc5458cd76f104fac80a346	NA%NA%NA%NA%NA%NA	10
3f6c721de210754115a846862dda224dbc3af28c	NA%NA%NA%NA%NA%NA	10
07d04cb5a9791cc0f2fa076a3dc5d1d36f2e185c	NA%NA%NA%NA%NA%NA	10
628ed6057d975a6c9c7fabbb9116a658c7a95c15	NA%NA%NA%NA%NA%NA	10
765a867392cbc62595af64fc669fc7064b95985b	NA%NA%NA%NA%NA%NA	10
5321cfe46cf3de1776872d7692f680253c70e6e9	NA%NA%NA%NA%NA%NA	10
0c98fbf014368e47e7a53ba827d6ecef1245c0d3	NA%NA%NA%NA%NA%NA	10
fd8063b577f7a683ae48a90a8174b91bcb355e37	NA%NA%NA%NA%NA%NA	10
96f175f24662173da1f504a68f879f8bbb43bac4	Bacillariophyta%Coscinodiscophyceae%Stephanodiscales%NA%NA%NA	10
b0406e4bd7a59ee5f0833fc6a1b416f9a1c0844c	NA%NA%NA%NA%NA%NA	10
af498e90f3cd2114a16a7c14b52faf1dbae2779c	Bacillariophyta%Coscinodiscophyceae%Stephanodiscales%NA%NA%NA	10
835dc7ec4afa1492eb77ee6b1d6522e2d0b2dba6	NA%NA%NA%NA%NA%NA	10
7d81806bdec7c45050edf3030131621795b4fc99	NA%NA%NA%NA%NA%NA	10
189dc9bc98934669a7127cc9b0363c49f9047c9c	Bacillariophyta%Coscinodiscophyceae%Thalassiosirales%NA%NA%NA	10
d912b90e1c3b9afafdb80bfd1d09c092fa10a9e2	NA%NA%NA%NA%NA%NA	10
e71ec2c6b0351ff95a7ae69801301ac293f53fe1	Bacillariophyta%Coscinodiscophyceae%NA%NA%NA%NA	10
b8158845474ab8ccad727a45280d10b1f6ed3767	NA%NA%NA%NA%NA%NA	10
b371b4b07e0f0ef4199a0c50a89b2830a38d6c60	Bacillariophyta%Coscinodiscophyceae%Thalassiosirales%NA%NA%NA	10
c0ed00cf9fd2ee80f1f8aa5a3bddc172f6f90d22	Bacillariophyta%Coscinodiscophyceae%NA%NA%NA%NA	10
c931c1a6e0c07fb0fa4e9b0389d75ea9beb591e4	Bacillariophyta%Coscinodiscophyceae%Stephanodiscales%NA%NA%NA	10
de910ffc345fcfb851d2122bd6d6c6c33ed6322d	NA%NA%NA%NA%NA%NA	10
b6b7147fbcb78a731e949b690236868aa9ca98f9	NA%NA%NA%NA%NA%NA	10
c1c237084002c45f8374b5524da5026281df8736	NA%NA%NA%NA%NA%NA	10
5f8132f889a3e169163b7811d94ef5eadb98e8b8	Bacillariophyta%Coscinodiscophyceae%Thalassiosirales%Skeletonemataceae%Skeletonema%NA	10
e43c0191303641024eb9097c2197ab3246ec8ff5	NA%NA%NA%NA%NA%NA	10
c8977dc9a5a25084aaf29f112a9958717044beab	NA%NA%NA%NA%NA%NA	10
d00851e8ccd7e4d2fbe6c09dd90ef01f8cf08aae	NA%NA%NA%NA%NA%NA	10
67441afb79c8ec7f41aa6ee4d2646276813dfe1a	NA%NA%NA%NA%NA%NA	10
bfd203e70c3684608e7966d1f95ba92b719b864b	NA%NA%NA%NA%NA%NA	10
327b441b7424c51a7ac06d0db56adfc959c9b638	NA%NA%NA%NA%NA%NA	10
3494bdb4593f77182c9f1fb01a351f37fb1a6e91	NA%NA%NA%NA%NA%NA	10
03aa8a1f94270f78eb6e83cb197db0806521e4cb	NA%NA%NA%NA%NA%NA	10
128b8fbe536084eadadc9da995bcb3aa8c7322f8	NA%NA%NA%NA%NA%NA	10
2e89d3474151334b19c3d1d9f5c601f79fe19827	NA%NA%NA%NA%NA%NA	10
79a3e2768b33d1bd9084e7ffd745ae71750daead	NA%NA%NA%NA%NA%NA	10
a7dc113403997ef2f057d479da4c1d2194b951b4	NA%NA%NA%NA%NA%NA	10
a7f77f58a8c52b7378e8952d560d4347d7c9032b	NA%NA%NA%NA%NA%NA	10
e184f5e1eace554ca4dd90fe4bfa08f4b3db1806	NA%NA%NA%NA%NA%NA	10
92ebaba7b1a9a7ac5edc2cd53f3d60c68ff8ff17	NA%NA%NA%NA%NA%NA	10
c6d8deafdd3e5bc6efd668e710ee7b9acdc3c4e4	Mollusca%Gastropoda%Nudibranchia%Dendronotidae%Dendronotus%Dendronotus venustus	1
8144b835420c41f537f34682e000b43d8d864350	NA%NA%NA%NA%NA%NA	10
91d1382c5095bffa3a64b061ad80e9b2a2744f8c	NA%NA%NA%NA%NA%NA	10
8d55068149675ac72faa874a10e6093ab5818103	NA%NA%NA%NA%NA%NA	10
1690593a896ebc44c338496d10c6d3119064a7ef	NA%NA%NA%NA%NA%NA	10
cd9d3faba7587de246516c111b2692433e8cc0d4	NA%NA%NA%NA%NA%NA	10
c0f2697190a4e4f60bfab0380bd9615da50f3380	NA%NA%NA%NA%NA%NA	10
93fe3302331b90a68cd24f213b90e36361dfb979	NA%NA%NA%NA%NA%NA	10
e73fef22847c9e3ea3ce564d9cb0bc57144a6707	NA%NA%NA%NA%NA%NA	10
34277eeb297071617dc8ba6ccbf970f1108f3946	NA%NA%NA%NA%NA%NA	10
04955ee9c1f31cab523e006efa936f4734849b32	NA%NA%NA%NA%NA%NA	10
01e8034cfa15eae08f5b62ab11e4f8cc13b8e1e2	Bacillariophyta%Coscinodiscophyceae%Stephanodiscales%NA%NA%NA	10
3a1f37de1325b877ce21363de65d66d75dffaaa0	NA%NA%NA%NA%NA%NA	10
92d74076e389d289e8de906e3f5502d35133a4e6	NA%NA%NA%NA%NA%NA	10
715f2163826441f0856a0b235b634d2433439c31	NA%NA%NA%NA%NA%NA	10
9cd1a16c728de076b7bf4fdc20fc27de1edc4e73	NA%NA%NA%NA%NA%NA	10
9d6570b11b42edbc6ed7709fd63f91a8f2b65189	Bacillariophyta%Coscinodiscophyceae%Stephanodiscales%NA%NA%NA	10
96b5bfccf6563c2ba3bd016617a850ff75d53ff7	NA%NA%NA%NA%NA%NA	10
c3a4049db8045dff15f292adea0c66aa8231692c	NA%NA%NA%NA%NA%NA	10
c487f8e92abefebd4ef302835e22d34a7bcad1f9	NA%NA%NA%NA%NA%NA	10
d0fd2a305ab3cf5aa769d65f7723980a1b2881f7	Bacillariophyta%Coscinodiscophyceae%Stephanodiscales%NA%NA%NA	10
d589beb34787d2e321dd041a29a34d347e6f2b80	NA%NA%NA%NA%NA%NA	10
da01d37a4be90b1897729d2575f9c28935c44ac9	Bacillariophyta%Coscinodiscophyceae%Stephanodiscales%NA%NA%NA	10
e92dacec16a7a2c8967991ca1db0d455faf9cf16	NA%NA%NA%NA%NA%NA	10
ef0dad5d3c1f9afe7ad7c8ee933f83c9c6dcb8c2	NA%NA%NA%NA%NA%NA	10
217b102485449e1658fc0ab23a51fcd08efa2606	NA%NA%NA%NA%NA%NA	10
3edd2e85da385efa50f1e75e196e3b30a05c3918	NA%NA%NA%NA%NA%NA	10
33e99b33e78f25145ab9215652d0d0ceed256053	NA%NA%NA%NA%NA%NA	10
700fe4f0ab04a4d19414a4cb2f71ec8daf1a703e	Bacillariophyta%Coscinodiscophyceae%Stephanodiscales%NA%NA%NA	10
20a3861400f25536fd7a1eee0d551f09b6704f09	NA%NA%NA%NA%NA%NA	10
8be71a88d3d8739f8be25c12a1b9717954e4b94f	NA%NA%NA%NA%NA%NA	10
89b1c262bc1e78afdef0fd535f7c635a4b339430	NA%NA%NA%NA%NA%NA	10
85b27b205b01c308f79c51b1117b0aeb19e9479e	NA%NA%NA%NA%NA%NA	10
46fec1805f3065c096f3b2052f484d78b9dab80a	NA%NA%NA%NA%NA%NA	10
a96e78299039329a3cd5624ea61384c80feb3872	NA%NA%NA%NA%NA%NA	10
ab743901e942bf137f2fd5cae7e9ee47ff02a301	Bacillariophyta%Bacillariophyceae%Bacillariales%Bacillariaceae%Nitzschia%Nitzschia palea	2
ad4b0895e492aa485f31ddef65e99f1067570fa2	NA%NA%NA%NA%NA%NA	10
afb2697bf9a863ed0c0f026734bff1bd55a70758	NA%NA%NA%NA%NA%NA	10
baa2cdb4af4fa09350688201dc77ded770dec5c0	NA%NA%NA%NA%NA%NA	10
ba3756cc9b65b22f37b6d13656a242af232c15e3	NA%NA%NA%NA%NA%NA	10
b3ee80d5e35cc571b69cc4c624ceeef07b51a27f	NA%NA%NA%NA%NA%NA	10
c5842489dcd2d2c807cddb77f07de3111d9fcb15	NA%NA%NA%NA%NA%NA	10
8635ebd92f05f6963f828950d6c9214c814a41f7	Bacillariophyta%Bacillariophyceae%Bacillariales%Bacillariaceae%Nitzschia%Nitzschia palea	1
a25d786830289d8d8e4d6396cb701614f906941b	Arthropoda%Insecta%NA%NA%NA%NA	10
8ac550d43228d0d7ea758f0ceb9c00ea192aab75	Bacillariophyta%Bacillariophyceae%Bacillariales%Bacillariaceae%Nitzschia%Nitzschia palea	1
8e62018d5f017536bbe5aa5e82ccc133840f84e4	Bacillariophyta%Coscinodiscophyceae%NA%NA%NA%NA	10
a249ef616769e679a35d91ef619fdce5255e6c81	NA%NA%NA%NA%NA%NA	10
a53fb21b695407d9f29f7b5869a0cdec73453e61	NA%NA%NA%NA%NA%NA	10
a73d61c42d9329e393693cc6a27863567e0b5094	Arthropoda%Insecta%Diptera%NA%NA%NA	10
a780d48258af61857ac03ed80060359f4e6dee76	NA%NA%NA%NA%NA%NA	10
a7d91f9762e004df0062ec967481df6c296d9155	Arthropoda%Insecta%Diptera%Mycetophilidae%Mycetophila%NA	3
94f131023b9e4903b2fd48c6555e5d1b01a9533f	Bacillariophyta%Coscinodiscophyceae%Stephanodiscales%NA%NA%NA	10
97b3b9546ccd6fe391eabbf713a473c6434af0d7	NA%NA%NA%NA%NA%NA	10
ee48f6d87344dd0fdc633b4f07c8deece1fb59ae	NA%NA%NA%NA%NA%NA	10
ea06a53f70716c26ec0a55650a7010a5af8a142c	NA%Phaeophyceae%Ectocarpales%NA%NA%NA	10
e8af34e8221a3c22d3c7f56d349d8897b46f51c8	NA%NA%NA%NA%NA%NA	10
e65fb4b0daef6e316cf692fed09bcd1d457da929	NA%NA%NA%NA%NA%NA	10
e2c98e43e3d4370070fc4cb23ed49bea9f9518a5	NA%NA%NA%NA%NA%NA	10
93886635ce677d07389f41853c6038b526a6bfee	NA%NA%NA%NA%NA%NA	10
e2bbb8a8f94e5aa04329e115016b6cb22789b515	NA%NA%NA%NA%NA%NA	10
fd89c8f7a9cf3bf657f567f24a5c45ce0b0cce86	Chordata%Actinopteri%Cichliformes%Cichlidae%Amphilophus%Amphilophus citrinellus	2
926880b966ed5bd0e9416b6bd11f51e1c5894153	Bacillariophyta%Coscinodiscophyceae%Stephanodiscales%NA%NA%NA	10
90e9a92004093e61835b2d85851ff9725d48143a	NA%NA%NA%NA%NA%NA	10
f4cc02e86a954392801dc06a67aca3490f0d0941	NA%NA%NA%NA%NA%NA	10
f79fa77bcb7940182207dd913620ea44bd535c27	NA%NA%NA%NA%NA%NA	10
fc89fd0526cc2256674201dcffeed99493ff2ae1	NA%NA%NA%NA%NA%NA	10
c820d1b47769269bb98f3f3900e1c1bf11462b0c	NA%NA%NA%NA%NA%NA	10
c9120c6c2d3c74039ad4b2e2c38d5333fc5dcaa3	Rotifera%Eurotatoria%Ploima%NA%NA%NA	10
d0476755004b39dc58a1a7ef30569e45d8273066	NA%NA%NA%NA%NA%NA	10
d0a07a47a1cfe1d5cf789373d6528fd5f25f43f5	NA%NA%NA%NA%NA%NA	10
d103a8013b77df5e4beaa21afd983666a696ca62	NA%NA%NA%NA%NA%NA	10
f3d2afc0d971dde40ac2a7bac966ff6cd3e665a3	NA%NA%NA%NA%NA%NA	10
d35cb1b961f8ad4315e76e66b2db706716b5ad0f	NA%NA%NA%NA%NA%NA	10
daa2dab82a73b9236f1d5f2a13c5ce0b0b6303a5	NA%NA%NA%NA%NA%NA	10
f0ddfa4209d0ce20e3d2b3cabfef3f6f9bcd7d5c	Bacillariophyta%Coscinodiscophyceae%Stephanodiscales%NA%NA%NA	10
f241de226c0a0c8e5740adac7a5f9e4060fa1eab	NA%NA%NA%NA%NA%NA	10
1ed05d85c168ca78956eeffa50bdd19bf89621b5	NA%NA%NA%NA%NA%NA	10
1d6d56dc11d9cb3246f749fc6eece257b2e4318c	Bacillariophyta%Coscinodiscophyceae%Stephanodiscales%NA%NA%NA	10
176414b068f0dcac1cb0daa8101a6f5acc6148d9	NA%NA%NA%NA%NA%NA	10
126109c20237f19ede3924a7b03649ad8111225d	NA%NA%NA%NA%NA%NA	10
2dec2f9edb4315d0fa270e4f75bc62e083427c19	NA%NA%NA%NA%NA%NA	10
25f48acc17ff0c1cb76cff595e584bbf6c811e4a	NA%NA%NA%NA%NA%NA	10
2f7b6648b0c8c307a48e83077b73c6edc9a32726	NA%NA%NA%NA%NA%NA	10
41912864c1074fe96cac90552bbb2eec4ad532af	NA%NA%NA%NA%NA%NA	10
4361d9d3d6d1c11765d7a1631035d59799df9786	NA%NA%NA%NA%NA%NA	10
462cca48654a79e2ac9bfccab86db68d6065a4ce	NA%NA%NA%NA%NA%NA	10
49462236cf06954f7322ca7b18c5ab8639c673e6	NA%NA%NA%NA%NA%NA	10
28f0c98fb2604d9644d8744505272f10a47d82fb	NA%NA%NA%NA%NA%NA	10
00c5fdc88e89d32e02e45c78fcb1aa2af70b5741	Chordata%Actinopteri%Atheriniformes%Atherinopsidae%Atherinella%Atherinella hubbsi	1
01cd08d4e6a849d76581ebb1880adc0f728e2c65	NA%NA%NA%NA%NA%NA	10
024f1b49aefe774ebbb01ace29f2847ed54a58d6	NA%NA%NA%NA%NA%NA	10
3d5744c9f85607eb06d927e0c144f17397d7fad8	NA%NA%NA%NA%NA%NA	10
381f2139fde521ebfcb6b435b86dce735ae6dec3	NA%NA%NA%NA%NA%NA	10
31a60d14e165853e3421391b19aa1a4bbf116f63	NA%NA%NA%NA%NA%NA	10
62826f12445591d3f7b500c2a93d666e1008ae5b	NA%NA%NA%NA%NA%NA	10
6912addd9a0175137db37aa4d34f63de338997a3	Rotifera%Eurotatoria%Ploima%Synchaetidae%Polyarthra%NA	10
76af2c163d11c016907f14ec05d28276014a0b3b	Chordata%Actinopteri%Cichliformes%Cichlidae%Parachromis%Parachromis managuensis	1
73c0185a9399333ee8f21da092796a8838d2a533	NA%NA%NA%NA%NA%NA	10
7af836d33b79674682ce9277861e6e8d2baea303	NA%NA%NA%NA%NA%NA	10
83135bfe3899680946106caf772e1bd60cf6ade1	NA%NA%NA%NA%NA%NA	10
84b67cba0eb78acf4fe48cd42fa2fd5f005fdfd9	Bacillariophyta%Coscinodiscophyceae%Stephanodiscales%NA%NA%NA	10
853c4cee39cfdb6d14c6605e5cd3e3cdb6a87100	NA%NA%NA%NA%NA%NA	10
50a64079d53db4d73be712316826bf780438ae69	NA%NA%NA%NA%NA%NA	10
50feb850d9cb8e0e572accffd3ce2ae1941a8aea	NA%NA%NA%NA%NA%NA	10
517a5e60fbf4edaf3e6f406b89b81688b0c690c6	NA%NA%NA%NA%NA%NA	10
5c2b7c2a2f874ccf8a7a20b81bb10abcaba799f0	NA%NA%NA%NA%NA%NA	10
52b8a76ec75b0c4e9fffcc4b4a2ebd26cdc5e577	NA%NA%NA%NA%NA%NA	10
566536683aa51f425fd72cd531c18b2205935aa7	NA%NA%NA%NA%NA%NA	10
571255d031718650dd4672ccbc36863d7cd90d03	NA%NA%NA%NA%NA%NA	10
5933ce057bd38e54e94385b22c14d3cf592f4df9	Chlorophyta%Chlorophyceae%Sphaeropleales%Bracteacoccaceae%Bracteacoccus%NA	3
5971224273b331127136a9a23d801d360dd2ff26	NA%NA%NA%NA%NA%NA	10
b97184b41e3133cdd25c4d5af72c9c998fc0a79f	Chordata%Aves%Pelecaniformes%Ardeidae%Botaurus%Botaurus lentiginosus	1
85157dc6759942e7ef1ab591df7b7f88911aa104	Bacillariophyta%Coscinodiscophyceae%Stephanodiscales%NA%NA%NA	10
0f6bbc8058012afb3981f21664ebbfcce33d2e9c	NA%NA%NA%NA%NA%NA	10
1f2ce88ad0a0ac70198180598697e7fbfbd792f5	NA%NA%NA%NA%NA%NA	10
3dfd602709099136ab69822393b7824d207ada52	NA%NA%NA%NA%NA%NA	10
6591e46ee8537ba2aa3041aa497e5794042bbadc	Bacillariophyta%Coscinodiscophyceae%Stephanodiscales%NA%NA%NA	10
411c569afbb1ebc668f13afb354181e8f914fdac	NA%NA%NA%NA%NA%NA	10
71b838df8b4a4a133cc2d8136bd8b5c1916be302	NA%NA%NA%NA%NA%NA	10
368bc0461ad478c8ee0d94bd7e817464d61045c4	NA%NA%NA%NA%NA%NA	10
bcaf879af2766ee678638b7c7de58c2df3847ed7	NA%NA%NA%NA%NA%NA	10
9830c1eb1c8a32ac0bff12510eb93221e51638d7	NA%NA%NA%NA%NA%NA	10
af719b9be07264d0649d5ed3c3f359fe8ca15e7c	Bacillariophyta%Coscinodiscophyceae%Stephanodiscales%NA%NA%NA	10
1e36f3dcdb7b4d94d2955a249e20bb44d56e3c75	NA%NA%NA%NA%NA%NA	10
28c6ec715d258d84f002882de604019e27e34d82	NA%NA%NA%NA%NA%NA	10
c9d6921fdcf4161c455428cf1dcb2b3fd6f50198	Bacillariophyta%Coscinodiscophyceae%Stephanodiscales%NA%NA%NA	10
c15760279d63677c174e0eac58ed287b56605443	NA%NA%NA%NA%NA%NA	10
94afb6866f7806929748081ed7f1416b9417a150	NA%NA%NA%NA%NA%NA	10
95e89935eb295b8ab3b64228039eaf05a24ee576	NA%NA%NA%NA%NA%NA	10
96d4af2946a9c2c6899ef4c2ed26983799b706de	Bacillariophyta%Coscinodiscophyceae%Stephanodiscales%NA%NA%NA	10
ac871ebdefa7988107c017e4b12e1bfdf243ce16	NA%NA%NA%NA%NA%NA	10
d1d36952583505aece476651e3a949175d4da3b2	Chordata%Amphibia%Anura%Mantellidae%Mantidactylus%Mantidactylus guttulatus	1
d5aee7ea4e42f6b4c0a3fd04ee82cdb16a3bcebe	NA%NA%NA%NA%NA%NA	10
dc40df94c0b54e6836529bc8be79ecd6c29f09c9	NA%NA%NA%NA%NA%NA	10
aecf980caba16b78e7b9e0ee05d28e8039630088	NA%NA%NA%NA%NA%NA	10
348055d86c10e5a1288ccc933a57794bfb097be0	Mollusca%Gastropoda%Nudibranchia%Dendronotidae%Dendronotus%Dendronotus venustus	1
75adf8de96421844f147953674936eb0a1ee71d4	NA%NA%NA%NA%NA%NA	10
089184f2c3558582f28d8a7b4cda510953e3204c	NA%NA%NA%NA%NA%NA	10
1c43f74f871391918a275b99d215f046acf35ae6	NA%NA%NA%NA%NA%NA	10
1da817be453f6d6e441b08f83f8c49630bd42053	NA%NA%NA%NA%NA%NA	10
0444fc92b9315012aef0b469c333cbe99072cd0b	NA%NA%NA%NA%NA%NA	10
03657656a061a56f416e6facc8055924065377b5	NA%NA%NA%NA%NA%NA	10
3b96affa6f30261f059b736db18e83fa784341d5	NA%NA%NA%NA%NA%NA	10
7363f208d3f2aea179edf8ef5ec906d30b56ac05	NA%NA%NA%NA%NA%NA	10
4e2a00ec974a41c5cee8b1d3e4d1d266a9508489	NA%NA%NA%NA%NA%NA	10
4a0c73b29ec37eaa6086f5b83ecfa08f9f906b49	NA%NA%NA%NA%NA%NA	10
5319be6c79aefaf87b46eb4aabb91294191a59cc	NA%NA%NA%NA%NA%NA	10
7922af13dcf747fbf11782d3a79221811afed97c	NA%NA%NA%NA%NA%NA	10
b76b40b66d8f07a7e451ca034ead81503b060131	Bacillariophyta%Coscinodiscophyceae%Stephanodiscales%NA%NA%NA	10
52033cdba51510603eeaac738883d344a0b61bfb	NA%NA%NA%NA%NA%NA	10
a3859eaa89f8456e85e2e85f826e37156760e406	NA%NA%NA%NA%NA%NA	10
a76e66720890d0850a5e3a05ac406052166e3606	NA%NA%NA%NA%NA%NA	10
a8a7122e1ba92dae8eb5c64dc8caf6c6fc5b1d9d	NA%NA%NA%NA%NA%NA	10
a62115d1e83a150a129d4118d46de128650d84c6	Bacillariophyta%Coscinodiscophyceae%Stephanodiscales%NA%NA%NA	10
a3f9bb7f55601b19b08f1780bdbac37ef2d88bce	Bacillariophyta%Coscinodiscophyceae%Stephanodiscales%NA%NA%NA	10
aa390335eb2802a746a4c8631419a089dbd3676f	Bacillariophyta%Coscinodiscophyceae%Thalassiosirales%NA%NA%NA	10
ab709be832fc392458e5e55f02573d0c425ab6fc	Bacillariophyta%Coscinodiscophyceae%Stephanodiscales%NA%NA%NA	10
ac420a25058a8a93129037db960435caa695a78d	NA%NA%NA%NA%NA%NA	10
ad139f77d59966f58fbcc1a13e8e97b5582b80d6	NA%NA%NA%NA%NA%NA	10
b2af2520bc75c31d4d2a68d3285dbaaac0694f46	NA%NA%NA%NA%NA%NA	10
792fa473a72a11dc0c64404dac05de6e69bf4b6e	Bacillariophyta%Coscinodiscophyceae%Thalassiosirales%NA%NA%NA	10
7959e8e11e7bdd29a196156a82f0edb1179800a8	NA%NA%NA%NA%NA%NA	10
795ecd325ee0adc00f95ee5e59ade7ea7b39b8fa	Rhodophyta%Florideophyceae%Sebdeniales%Sebdeniaceae%Sebdenia%Sebdenia flabellata	1
7eeb3f775b803a4235bf12ed17bb111d1af31f97	NA%NA%NA%NA%NA%NA	10
7faaa13e4df3e859bf8ce4d11bdce6cb31de26e7	NA%NA%NA%NA%NA%NA	10
91dd7bfeefec8e62e9d08b0999cb166347d4b0d9	NA%NA%NA%NA%NA%NA	10
9e9921353f865da13a8890014e03ce8808cd5035	NA%NA%NA%NA%NA%NA	10
950cae08bb6fcf71d676cb1a3929af07f55d1934	Arthropoda%Arachnida%Sarcoptiformes%Hemileiidae%Hemileius%Hemileius sp. BOLD:AAL8146	1
9695d9f4457ba2a200131954897860d493c92f13	Bacillariophyta%Coscinodiscophyceae%Thalassiosirales%Thalassiosiraceae%Thalassiosira%Thalassiosira rotula	1
99b0cc7ebb2842f77398393c2050c9c3dec536d3	NA%NA%NA%NA%NA%NA	10
9b108de5ea4a4851a33daa5b72f0b2ead544929f	NA%NA%NA%NA%NA%NA	10
9cd61ed6f801dee1b933c34c0d0eff6db7f7ba8c	NA%NA%NA%NA%NA%NA	10
cd3b0d3f2ebf53e6d97775843263c45905f1c011	NA%NA%NA%NA%NA%NA	10
80ef1ba0f76f99ad8032b0c8650e6a4f00ea243f	Chordata%Mammalia%Rodentia%Gliridae%Glis%Glis glis	1
84ad3abc83cdbba8785cf3a2cd984a04762d7a9b	NA%NA%NA%NA%NA%NA	10
c51ab0af2e26142288d6666b44f095ec3ed70375	NA%NA%NA%NA%NA%NA	10
dca7a750e89adea7ee95f1f13e269e509705b994	NA%NA%NA%NA%NA%NA	10
89eb228bcae1f7c939c8893913ae69c2069cfabe	NA%NA%NA%NA%NA%NA	10
df88c0b6ec96544e37372e43e63e8d4d11342c89	NA%NA%NA%NA%NA%NA	10
f0966beddf830d14875e331c57e5af6ef0d3d9c1	NA%NA%NA%NA%NA%NA	10
f36550a9cecc858b445146d29974c23d50f87bb0	NA%NA%NA%NA%NA%NA	10
f3e657fb06c8f750ba5fb2fbfcb7b6451a3de50a	NA%NA%NA%NA%NA%NA	10
f7b780031d2206a02c78c672148d362fb07f6060	Mollusca%Gastropoda%Nudibranchia%Dendronotidae%Dendronotus%Dendronotus venustus	1
b505b35d411b7ec71cd07d7f4132d9064c780eaf	NA%NA%NA%NA%NA%NA	10
b6605e8c8e1b527847e275c03cdf5557e16f37bb	NA%NA%NA%NA%NA%NA	10
bce6de221f47794a50fbc21263477855390ad5e7	NA%NA%NA%NA%NA%NA	10
bdd2272959c992c0e18ee6e1f70bc2d4fbdf13df	NA%NA%NA%NA%NA%NA	10
be7f0cd5ed6b0603c051501dc164d550a9d17c10	NA%NA%NA%NA%NA%NA	10
bfb7a316d45147ea0894178b4a2ae3bcb5ba2095	NA%NA%NA%NA%NA%NA	10
d040f025a9e342be394fde1233fdd4e6928968ad	NA%NA%NA%NA%NA%NA	10
d0ce4651e078b722cc8e84a971956b3bec9a3a27	Arthropoda%Insecta%Diptera%NA%NA%NA	10
b4f273ad04042b00f1f79e8cd7c4b6d55d822425	NA%NA%NA%NA%NA%NA	10
d799bddbfd8a9e5600505eedf4718e4c39c57543	NA%NA%NA%NA%NA%NA	10
d8609a5ef3b586ced1da0fde49ab023bafbabe46	NA%NA%NA%NA%NA%NA	10
d95495e61852f862cba049e5538e438b49ef0e4f	NA%NA%NA%NA%NA%NA	10
eec632ab6f9dc023d129795ee909cc82ad594110	NA%NA%NA%NA%NA%NA	10
e851581e0528abd9db5431994c0c879a6e428765	NA%Eustigmatophyceae%Eustigmatales%Monodopsidaceae%Nannochloropsis%Nannochloropsis oculata	1
e95184e5ef890e53dd6140b13d2031567264335b	NA%NA%NA%NA%NA%NA	10
e6d16a3a6a07364f5aab1088aab4b2347ffc0279	Arthropoda%Insecta%NA%NA%NA%NA	10
e322872e733f29faa06a435d82dba63f29d1fcd8	NA%NA%NA%NA%NA%NA	10
24ef86cee629afe0f663b034300142a19e7ae28f	NA%NA%NA%NA%NA%NA	10
256df76c2a3132af9febea000ff7af900f6c3bbb	Rotifera%Eurotatoria%Ploima%Synchaetidae%Polyarthra%NA	10
258174dabd378fd5254877eaca6add6c6b1790e9	NA%NA%NA%NA%NA%NA	10
269897efc41d1d7122414b3a0a3faf98924a226e	NA%NA%NA%NA%NA%NA	10
27698251835f59bcb075ebf9fd8f8f8fe09a2f10	Bacillariophyta%Coscinodiscophyceae%Stephanodiscales%NA%NA%NA	10
2ebbf8d93b9cda91ef281e16668e3abe20336269	NA%NA%NA%NA%NA%NA	10
35d617951f727a7a3f89e512d0d6b5d2e8583235	NA%NA%NA%NA%NA%NA	10
32171baeda851e096ca52ea60304aae9320616a8	Chordata%Actinopteri%Cichliformes%Cichlidae%Amphilophus%Amphilophus citrinellus	1
32a8a30b9ed706221152a4e80b0fe5f795129fa3	NA%NA%NA%NA%NA%NA	10
339d97bc3532d2505c1c9806abab3f17a4835494	NA%NA%NA%NA%NA%NA	10
0eec9297e05e80aef975587c40e709b370b5a295	NA%NA%NA%NA%NA%NA	10
00536c47575d54d2a18f4f1ad100ea69bfaa50f7	NA%NA%NA%NA%NA%NA	10
032c059a3f5d8f5a09266fbaa332259784c8df4b	NA%NA%NA%NA%NA%NA	10
04efa5ca96b1cc169991f233e1188734b6e21955	NA%NA%NA%NA%NA%NA	10
0908ea484b06fb49513d63d814dc376e7e123643	NA%NA%NA%NA%NA%NA	10
0d840d9af81156d29703e97350ff2f3b063bea4b	NA%NA%NA%NA%NA%NA	10
0ea6148091b6e55b6600c1d53d4621e11114853b	Chordata%Actinopteri%Cichliformes%Cichlidae%Amphilophus%Amphilophus citrinellus	1
1ff5b88b89bdcead110a697cd03e4a2061758799	NA%NA%NA%NA%NA%NA	10
132ee5fdb3cdb83fb67c4a9b84a0213038c08cb9	NA%NA%NA%NA%NA%NA	10
13e925cf42ce42bc26124f94322f4b96fab5b7a7	NA%NA%NA%NA%NA%NA	10
155750da8f15775d9122656af9f3158372e1f91c	NA%NA%NA%NA%NA%NA	10
1a836333916c3a9aea420ca50563ac81826ae90b	NA%NA%NA%NA%NA%NA	10
1cbc739b48efc3371f0a2c748317879be3d57337	Arthropoda%Insecta%Trichoptera%Hydropsychidae%Smicridea%Smicridea albosignata	1
1e7e5de79749b06a6ea042f9886de8733b3f725a	NA%NA%NA%NA%NA%NA	10
45b9c3b7ef6425a1598b3da6a11e2d427e539462	NA%NA%NA%NA%NA%NA	10
71e9f2cb879ad0ac36a5ab0fe6b7644766a71e5f	NA%NA%NA%NA%NA%NA	10
4faa194878473aa45096dd713bf9603464408df8	Bacillariophyta%Coscinodiscophyceae%Stephanodiscales%NA%NA%NA	10
44a2f180ced2fda96a63e4afdd90ccf21e6b9152	NA%NA%NA%NA%NA%NA	10
499155e19f9ac48bc8eaeb5f77c48a462feee5f5	Porifera%Demospongiae%Bubarida%NA%NA%NA	10
41ef1bc122d27bc55defc874225822f82fddb880	Mollusca%Gastropoda%Nudibranchia%Dendronotidae%Dendronotus%Dendronotus venustus	1
5bc53ea056aee7f8cbf11f641c1bbaf298313470	NA%NA%NA%NA%NA%NA	10
70ad13b269377d71fe88067c677061c85f48f96f	NA%NA%NA%NA%NA%NA	10
70728cecf6bd46d44b40d4240e7ae69381901ea6	NA%NA%NA%NA%NA%NA	10
734e602eb6e69388ec3696426ddc9b7802fa7e04	NA%NA%NA%NA%NA%NA	10
5c807be2439640f42f998c0f3b3a79422ae68b22	Bacillariophyta%Coscinodiscophyceae%Thalassiosirales%Skeletonemataceae%Skeletonema%Skeletonema potamos	2
74b6ce91a0c2ac8d39a0612ffe6d1f53aa1588cd	Bacillariophyta%Coscinodiscophyceae%Stephanodiscales%NA%NA%NA	10
39fb845efc33f94f433dabfd7820b53af4d534fb	NA%NA%NA%NA%NA%NA	10
5454686c94b91d28c3168cf53d294cdeaf200ae2	NA%NA%NA%NA%NA%NA	10
3b6e65c384484bdb7ea0ae0df4279e252c540fae	NA%NA%NA%NA%NA%NA	10
3d8b26d8a22397218a39ddc05156021d7d748403	NA%NA%NA%NA%NA%NA	10
51faa567b623832ee6382c64dd072ba7e9b538a9	NA%NA%NA%NA%NA%NA	10
535df68e8f69cce717754569adddb9882071010f	NA%NA%NA%NA%NA%NA	10
5416be04cacfe31d1d9a5d36c8fe26829cac2fe9	NA%NA%NA%NA%NA%NA	10
595c95521f8305d114887c82a12b5abc8644b44f	NA%NA%NA%NA%NA%NA	10
6a1ef8d662ff74d983effec982fd3916cf1a6934	NA%NA%NA%NA%NA%NA	10
694b7506ac7372d02850e169fd1eff67ee95c52b	NA%NA%NA%NA%NA%NA	10
65f3eab4c16643351d98a5b63b9ba9a85f16d04b	NA%NA%NA%NA%NA%NA	10
65c4252532192e3453a92aa958600c5e8c4ad434	NA%NA%NA%NA%NA%NA	10
654515723776492a570146e862bd6ac02256027c	NA%NA%NA%NA%NA%NA	10
6050f85beaffa19b6740424ff6657b58cbe37be6	NA%NA%NA%NA%NA%NA	10
74fb491b720174005b5b9a9a1ac6dc417e48147a	NA%NA%NA%NA%NA%NA	10
49c0686f76bfd1bbc0bbf40f3413bf0f8edce9c1	NA%NA%NA%NA%NA%NA	10
799dd300538ecba0f553fbf1307794bd0bca39ac	NA%NA%NA%NA%NA%NA	10
a8e35c6b846283e36a8c133f5d97643e5ec78f3f	NA%NA%NA%NA%NA%NA	10
f4db3929f20ec99f38bd260aa2a578891d5bc79b	NA%NA%NA%NA%NA%NA	10
9e7f2951bf42c501fe009f7ef2154ac926d363d0	Arthropoda%NA%NA%NA%NA%NA	10
ea0506f3c06559f4cafd5e52f55efeeea00eb326	NA%NA%NA%NA%NA%NA	10
689c4e73ae3a2b719922918cbc6bb2a00e2910b5	NA%NA%NA%NA%NA%NA	10
859e53c95120371a47a99d177a55ae3d0664700e	NA%NA%NA%NA%NA%NA	10
ce37bad0de06ca5fa6e88f532a1417aba863a988	NA%NA%NA%NA%NA%NA	10
485dd6293d65e41973c928f057c8e5ce2387e7d1	NA%NA%NA%NA%NA%NA	10
3278b0bf12c346a6ac0a2bbdf83143552c4bd536	NA%NA%NA%NA%NA%NA	10
a7b48250cc475118775b4aca928c14daa88ccb42	NA%NA%NA%NA%NA%NA	10
a505a856a05aa190eb26d496b30558312d629357	NA%NA%NA%NA%NA%NA	10
5771c97ed3363fd54a1cd4f2f6a699c27d70816e	NA%NA%NA%NA%NA%NA	10
ef6625cdae698d7aec7ddea4afef3f3be3dffa23	NA%NA%NA%NA%NA%NA	10
5bcf7bde66c981f3e1f51013ae5095b46b27c263	NA%NA%NA%NA%NA%NA	10
b7558605122c7f7f1ef4b65c767021556eef3363	NA%NA%NA%NA%NA%NA	10
2fe5c5616941bc8b45a9526157ca0216cff1bed0	NA%NA%NA%NA%NA%NA	10
aef530054dedd3b43447d2db5fa6ef8a46033321	NA%NA%NA%NA%NA%NA	10
d3736b0db0de23bc07e10b18e4816f54a16b5369	NA%NA%NA%NA%NA%NA	10
b6519e0d43a0a43b0301b40b013bba2ae30475e0	Rotifera%Eurotatoria%Ploima%NA%NA%NA	10
0aa520ccabff538f1c6342aed106384c5629ddf8	NA%NA%NA%NA%NA%NA	10
c60bfc429c8b910b5daf7b903839e190f9c34fdb	NA%NA%NA%NA%NA%NA	10
d16a58eda975207a043e43d4698e67d50f105564	NA%NA%NA%NA%NA%NA	10
7074cdd8831086ccb5d5b73f1d49cfe97062c80f	NA%NA%NA%NA%NA%NA	10
b5b691c901d8f383f5e05917217561d86b4654da	NA%NA%NA%NA%NA%NA	10
741e226697c19c9a246f8c4e36d6a876dfd18a02	NA%NA%NA%NA%NA%NA	10
ed3497ae813d4e6955bc1d3c707297217fef2424	NA%NA%NA%NA%NA%NA	10
8d0692553c931801401e620d03e6d181c6d19fef	NA%NA%NA%NA%NA%NA	10
21e5187bd5258ff31853b42fef654c8416b4355e	Chordata%NA%NA%NA%NA%NA	10
22f7f68d4c6ab8bd7af13e2a8388232ff3974296	NA%NA%NA%NA%NA%NA	10
e70f82722bd9c3af134c7492e1d3f76de3f36adb	NA%NA%NA%NA%NA%NA	10
41ba1b7825033d3768b4dbcc60d17e170aba54ed	NA%NA%NA%NA%NA%NA	10
48f35306821aefc198f65ebecfd9e83cf71f63fa	NA%NA%NA%NA%NA%NA	10
dd61cf766eb032bd172957ab6a2ef05973fe03ef	NA%NA%NA%NA%NA%NA	10
2791f54c47553653525a3dc736d026e55ec3484d	NA%NA%NA%NA%NA%NA	10
dd3ebef1d1feb822c2166ac722e501e6f44b5150	NA%NA%NA%NA%NA%NA	10
0bcf92011d175fe4fa548f5d2fdd304842725820	Porifera%Demospongiae%Bubarida%NA%NA%NA	10
42f1aa9be381e500df447a2f7cfe27c042cb097d	NA%NA%NA%NA%NA%NA	10
cf75740ff1a51a1b4cc408d3998a5cf81e20c6dc	NA%NA%NA%NA%NA%NA	10
90ec5c302fd948a1ac1912a63132cb848d6c3587	NA%NA%NA%NA%NA%NA	10
5366b944eb9c20d012d6f9ca86725828e43fedf3	NA%NA%NA%NA%NA%NA	10
e50a3b45be03c4e763e9cec72368d2a7f3bb6ded	NA%NA%NA%NA%NA%NA	10
033990990d47fa3c3523a20d5b1549ddca4d9695	NA%NA%NA%NA%NA%NA	10
f40ca2053c9f15d42594a09723af1cd148415943	NA%NA%NA%NA%NA%NA	10
f29936bcc69e19597bf320298439bfe0ee9ada1c	NA%NA%NA%NA%NA%NA	10
15afbcda17f334a14d8fff00c8ee17b0b473c0a1	NA%NA%NA%NA%NA%NA	10
326541567465a793cf103c2c25034b8a21ddd49b	NA%NA%NA%NA%NA%NA	10
5bc6c10eec26055cf0dddbb4c848de05de712492	NA%NA%NA%NA%NA%NA	10
3695e69bc89064373be2914bdccf7334b61ecc6e	NA%NA%NA%NA%NA%NA	10
1a20d041703fa1e48a728598102ce0f9fde25de8	NA%NA%NA%NA%NA%NA	10
3ff9c16878979da5d8c96978282e70d5f1898a91	NA%NA%NA%NA%NA%NA	10
f6afd72b81f8f41052b05cf64d0bd703f16ad0a1	NA%NA%NA%NA%NA%NA	10
8685be6e3533e911fa1b69f5711434eb14207b94	NA%NA%NA%NA%NA%NA	10
9961459f25c87f39ae765a09465826f773c03e5e	NA%NA%NA%NA%NA%NA	10
92f220d0ed7c1b115bd59c55d148af190411dcd1	NA%NA%NA%NA%NA%NA	10
711433ebecc70ab7fe62ee0521731ca2d3860ecd	NA%NA%NA%NA%NA%NA	10
f8540a55b5119e0d2ac5362d9e4092b4dd23bf35	NA%NA%NA%NA%NA%NA	10
c514842e1780cadbcb899bc96d25c242ce63ce5a	NA%NA%NA%NA%NA%NA	10
cabdd70df93d194b2ad75415622ddc9440ad7ffd	Rotifera%Eurotatoria%Ploima%Brachionidae%Keratella%Keratella americana	2
ba049a6c5cce020056f43b0b70aaf8806ed8e9f7	Rhodophyta%Florideophyceae%Ceramiales%Rhodomelaceae%Placophora%Placophora monocarpa	1
b94c447786efaed7d0dc3a84771feb297228b6b7	NA%NA%NA%NA%NA%NA	10
e5695c6750ed9c72e379893188ee40014449f794	Rhodophyta%Florideophyceae%Ceramiales%Rhodomelaceae%Osmundea%Osmundea spectabilis	1
ebfc6d0ff8799f985175c8c5d4bb84b086c8d74d	NA%NA%NA%NA%NA%NA	10
f6bf113914f3545b2a36bf47187df9c362e16d2d	NA%NA%NA%NA%NA%NA	10
18b787c3bc81042e42b703136d92d854e1704627	NA%NA%NA%NA%NA%NA	10
19e11751f57eec1d8763db654d3588e8b0dfaab9	NA%NA%NA%NA%NA%NA	10
3c101cec3ac39dd37b0f5a6a82590dcb2b84d7ff	NA%NA%NA%NA%NA%NA	10
6e12a32b6d5e0f31d9f348831e7d83cb2cbe8ad6	NA%NA%NA%NA%NA%NA	10
733234830061be28dcd9b59f8c0c7c8ca36b61e6	NA%NA%NA%NA%NA%NA	10
7fe2fd0047b8eba22d85372ccabfaa477967d8b0	NA%NA%NA%NA%NA%NA	10
b25a0bb1ed2eff600962c2314f6e5f47b4c91643	NA%NA%NA%NA%NA%NA	10
b0244fe0a8f46f592498b14af077e88efe2edecb	NA%NA%NA%NA%NA%NA	10
b2d9ac7b9b920254f039293bbea84d1c574c1ed7	Arthropoda%Insecta%NA%NA%NA%NA	10
bbef830f587313989dc5bb56f4e064ce905e7bac	Oomycota%NA%NA%NA%NA%NA	10
bbf78ca3a9b78a2cde742d5468066e7f9891e69c	NA%NA%NA%NA%NA%NA	10
c9e666b8629176c7543c8ddb9d9de6eb6a8f2017	NA%NA%NA%NA%NA%NA	10
ad7da348617157457f01dc02995ca96ff7317b57	NA%NA%NA%NA%NA%NA	10
aae5472ef90aa2452ecee10cd60085f6d3b50150	NA%NA%NA%NA%NA%NA	10
aa8b0c2878f887a33713a48da419a840f8fe46d1	Oomycota%NA%NA%NA%NA%NA	10
a91acb42eee76eb49e17ced4ce509f5f3dc3075f	Arthropoda%NA%NA%NA%NA%NA	10
a7d1710bf123277edf02a77494eb62bd2693c177	NA%NA%NA%NA%NA%NA	10
a0cda4a24823ea6ffca4c21b48f792cf8ab9d012	NA%NA%NA%NA%NA%NA	10
8dfa4ec9261b9cae373846ee166c2af76c763d19	NA%NA%NA%NA%NA%NA	10
8d6220ec54fed300468ae4dba7781650e6f0e493	NA%NA%NA%NA%NA%NA	10
9fa4665218d5a24aabb602c02e6eacfc188c9e20	Bacillariophyta%Coscinodiscophyceae%Stephanodiscales%NA%NA%NA	10
f7566f385c1fcff6dc4bce4684bf50fa14d2aca3	NA%NA%NA%NA%NA%NA	10
9fa8868adc1a1c28ca270d3339ed8c1097ff2a72	NA%NA%NA%NA%NA%NA	10
ead0abe5507c796ff22397af9a5ec9de13fe6dbe	NA%NA%NA%NA%NA%NA	10
eae5668753136fc27fd58743867e63c6ee6bc087	NA%NA%NA%NA%NA%NA	10
e49ca9d7c0317575395b604dca693f90decd3505	NA%NA%NA%NA%NA%NA	10
e26593f6f78944efcca16c5795b7a47674b763a3	Oomycota%NA%Peronosporales%NA%NA%NA	10
e0cac2de02528a019338824ebcf5381b8cc02f46	NA%NA%NA%NA%NA%NA	10
ff0de5d8698f8d9eeb63eaa508ae65c4437ef0c4	Oomycota%NA%NA%NA%NA%NA	10
94bf1227fd8f8c01a185e0818af51601a1939b17	NA%NA%NA%NA%NA%NA	10
94b5ecf5f6b9999e474866cb989e3e194a6a867b	NA%NA%NA%NA%NA%NA	10
f9033599316c18b32ada913baa33f7b8cdf89912	NA%NA%NA%NA%NA%NA	10
ca89c46e6cb3c5beb684bc002db87ad7463859ad	NA%NA%NA%NA%NA%NA	10
f577ded5444d2b13f3b3c5581dd94329298cb249	NA%NA%NA%NA%NA%NA	10
f346106d3fe20fc02d1b21d22fe82265b123e63e	NA%NA%NA%NA%NA%NA	10
f0a5846e214b4e520f3f282bba48f9c014d742e6	NA%NA%NA%NA%NA%NA	10
cb6d147570776420443767c7a821c07f2ca27d80	NA%NA%NA%NA%NA%NA	10
cac1c7e608e10f19d246716ed9280a780e369be2	NA%NA%NA%NA%NA%NA	10
dbd7810cca8d9e2f70b16089a35a990d3b63bb86	NA%NA%NA%NA%NA%NA	10
dba1cf8ede1044fee5c43f2e36819ca3c55c441b	NA%NA%NA%NA%NA%NA	10
db547565412cf274b838ff25e659908f527ee819	NA%NA%NA%NA%NA%NA	10
d5919fd90f63d34c3edd28820145304c18036e8d	NA%NA%NA%NA%NA%NA	10
d2e15ee57e73b5c55e22d09ff03a8b6937d2db2d	Arthropoda%NA%NA%NA%NA%NA	10
2d5cab3f14f6442aa08cd3c34c7203b78f0a0353	NA%NA%NA%NA%NA%NA	10
46a24f1511b6716cccaa30f5fe215e59f0affd42	NA%NA%NA%NA%NA%NA	10
43f3ed00b7d8ab183c576d58cded66e3dbc00c83	NA%NA%NA%NA%NA%NA	10
1011ca20016ea98fa1523bf9ed2c89190f27e95e	NA%NA%NA%NA%NA%NA	10
107f9a2feeec8c1b6f9c06d95c05a1ddbbb2a59f	Ascomycota%Sordariomycetes%NA%NA%NA%NA	10
15f363d43adf090743830d802802972cafa45c9c	Rotifera%Eurotatoria%Ploima%Trichocercidae%Trichocerca%Trichocerca stylata	2
43ab49331edfb69493740e04a85f4d9ba0434510	NA%NA%NA%NA%NA%NA	10
23ae185c870b20d1f3439fc268b5df76fcecf44c	NA%NA%NA%NA%NA%NA	10
2eaae66b6e64adfb422e9a307c166bdc2df290e9	NA%NA%NA%NA%NA%NA	10
2efbb0ff779d79d3cf24f46930f6c2e9163ecfdb	Mollusca%Gastropoda%Nudibranchia%Dendronotidae%Dendronotus%Dendronotus venustus	1
22184b1b0b6a33336b582a49e8feefcbf9f376b8	NA%NA%NA%NA%NA%NA	10
3012fe2bb2583d13351326ca21747cd9454204f1	NA%NA%NA%NA%NA%NA	10
31f691cb6e51fd274a234f0eba4b5bd42ddad78f	NA%NA%NA%NA%NA%NA	10
35910b217bd3ef722b90cfd51c899dfcdd423e3a	Rotifera%Eurotatoria%Ploima%Brachionidae%Keratella%Keratella americana	2
3aea53953fede3f029ac14ccd8f6e805cd214db3	NA%NA%NA%NA%NA%NA	10
0b491756860b4b5e643d070e81453f7abd5cf335	NA%NA%NA%NA%NA%NA	10
03d7acc87dca3b839a51ca426039e4a611c4c0e9	Rhodophyta%Florideophyceae%Ceramiales%Rhodomelaceae%Alsidium%Alsidium cymatophilum	1
669fa1631fafab7b7f1fee78a7aed2b612da00cd	Arthropoda%NA%NA%NA%NA%NA	10
875f07c346752e688f1fff65feea1ebe6628d552	NA%NA%NA%NA%NA%NA	10
80c06c4e20b01484aa2030b15ebb2c0c7fa9ff3e	NA%NA%NA%NA%NA%NA	10
80d2944b8dfdff065f95e3decf9d4507d889a229	NA%NA%NA%NA%NA%NA	10
51c9b19221949250f464d743cc252dba46c6db1c	Arthropoda%Insecta%Odonata%Corduliidae%Somatochlora%NA	3
5c0186fff99a0f26e05985e7f71addfb08b34da1	NA%NA%NA%NA%NA%NA	10
5ee7dbbd1259b728f0d518ea0b6f657f245b742b	NA%NA%NA%NA%NA%NA	10
6efd1f0967c9d4579bcbdef51675a12ab7589bb8	NA%NA%NA%NA%NA%NA	10
89371e47900e620bbda22e24e81b5fedfb591865	NA%NA%NA%NA%NA%NA	10
65f388dba781439c03f02b6a84e191ff97234e5d	NA%NA%NA%NA%NA%NA	10
60ad437b757431092a687c4b4b1737a747e93c8c	NA%NA%NA%NA%NA%NA	10
615794d6324f7a751da290d9e19950392280b7ae	NA%NA%NA%NA%NA%NA	10
67501f07ca3d9acb37e3d176e3becedd511d203d	NA%NA%NA%NA%NA%NA	10
4fc8d36941f0a0d04721ae88e8a51c1f11f3210b	NA%NA%NA%NA%NA%NA	10
71e8fc38c1eff886430c63a30f37262a56ed50de	NA%NA%NA%NA%NA%NA	10
72c088edf36672036d2b32704b5ad2fc06c53d09	NA%NA%NA%NA%NA%NA	10
736e904db6fecdbb920077357597b23d356649f3	NA%NA%NA%NA%NA%NA	10
78ddcc29b27739fd48e1768ababf433a7dbcc72e	NA%NA%NA%NA%NA%NA	10
7f233caca0a1ceb6ffd2219417ded878c653a6b9	Oomycota%NA%NA%NA%NA%NA	10
4d178acfbaab2833b44171bd49df9381e479ace8	NA%NA%NA%NA%NA%NA	10
4e220e3ffdc49c1f39f30e052dcd33e501875554	NA%NA%NA%NA%NA%NA	10
8040c99002351f48fc75730d725a33e834ad52a9	NA%NA%NA%NA%NA%NA	10
e927cca8513d5eb68f5b43da6c2d343833844d68	NA%NA%NA%NA%NA%NA	10
77ffb886eaa342ac907971f1a9dee3697c75bd1b	NA%NA%NA%NA%NA%NA	10
737dc66325769215740928d001164c3fce47c38c	NA%NA%NA%NA%NA%NA	10
bfd3465f8e6d4ae67a111b23941e32746b9794ba	NA%NA%NA%NA%NA%NA	10
844daf43094af14fad80a0a845ae75460173bce1	NA%NA%NA%NA%NA%NA	10
eccd86506bbf7cfe36b7eba4e0e05e1c787099dd	NA%NA%NA%NA%NA%NA	10
e7a301002da0ae9b562f1e402a2ccb0a63d842d7	NA%NA%NA%NA%NA%NA	10
1b919ed8d81803978b7aa18a03a92dbaa4aa30b2	NA%NA%NA%NA%NA%NA	10
6780d07c5d6a6015aef656befcf01f3eaef028d7	NA%NA%NA%NA%NA%NA	10
0d38f4c64e88f74220aab310e3bed2204db85a64	NA%NA%NA%NA%NA%NA	10
19d035feb485dbdeb2b56bcf0730eb40b27bd8e4	NA%NA%NA%NA%NA%NA	10
b14772ee049a9318758c2829f66c41a52ad7912e	NA%NA%NA%NA%NA%NA	10
b22994d25638da8d0965b79d4019a3bbe08ec223	Arthropoda%NA%NA%NA%NA%NA	10
1ad28f8583bf1e64394516b119aa241fa60c2f74	NA%NA%NA%NA%NA%NA	10
1acb50d93515214a281a788b87f09429e5804f3e	Arthropoda%NA%NA%NA%NA%NA	10
4de55183c247724decb07430950db4d746e935b5	NA%NA%NA%NA%NA%NA	10
bbfbfeee51dd955c10586327650a4ce264a0b12b	NA%NA%NA%NA%NA%NA	10
75808e476d7267c07d25cd403313262a51c12c37	Chordata%Lepidosauria%Squamata%Gekkonidae%NA%NA	7
21e9fd64821231a02b6ed486309de362ecfc77f8	NA%NA%NA%NA%NA%NA	10
389107f1b492163f0e4ce4fe9728053d37d860db	NA%NA%NA%NA%NA%NA	10
42d4c2417f80c0204e209d36f1b1fbe4af8c7266	NA%NA%NA%NA%NA%NA	10
69489f24372e3a8b277fdc4dfcd79d25ddeb1a14	NA%NA%NA%NA%NA%NA	10
c017f6688ac58f40b12bd30ae2ef23acda407f1a	NA%NA%NA%NA%NA%NA	10
694fc57250208ad0f5e2117a1643f7e95e6b018b	Oomycota%NA%NA%NA%NA%NA	10
92a29c025fe04a34fc52918178955eb57ebc27bd	NA%NA%NA%NA%NA%NA	10
aab783e517ce26b33bae790975307e74693413ef	Chordata%Mammalia%Carnivora%Canidae%Canis%Canis lupus	1
af91117fd8ca30528729dc9107789a1f1e7fcbb2	NA%NA%NA%NA%NA%NA	10
c086f12d1171548d920f00e3bd4532e29d320103	NA%NA%NA%NA%NA%NA	10
e25e43f0c60b4da4e59dba49c8ad8a504bc159e5	NA%NA%NA%NA%NA%NA	10
ec2f958a5a6141c6751eade8401db7311b804858	Arthropoda%Insecta%NA%NA%NA%NA	10
eff25f9b950baea53b8e5892a0d55d82aa54d90b	Ascomycota%Eurotiomycetes%Eurotiales%Aspergillaceae%Aspergillus%Aspergillus janus	1
08967a20cd7718d310425f5739208b30dab6faf3	NA%NA%NA%NA%NA%NA	10
a7e7e17c884f0814073716f5c91708c4fc9c8b9e	NA%NA%NA%NA%NA%NA	10
2e502ae7fa6ba5032a8fddca764906f36b94bfa6	Oomycota%NA%NA%NA%NA%NA	10
2efb141136c0a12691e0147274ffbd088e911f1f	NA%NA%NA%NA%NA%NA	10
3b801f52f13a33c43567ee0ac720d9e9eaca5f9e	NA%NA%NA%NA%NA%NA	10
4b817e1995308139959439b71a0e0789124cb3de	Ascomycota%Sordariomycetes%NA%NA%NA%NA	10
d433b0df2c2eaae78b8cf628649265462b389b6e	NA%NA%NA%NA%NA%NA	10
d53d93b5259ff1ed6d204fb70b0f56013084fb05	NA%NA%NA%NA%NA%NA	10
64857c1441907b827ed6f85cbb47cb2473bb717e	Oomycota%NA%NA%NA%NA%NA	10
a7a2c9e9eec1d3f4be7b4ef478246e5b5a397768	NA%NA%NA%NA%NA%NA	10
a36a46ccad1b8b4076ebccbeefd5e32711839854	Oomycota%NA%NA%NA%NA%NA	10
8790737d7ae44122e7c848d8862debe4f617dd1f	NA%NA%NA%NA%NA%NA	10
85faa236d36fe1a52d5d4a75b42f335d31071b45	NA%NA%NA%NA%NA%NA	10
8267cbb084b948d3856f448596efc575c928f53d	NA%NA%NA%NA%NA%NA	10
a4ed63021766487b59f3f7ea0a5b6529398aadb0	NA%NA%NA%NA%NA%NA	10
a85fde6eb2418451fe5eb10b0747df8bd430b0a4	NA%NA%NA%NA%NA%NA	10
ad7db93c5ec6ff5a23834bfd436c8eef0fa22427	NA%NA%NA%NA%NA%NA	10
af673753add02e976027d82ea4a042f9ca9802b9	NA%NA%NA%NA%NA%NA	10
be66154c86a34767243d119662165629032e21e6	NA%NA%NA%NA%NA%NA	10
bfc9ce2dfd8ca823b87e31f86cad612bc35e338a	NA%NA%NA%NA%NA%NA	10
b4b99d2fd5a003a8cf4cbe5191e529efdd64a757	NA%NA%NA%NA%NA%NA	10
b1212b35be244eff7ead42abe45dde49dd78a8aa	NA%NA%NA%NA%NA%NA	10
b2e9c7e42c6ab939de090ee4ce4a8993cacbfdc7	NA%NA%NA%NA%NA%NA	10
b25014c246dcd9a4c41ffedfbc4b3f45f833fb68	Rhodophyta%Bangiophyceae%Bangiales%Bangiaceae%Pyropia%NA	3
80914b0246e67c093136092e0eb5fdc520a694fb	Arthropoda%Insecta%Diptera%Chironomidae%NA%NA	7
8e58ba35cd4f9fd93cace3ba0c2dc2f3a56731ee	Oomycota%NA%NA%NA%NA%NA	10
8e049d493a76e07c7472a18b24a1b718b39eb2dd	NA%NA%NA%NA%NA%NA	10
8ac917049623d3014fedaad9fe6bd8dcb6dfdbd1	NA%NA%NA%NA%NA%NA	10
c10819ffe9d5fa9b533c4d7c60e2b8067db4e8cc	Arthropoda%NA%NA%NA%NA%NA	10
c156db32bd4d4a58941db1f2ede9cc49c5c52bd7	NA%NA%NA%NA%NA%NA	10
95ae371659a4146576844584c7f816e5642f848c	NA%NA%NA%NA%NA%NA	10
e5999adbb23534fd5c493ee1f84516f97dc1011a	NA%NA%NA%NA%NA%NA	10
e55a29fda0552fe9d60ba282b8b887bfb37c1b0b	NA%NA%NA%NA%NA%NA	10
e3f8172acf7730034c92be78fa4f8be2416ac473	NA%NA%NA%NA%NA%NA	10
e3dbfa4cf6ced999ad0aeff88c71908d89b097d3	NA%NA%NA%NA%NA%NA	10
947fce4c1fdbd4fa5d443d48ac58c340f2a6a41e	NA%NA%NA%NA%NA%NA	10
952aacd26b3a0c13c939bd435bfe09dd11fc0dd8	NA%NA%NA%NA%NA%NA	10
e911ee54c9827dc4da7d287db12a51394c12bcda	NA%NA%NA%NA%NA%NA	10
93cbe4d1bc3a9c5544872155821254b614bcf277	NA%NA%NA%NA%NA%NA	10
f1a966c3abc56bcc7df39034ac8489fc0788c374	NA%NA%NA%NA%NA%NA	10
fadb8f2790b3ed3f4fb494969a2cead982b1f7ba	NA%NA%NA%NA%NA%NA	10
fb64ed3d062958116aea2d72befd8c57869b041c	NA%NA%NA%NA%NA%NA	10
fc6579063f05f8a24a2c11c7b17d1a12bb1ed49f	NA%NA%NA%NA%NA%NA	10
c6d28caab411d9aad53f9959b2b2718ba7d1d613	NA%NA%NA%NA%NA%NA	10
972ffcb69fee4071a2c033bb308fe9b7d64e49b8	Oomycota%NA%NA%NA%NA%NA	10
990bdd055e40e530230b85b6d0fb8151fe935ad8	NA%NA%NA%NA%NA%NA	10
c7d9cc80067c6771e87071aedc7708afd16063ad	NA%NA%NA%NA%NA%NA	10
ddea9a30351d0f795d26f04112bce07479bb028a	NA%NA%NA%NA%NA%NA	10
dd9969721e5d6098c6a972a8daa7f8b4e9aaf226	NA%NA%NA%NA%NA%NA	10
d7b351c8380434e39c283eb6ef105a644baf4f76	NA%NA%NA%NA%NA%NA	10
d5c31015607227589d089dda64bd82c6998e9e99	NA%NA%NA%NA%NA%NA	10
d1e6a6565f64bbd20fef605a21a33886981e911a	NA%NA%NA%NA%NA%NA	10
d18745f19359d98ed0c339313dd543a5beb32857	NA%NA%NA%NA%NA%NA	10
d2f9023788150a881191a509275868adbe89314e	NA%NA%NA%NA%NA%NA	10
2c59e1effefe843d76a6e91986a5d5778eba0790	NA%NA%NA%NA%NA%NA	10
29630af568e7bd78b55472431599e5185ddb65f0	NA%NA%NA%NA%NA%NA	10
27368ea72fcec1574f15cc08516424a1fea94070	NA%NA%NA%NA%NA%NA	10
2469e561045ab28a5a0a718faff66daaaff9c2c0	NA%NA%NA%NA%NA%NA	10
21216b5def68bb56e76c8940e241337b49200f32	Oomycota%NA%NA%NA%NA%NA	10
207d3945b6cfc52dbe58d94f14606af9344eb7b7	NA%NA%NA%NA%NA%NA	10
370f8c2288dc23f2968dbcb2e33d90aaffe05436	NA%NA%NA%NA%NA%NA	10
0f30e30be68a7169035d67fdade8b545730cee9b	NA%NA%NA%NA%NA%NA	10
095656b8a5182e66b74870d096c5aac85af9e286	NA%NA%NA%NA%NA%NA	10
057f63460ac1df259be021b5817ca9b6b727d8a1	NA%NA%NA%NA%NA%NA	10
0581b5ccdf41190fb1de470b3dd963fbce297f74	NA%NA%NA%NA%NA%NA	10
1d87838eb22ae89efb57bfa7624e06ab148bace7	NA%NA%NA%NA%NA%NA	10
124eee9a384316c345abc3536d5b5d34e79ab2f2	NA%NA%NA%NA%NA%NA	10
12428ea4ff55da9c43a2df39344c834f95e5413c	NA%NA%NA%NA%NA%NA	10
13c8065f0b29a5814405f8036a1c5e2e460161f5	NA%NA%NA%NA%NA%NA	10
5b576779d3071f337c6e426535f75f0af7591115	Oomycota%NA%NA%NA%NA%NA	10
7cac60ce62d252a1473a5ff8b51d5563297e7e48	NA%NA%NA%NA%NA%NA	10
41f0c677418c238019714ae3ea16947b8e48d27e	NA%NA%NA%NA%NA%NA	10
4442c8c86e3500f7b2055ffee64be3a06ebbbc79	NA%Dinophyceae%Peridiniales%Kryptoperidiniaceae%Durinskia%Durinskia baltica	1
446254dff30ec94bb7ceb31e32ebf71d08a43771	Oomycota%NA%Peronosporales%Peronosporaceae%Phytophthora%Phytophthora frigida	1
4d2c3f444ce9f533e76bd8d31340c02de22be396	NA%NA%NA%NA%NA%NA	10
79e2992e21479333af5dd492a3b17c0bc38f0c83	NA%NA%NA%NA%NA%NA	10
70d1f2022c4272d728733ecf96f87fb835fbb3b6	NA%NA%NA%NA%NA%NA	10
5d040119b188c9cc74de79d82f0476c6ec7852a9	NA%NA%NA%NA%NA%NA	10
8048d5f46f9e725e17ddf3e92152006698b59c34	NA%NA%NA%NA%NA%NA	10
5309b9d54ff573761656977cdee538d6a09c9a4c	NA%NA%NA%NA%NA%NA	10
513c94281e0bd25a883bd4f0859564ed7eaff2d8	NA%NA%NA%NA%NA%NA	10
610571aa94b65ba98f29f714e25fc96ba64fe63f	NA%NA%NA%NA%NA%NA	10
61a8b559e32066bc560e3fe800ced58f1296cdbc	NA%NA%NA%NA%NA%NA	10
63f55fec58854a42920768ccebfcef83b23f7d43	Oomycota%NA%NA%NA%NA%NA	10
66d59c68630a43daca9bdaf0e471eec9182d372e	NA%NA%NA%NA%NA%NA	10
6b75a8830e3917615973d5a0e4094811bf8c39a9	Bacillariophyta%Coscinodiscophyceae%Thalassiosirales%NA%NA%NA	10
6c55c95551c69a18906443945985b6df4c498425	NA%NA%NA%NA%NA%NA	10
6ddc37d863b5731864b3a47f8b197c6f4981a558	NA%NA%NA%NA%NA%NA	10
370e0b741b3db1219a31b9294506de195599063d	Rhodophyta%Bangiophyceae%Bangiales%Bangiaceae%Pyropia%NA	3
fce56d5d1cb8383501201a2d4fa36137342292ee	NA%NA%NA%NA%NA%NA	10
0ec6ca94c1d28dc2a7b656afc30b1fe496dd7952	NA%NA%NA%NA%NA%NA	10
15f16c2adb0572e763b4302f2122a8cd2d1fb42a	Annelida%Clitellata%Tubificida%Naididae%Olavius%Olavius ullae	1
bfdca5fb4c05379bf95887d7ac8d9a131fe05648	Arthropoda%Arachnida%Araneae%Salticidae%Sittisax%Sittisax ranieri	1
9c95e9929b30245109b2109bdc23c040165df6df	NA%NA%NA%NA%NA%NA	10
a53d72aaa47a6d704b8ef33c6d4f31177a245843	NA%NA%NA%NA%NA%NA	10
f773304285efcb5c81323a0594b661c7cd1eacaf	NA%NA%NA%NA%NA%NA	10
c84624f4b690b00eed599653bbe3fa5c07a1948f	NA%NA%NA%NA%NA%NA	10
acd038ec8deb390f1cd9b840b3d3812184dc89d3	NA%NA%NA%NA%NA%NA	10
a928f6cf4ab104b191c5994153533d74fee46cec	NA%NA%NA%NA%NA%NA	10
a1fb6b53cce47350da92df57f9a2b0017b13fb98	NA%NA%NA%NA%NA%NA	10
aef29e67386f2bca121847f880021e0b8d20b27b	NA%NA%NA%NA%NA%NA	10
afc64543b6012f91be40c15b1111c2ff3c3fca3f	Arthropoda%NA%NA%NA%NA%NA	10
b0fe062f6f6b05cfbf878737c5407bd29c641821	NA%NA%NA%NA%NA%NA	10
8de275ff1d418918e3dc3566bcd7da05be4f76b8	NA%NA%NA%NA%NA%NA	10
88e4b37b848698ac2554a231b217539c1f83c7bc	NA%NA%NA%NA%NA%NA	10
ef948ca965a088b2aeea69f9ff846910fc054147	NA%NA%NA%NA%NA%NA	10
f42be96ecaac6cbab6d29e6850cfbbbb17f25727	Ascomycota%Sordariomycetes%NA%NA%NA%NA	10
f1ac146c826efabdec6a265b098232b120eed543	Oomycota%NA%NA%NA%NA%NA	10
94695781e2c94ec16fb5de32305caa104bfe552e	NA%NA%NA%NA%NA%NA	10
96fe5ca0d7d36325bdf5c40c43da5e2b7c00c054	NA%NA%NA%NA%NA%NA	10
e7bffb2f78d1ae495b21ab716f3934b6b60ace51	NA%NA%NA%NA%NA%NA	10
dec4902b708d3744ebf5cb161c8074378ee4f6f5	NA%NA%NA%NA%NA%NA	10
d7857e0010aa50907868b1f016deb0a8491de0ed	Arthropoda%Insecta%NA%NA%NA%NA	10
e4b7a9af09456eaf3811e9ed1b0cdd7c75c9b46d	NA%NA%NA%NA%NA%NA	10
e5c1ecc1873101029d64df885a55139838a7d911	Arthropoda%Insecta%NA%NA%NA%NA	10
cf73bce75a915ceec39e574af4b8294421e8c582	NA%NA%NA%NA%NA%NA	10
c53613d3064230a40c1e7b1503ba9c3d9be241e4	NA%NA%NA%NA%NA%NA	10
415b3fc4cfed24689852aebe5f35ca0eb216e45e	NA%NA%NA%NA%NA%NA	10
133e9554545d0c868fa61b5fcc784091c0adb3ab	NA%NA%NA%NA%NA%NA	10
18be260af861dbe90c3a8a327f4db3ae4e27c0c0	NA%NA%NA%NA%NA%NA	10
1fa51f66789272a86f098ec0512e9a626c041431	NA%NA%NA%NA%NA%NA	10
2e9996a02ce8056ab04ba515cedfbac3d56ab480	NA%NA%NA%NA%NA%NA	10
2e1572d81fbdee4be9da30cea4ed11eefae34d76	NA%NA%NA%NA%NA%NA	10
2c72a2800654039ecc8b4ed7a98c865d4f9c5549	NA%NA%NA%NA%NA%NA	10
2959fcb8945ef458d7bb7b5eecf2848c0c2bc396	NA%NA%NA%NA%NA%NA	10
2369db5380804b53980b4d433c694b9f7e6c11ac	NA%NA%NA%NA%NA%NA	10
0fc6653c10feb135e93fc702d2e4f50f1e2a7e3e	NA%NA%NA%NA%NA%NA	10
3362895560745e9ad574f934858804024a61e70e	NA%NA%NA%NA%NA%NA	10
354ea0a90424f753112e268435428ce505bab8cf	NA%NA%NA%NA%NA%NA	10
029d112acd48ebbc6813310e1f13b27570adfb83	Arthropoda%Insecta%Diptera%Chironomidae%NA%NA	7
6f2f87202f4f4db012439a6cbb9fbd589f7afb43	NA%NA%NA%NA%NA%NA	10
63b284e628fe3e6642a4408a9f83231606e72728	NA%NA%NA%NA%NA%NA	10
7541af304d61a6fc55dc0e6edaa0843dcf3dc483	NA%NA%NA%NA%NA%NA	10
70d657200ad0ee7814bd50d87f11809e87fb03b7	NA%NA%NA%NA%NA%NA	10
70645cd812204c8204a3304f64a9cff56970e1c2	Rotifera%Eurotatoria%Ploima%NA%NA%NA	10
4ff9c6009f1fbf0a4cc075562b1bfe12ac056fe0	Arthropoda%Insecta%Hymenoptera%Braconidae%Areopraon%Areopraon chaitophori	1
4c7a2679dfdd364b7cc99b08cc2bf433cc07f453	NA%NA%NA%NA%NA%NA	10
5e1dfb3fb9dbdc0e22880e6662889d65201d5e34	NA%NA%NA%NA%NA%NA	10
55ecf4e38b536b5140756cb99ce59ea1df845782	NA%NA%NA%NA%NA%NA	10
53c0692978b430acc26a3a6b79177cd26ebf5780	Rhodophyta%Florideophyceae%Ceramiales%Rhodomelaceae%Alsidium%Alsidium cymatophilum	1
5065bc97732d005329608727a8582f8cf1cc6883	NA%NA%NA%NA%NA%NA	10
118bb67b74bc7d4fae92ee957e69240b65d4ba18	NA%NA%NA%NA%NA%NA	10
78e2709fed1cfb1da0516e68611894be980a6189	NA%NA%NA%NA%NA%NA	10
d17caee441f2a91082e4b40d7d77f7d188f9930b	Rotifera%Eurotatoria%Ploima%Brachionidae%Brachionus%Brachionus havanaensis	2
6ef27416012d4172381f1e005ecb31137e82f240	Arthropoda%Arachnida%Araneae%Linyphiidae%Tarsiphantes%Tarsiphantes latithorax	1
95944e33ea6448cab2d8af1ad2a6da59df28982b	NA%NA%NA%NA%NA%NA	10
b9d41118d7de1d044d703013431cba23702b73a7	NA%NA%NA%NA%NA%NA	10
6204b7eb9f5deb42b9020f7e3b0288e6b7235f58	NA%NA%NA%NA%NA%NA	10
bc1f102f65be8054281a832f38fdec456a83fa8d	NA%NA%NA%NA%NA%NA	10
bd008b23f40543bd09bd021bcf089063814ca943	NA%NA%NA%NA%NA%NA	10
9db246425a2966075fe266f1be35518ede4319fe	NA%NA%NA%NA%NA%NA	10
898bccff0520d9c210448b33ec695d1c97855bd1	Arthropoda%Insecta%NA%NA%NA%NA	10
9ace6b47e5004ec61c4ec6e1b908b4103b167e8e	NA%NA%NA%NA%NA%NA	10
a9774e3bb12d2657481a075df04aec496cdd8864	NA%NA%NA%NA%NA%NA	10
948cb45f873b3d8963a8bf3b4922412e203793ab	NA%NA%NA%NA%NA%NA	10
feb71b7ee3473898354ac17a6a5a7765b55bb500	NA%NA%NA%NA%NA%NA	10
d005f3fd635fa26398940ee1a1d1e08ec7f04456	NA%NA%NA%NA%NA%NA	10
edf7674e16fc8db70dab33134aca33bdfa7465d3	NA%NA%NA%NA%NA%NA	10
111403370117d5874e9c2fbef33bd0fc4bd7b664	NA%NA%NA%NA%NA%NA	10
1ec542efc29726f758307892045f4d19ba10635b	NA%NA%NA%NA%NA%NA	10
29ba6cfbba1ab7d93333017140d01a813e41bf57	NA%NA%NA%NA%NA%NA	10
3d63e6c1dc80851d97426b0295a88bc9884d896d	Ascomycota%Sordariomycetes%Hypocreales%NA%NA%NA	10
43713a97617f164e33089a4ed1f5d146e103eaaa	NA%NA%NA%NA%NA%NA	10
58d448e511050429362565e640b607888cb2c58e	Chordata%Aves%Galliformes%Phasianidae%Meleagris%Meleagris gallopavo	1
753fb3c8db0d5a90a2a58fc1b5c2306ba0969eae	Chordata%Actinopteri%NA%Sciaenidae%Larimichthys%Larimichthys crocea	1
d1c74e770929e2d61bfe8d1c14268254e31de4ca	NA%NA%NA%NA%NA%NA	10
16d1bc3b12093265d93c857989726c9fa5016ce5	NA%NA%NA%NA%NA%NA	10
d383b0eea46dffc6141c285d5eed00169a9c8bd2	NA%NA%NA%NA%NA%NA	10
e5ec6e6464d50b38bcb75aa787cb21df52602047	NA%NA%NA%NA%NA%NA	10
bf47e579b7fceeed40997ba7612e9cdfe9214d95	Chordata%NA%NA%NA%NA%NA	10
abb291985c0b7c48b3ffbf03566bcc507838b06e	NA%NA%NA%NA%NA%NA	10
ded59ca75dbb413310294e6a229633aa98bca29b	NA%NA%NA%NA%NA%NA	10
5ba2a532b0a61f22a5b4f753be19e37290f895fe	Rotifera%Eurotatoria%NA%NA%NA%NA	10
5649dff0c1231459f5a7099769c3e5a8a8bea58b	NA%NA%NA%NA%NA%NA	10
11a0d0c1d6f951c56d9e9db6d25513eec4a723a6	NA%NA%NA%NA%NA%NA	10
fa4e9488ba84d5f4d1b3f31df42fc18f8389f0ec	Oomycota%NA%NA%NA%NA%NA	10
754e21d9be4e0a99d071edb8a63a8fe35f35c764	NA%NA%NA%NA%NA%NA	10
7fc70b601f16acc2b5e1e2ce1c7914661d534bb9	NA%NA%NA%NA%NA%NA	10
a4106d3ba57e1efaf9af4414ba351ce317075f2e	NA%NA%NA%NA%NA%NA	10
a7972ea7bd00520859f11767380d0fa8ef54ee9d	NA%NA%NA%NA%NA%NA	10
d542d8b18b04e80cb583d9a55275b2edc68847ad	NA%NA%NA%NA%NA%NA	10
e1ecc0ba162756a964daa72acd0e5a8d371383a6	NA%NA%NA%NA%NA%NA	10
04c7c11a60bacf92a24fdc7bb1de5eec4cc178de	NA%NA%NA%NA%NA%NA	10
28cf17c5d9aaceaee32e505c22438c705464a0a5	NA%NA%NA%NA%NA%NA	10
6b8ae8df3b4d85271936dd11d61dcb2ec33b516e	Bacillariophyta%Bacillariophyceae%Naviculales%NA%NA%NA	10
5a259f1790a1db632798449cc2847d8d2771156e	NA%NA%NA%NA%NA%NA	10
67cab72f3637c8f07a333b8951f7be262d85677e	NA%NA%NA%NA%NA%NA	10
6850edef1844db7feb163157e1fc8cddd9d79bb2	NA%NA%NA%NA%NA%NA	10
166aacc5b0557da968166be3ae8c60222037e248	Bacillariophyta%Bacillariophyceae%Naviculales%Phaeodactylaceae%Phaeodactylum%Phaeodactylum tricornutum	1
fcb96d8fe0f5c554402190a4a05cc843b19d2706	NA%NA%NA%NA%NA%NA	10
1f0549af7da30b418951ba2dbf4798797b3afce2	NA%NA%NA%NA%NA%NA	10
76486f1e20d6324ec0d289b74f628fc4e3c15874	Mollusca%Gastropoda%Stylommatophora%NA%NA%NA	10
a7c26e9f4019a879b08248e6d5d1901747427bde	Chordata%NA%NA%NA%NA%NA	10
5d1f87e3f6afd7253e275275a2d6833a0f2b4172	NA%NA%NA%NA%NA%NA	10
3850c3f690250551d3cd7ba0b4530ea615f9eec2	NA%NA%NA%NA%NA%NA	10
0311c42b236c1927fa6da4ae9adf12c4ae43fc1a	NA%NA%NA%NA%NA%NA	10
2785e2d7ace5ba576039bbbccea6b376528a031e	NA%NA%NA%NA%NA%NA	10
10164bac76821956a3bdfa85216adb974fc384fb	NA%NA%NA%NA%NA%NA	10
42427d5304ae4d8956fd72cdca99fb65d430ada2	Arthropoda%Hexanauplia%Calanoida%NA%NA%NA	10
0b7a12d55e4d4d10ee5deb277eb5442afa895349	NA%NA%NA%NA%NA%NA	10
38466a6d0f3224ade9ec3ce35864b1334a96c6ad	NA%NA%NA%NA%NA%NA	10
6baac7f2bed244eedf61d03949b01a27614b4fa6	Arthropoda%Malacostraca%Decapoda%Portunidae%Achelous%Achelous depressifrons	1
434ffcd72eafb241dce49558cb0e89dd7ba55d99	NA%NA%NA%NA%NA%NA	10
38cc879b789432c56a429c3f8b9f7e2bd9552802	NA%NA%NA%NA%NA%NA	10
45b50c1d2d73183e488eb138c49629bc7317fcff	NA%NA%NA%NA%NA%NA	10
43d419697b292fef91c247e73afbc8b24d1f4dc5	NA%NA%NA%NA%NA%NA	10
a882ac6b989ab1b23f2842903138908ca0852079	Bacillariophyta%Bacillariophyceae%Naviculales%NA%NA%NA	10
b42f6bb8c0db3bbd9ac004709150b9e281d3b70c	NA%NA%NA%NA%NA%NA	10
445f683c38534931f5fac504447c676b13e6d855	NA%NA%NA%NA%NA%NA	10
885b9b07b3437751bc6b8240f58fa47810d26af5	NA%NA%NA%NA%NA%NA	10
f46e617ef2966a812e46e702a6b96b951cab03ed	NA%NA%NA%NA%NA%NA	10
ea95a98658467d1babb0cd3ea5b52c3ece85af76	NA%NA%NA%NA%NA%NA	10
6f305f5511d801703aeeda9358a392c4907ef88e	NA%NA%NA%NA%NA%NA	10
75debd1526896dac4f6b8ff15f3a630decf8a6a9	NA%NA%NA%NA%NA%NA	10
a3cf077853c9a9c368c1b62825497792848c10df	NA%NA%NA%NA%NA%NA	10
a42a5834e28c1604e0bfa04e50a5c7ec8d972bcf	NA%NA%NA%NA%NA%NA	10
bd51f75397b9a19270f82d62bf0b4f8ac7409d49	NA%NA%NA%NA%NA%NA	10
2f25f96441d0c5bbcb0744cb45277b72e455bbaf	NA%NA%NA%NA%NA%NA	10
5927734ea81d14a5c469de7e2d4a5dee6a946a47	NA%NA%NA%NA%NA%NA	10
d03e7293f99ba24618337ed639ba30a31335a3ae	NA%NA%NA%NA%NA%NA	10
e3d8ca1f7499e19bb2caaa813d441d7340e832b2	NA%NA%NA%NA%NA%NA	10
f4e88e3b4d09e842da308b0d1e07d1ca31145efd	NA%NA%NA%NA%NA%NA	10
df68dd12b7b4d2933f7967b49f99cdf15b76216e	NA%NA%NA%NA%NA%NA	10
c740d3ca07644fdfdd868bc0d0531b75af855137	Ascomycota%NA%NA%NA%NA%NA	10
da54b1606f22644f20d4431d9a059737fcf64b5b	Ascomycota%Eurotiomycetes%Eurotiales%Aspergillaceae%Aspergillus%NA	10
d2f47feeab59b00be5584d51fbbd0ac856a1ffa3	NA%NA%NA%NA%NA%NA	10
2be6f3b94a9ab09d97e0fd059fb8696eff46ba94	NA%NA%NA%NA%NA%NA	10
6dd24e97435c8b13c97726c54989051e38554078	NA%NA%NA%NA%NA%NA	10
9faffb91afae637aeef289d18c6c77e0ddbc4772	NA%NA%NA%NA%NA%NA	10
7b6844a4948ee2631f7cd57013da982b7e259d99	Arthropoda%Insecta%Diptera%NA%NA%NA	10
9d6d196209e36b2c8f76e2ca43fe4be244f5e8d0	NA%NA%NA%NA%NA%NA	10
983489ca41ce6bafeeebd9c1b7d7a5f907d14765	NA%NA%NA%NA%NA%NA	10
a2ba8c0cd0ee2ff292ed8a83022cf937ca25a6e1	Chordata%Actinopteri%Gadiformes%Gadidae%Micromesistius%Micromesistius poutassou	1
9703ca97e125714697bf492af3095a81766888c7	NA%NA%NA%NA%NA%NA	10
7e4bad3edd4e1e42c49df88b040d8be229c4bf67	NA%NA%NA%NA%NA%NA	10
768061f30566566a7f1db67ed3ce7a190d9f89ce	Oomycota%NA%NA%NA%NA%NA	10
71cea8ed97b9996b0e4616bba47fb9191f0c4f8f	NA%NA%NA%NA%NA%NA	10
8c486e267b71b7705b77e013ed9031f12acb48dd	NA%NA%NA%NA%NA%NA	10
85c4b3593bbef21b7c7c504e7f45df2707a2e617	NA%NA%NA%NA%NA%NA	10
fc78886c0441ef6fbdc74579cffd34e9a6bb6f0e	NA%NA%NA%NA%NA%NA	10
d6148698631cdc30154903b9c280ef3ebadbe518	NA%NA%NA%NA%NA%NA	10
d991f93650ae48c67a6c6b406f6aa9d36022135b	NA%NA%NA%NA%NA%NA	10
a505c5a1aa300466a83472a84dc1c210168ff0f7	NA%NA%NA%NA%NA%NA	10
bbdac2608dea4d889b4c844f2a929174a711f377	NA%NA%NA%NA%NA%NA	10
dad70d6ee4d60aaf59b7b53c485dc167033d71d7	NA%NA%NA%NA%NA%NA	10
dd5b77ff28ba60b3c00bf238b778e804b04d3a64	NA%NA%NA%NA%NA%NA	10
f43a37155abb483623729c360f974f4f7c43d2d5	Ascomycota%NA%NA%NA%NA%NA	10
abe133af16cfdc8d01fcde8da17686ed2d5fe6f7	NA%NA%NA%NA%NA%NA	10
a6cc08a36d45b8b68f187c8917eff1fe4bab4c06	NA%NA%NA%NA%NA%NA	10
d009e44667bf6a7d703c032d6a5c5203a0aabada	NA%NA%NA%NA%NA%NA	10
b7eccf6247b37101c592994a2e5a6f6b9d847a6b	Arthropoda%Insecta%Hemiptera%Aphididae%NA%NA	7
b54742b6ec102229232091f25b58e6d5ad87514c	NA%NA%NA%NA%NA%NA	10
f9e28d61c7650f085cfe97ea5294ba4d3a65af8e	Arthropoda%NA%NA%NA%NA%NA	10
00dc3c4367ef11ca0ee31914be97981739b14baa	NA%NA%NA%NA%NA%NA	10
2f81ba51fdfd03b877ea481d27066c8ec42f6c27	NA%NA%NA%NA%NA%NA	10
28209231075d9cff283327725bc5f8245a5e5fc9	NA%NA%NA%NA%NA%NA	10
0c5fdf83dbcdfe81f9be98b7b33e4a3bc52795eb	NA%NA%NA%NA%NA%NA	10
3332a156a034a0ecca88bc5098e59453113f8dfe	NA%NA%NA%NA%NA%NA	10
021a3ffd50b715b55450a111962c202c40050dd3	NA%NA%NA%NA%NA%NA	10
02645c6bdffe787e6f88c3bb40d592f44a85f854	NA%NA%NA%NA%NA%NA	10
034e013de724bc3a46f462d5171ee8165738c136	NA%NA%NA%NA%NA%NA	10
03c0e4511d159a5903d28876b28a544bbf5a4ff1	NA%NA%NA%NA%NA%NA	10
079d1f13061290bbfc45fb498e81babccae1b1a0	NA%NA%NA%NA%NA%NA	10
1d1b74cfd83df27f2b43ef0b1539618c1fc1fc03	NA%NA%NA%NA%NA%NA	10
1f3dc9d6fd724c22815ddc3e0ed35caf5e9c5b4e	NA%NA%NA%NA%NA%NA	10
1b11ba60603570d8c3748ab656f0c8c7ecfa7467	NA%NA%NA%NA%NA%NA	10
5f24ffeb252b4d90a00543f73d3afab301aa9b31	NA%NA%NA%NA%NA%NA	10
5a1e716a0e50be015c3e17423f61b336fef7345b	NA%NA%NA%NA%NA%NA	10
5a24e8854835cd5b3e013254b8eff8ab59428e2e	Discosea%Flabellinia%NA%NA%NA%NA	10
57e099cbcf579307e7200da27d45a7364f4efa92	Oomycota%NA%NA%NA%NA%NA	10
52a6dac160fd113debe4591049d78e4b747436e1	NA%NA%NA%NA%NA%NA	10
53e4807179ceae7eb78c83c5679d8a6dde5db7b7	Pseudomonadota%Gammaproteobacteria%Pseudomonadales%Pseudomonadaceae%Pseudomonas%Pseudomonas psychrophila	1
6cc4fe003f228fe89fd2882a1d52025117b75674	NA%NA%NA%NA%NA%NA	10
65310c8cf0438e29c77a25571e742c3402f478b5	NA%NA%NA%NA%NA%NA	10
650638f7fe6662869bbb7c83b73cf74093c9ce8c	NA%NA%NA%NA%NA%NA	10
40c74cbd9bf1f51c7a3bc1466a686f827f097563	NA%NA%NA%NA%NA%NA	10
71c7d84eeb81f475b145c3783e691ec3a90c1e63	NA%NA%NA%NA%NA%NA	10
35529333411f0f82f477841f4e23c2cb14ed72e0	NA%NA%NA%NA%NA%NA	10
3de09852bd7af753a634afd98ab27ec1bcb1cc36	NA%NA%NA%NA%NA%NA	10
43c200c1c9698f3afb81e96dfb6eb1c1dde7ea04	NA%NA%NA%NA%NA%NA	10
49b1df7d33b0d3230bc8fa54c61eb093b9f97ac9	NA%NA%NA%NA%NA%NA	10
4bfe2074fb9acbc312e7d49602e4b4a42c018818	NA%NA%NA%NA%NA%NA	10
5d73aad89ba82c67bfa3f0cbe703342faa120808	NA%NA%NA%NA%NA%NA	10
2bae9c723ac72411b1d1e2672c1929848d1ce934	NA%NA%NA%NA%NA%NA	10
e80d7089894cbe3456e9120d0224d697a6299b2a	Bacillariophyta%Coscinodiscophyceae%Stephanodiscales%Stephanodiscaceae%Cyclostephanos%Cyclostephanos invisitatus	1
d5f2f8065b184cc0d18979665ac55600a62f967a	Bacillariophyta%Coscinodiscophyceae%Melosirales%Melosiraceae%Melosira%Melosira varians	2
92ff95590521e83d3d9978a7ac059fd65808f48a	NA%NA%NA%NA%NA%NA	10
c7520ba7900d71a258a6c1d6b18157f530802e1b	NA%NA%NA%NA%NA%NA	10
a9206498ae024d73c8027b9e18c082342c21b1ff	NA%NA%NA%NA%NA%NA	10
b06272cfb0eaecd07f363038c51646f454623aed	NA%Phaeophyceae%NA%NA%NA%NA	10
0dee761b4c84808f9b8f84961ce52ef2673a785c	NA%NA%NA%NA%NA%NA	10
6ea2ddaee93add70b495866156cd01842644cb1d	NA%NA%NA%NA%NA%NA	10
33929dc0884903ddf4397ac7cf25fb7ddced7b03	Arthropoda%Insecta%Hemiptera%Blissidae%Ischnodemus%Ischnodemus hesperius	1
23a7e7a70ddcfd35582e7fc4f51889d9a2402166	Bacillariophyta%Bacillariophyceae%Bacillariales%Bacillariaceae%Nitzschia%Nitzschia palea	1
44614c15ce302dff0f2865d27455f86d47c069e3	NA%NA%NA%NA%NA%NA	10
a9749073799518433d35cbd535675ef95279c956	Haptophyta%NA%Prymnesiales%Chrysochromulinaceae%Chrysochromulina%NA	10
0894693dba31402774344efebd9044e3fd2b0470	NA%NA%NA%NA%NA%NA	10
3d10ba8de4e7f01ba9004e00e89e45dadcac7fe2	NA%NA%NA%NA%NA%NA	10
79314dc5fe5922b47b47e78dcd75d083613cf21e	NA%NA%NA%NA%NA%NA	10
09f367ec2d6dfe0a25d946e8c2fd25e1a38b90cb	NA%NA%NA%NA%NA%NA	10
2302994f5692ca7537975e3827d92d37724d947f	NA%NA%NA%NA%NA%NA	10
d817a1442d22b281a0eb900e2cbec73b86c87f31	NA%NA%NA%NA%NA%NA	10
4a5ac0e5afb495c04a068bac9fc4547b82e93d0b	Bacillariophyta%Coscinodiscophyceae%Stephanodiscales%Stephanodiscaceae%Stephanodiscus%NA	3
c198fdb665602ae04bf06d928b7f3276973c9a2f	NA%NA%NA%NA%NA%NA	10
0642ffcdbda3217351ddb556a32e66a12868b296	NA%NA%NA%NA%NA%NA	10
fecdd92797dd362138f9ed16431d7c678e01cd5c	Bacillariophyta%Coscinodiscophyceae%Stephanodiscales%Stephanodiscaceae%Cyclostephanos%NA	10
de9344a79408700a1445dede52d662bf178bc0af	NA%Phaeophyceae%Sphacelariales%Choristocarpaceae%Choristocarpus%Choristocarpus tenellus	1
c353dcb2fa69a38f7c838b2c72b5ee8b47d4b839	NA%NA%NA%NA%NA%NA	10
9d6636121321e4ac4dd05ca39c3b3008db95d0b7	NA%NA%NA%NA%NA%NA	10
3293f492de5ca1307ce627780ecbc3b302f7963e	NA%NA%NA%NA%NA%NA	10
eeb8010dc72597df7b0b6e08b0687e57df4fc8da	Bacillariophyta%Bacillariophyceae%Bacillariales%NA%NA%NA	10
469fbff170d5d3fadf5dd498937628b5651754bf	Bacillariophyta%Coscinodiscophyceae%Stephanodiscales%Stephanodiscaceae%Cyclostephanos%Cyclostephanos invisitatus	2
b4b918450b5faae442a485448af3633cdeedaac1	Arthropoda%Insecta%NA%NA%NA%NA	10
340a25e45a4be00f16744b3127d30e1d684fcb83	NA%NA%NA%NA%NA%NA	10
47b3a72bbe6c968998bbe8b57ccd308927333342	NA%NA%NA%NA%NA%NA	10
73ecad0a3198b43f2bf530ae90497f7feaf6be2a	NA%NA%NA%NA%NA%NA	10
9cc0905a758829a95674749981d4f4e032bbd445	NA%NA%NA%NA%NA%NA	10
b69adaacad1e8df57a758413598a2cec2c559595	NA%NA%NA%NA%NA%NA	10
570dbd988e113993d1f30ca139d10437d696e148	NA%NA%NA%NA%NA%NA	10
cdae5bcf731e41b855188568e055cd1c52d4c949	Mollusca%Gastropoda%Stylommatophora%Camaenidae%Satsuma%Satsuma japonica	1
d0c3e1943cf81a30400e38e64535df8ca5830b5c	NA%NA%NA%NA%NA%NA	10
d143578eb1cbef6c6b1c7abf92eadcb66ed1f1dc	NA%NA%NA%NA%NA%NA	10
4807c3efa68f331067cf7679aaafc924259e1184	NA%NA%NA%NA%NA%NA	10
3d033dcf4021b09370467552399d258731d5d3ee	NA%NA%NA%NA%NA%NA	10
a12acce813c062dca5442bb851270ff095291785	NA%NA%NA%NA%NA%NA	10
c4ef4b4953e8da0857dee649305649937ff43fce	Mollusca%Gastropoda%Nudibranchia%Chromodorididae%Ardeadoris%Ardeadoris averni	1
5dfdf4eac97f7487a7cfaa5740eccab855f8f55d	NA%NA%NA%NA%NA%NA	10
2e7d88902e58d1fa581d64c2542e8f8d17f0adb9	NA%NA%NA%NA%NA%NA	10
7d9c815e33e81233cfcdfb9333d8dfdbda1e2c13	NA%NA%NA%NA%NA%NA	10
8cf2f8ccb15b77bab7c42d563ba74df415b714c4	Cnidaria%Hydrozoa%Leptothecata%NA%NA%NA	10
44c334b1220c4f2fd90dd6afec5bfcf5d74bbddc	Bacillariophyta%Coscinodiscophyceae%Thalassiosirales%NA%NA%NA	10
0be10d349fd0400b691855c4a5ecf2810f0a060d	NA%NA%NA%NA%NA%NA	10
a47b950d14d9d643f10deb0f381dcbd0988fafc7	NA%NA%NA%NA%NA%NA	10
aee90204f841d154296b18eb56e7b58b52125d5b	Bacillariophyta%Bacillariophyceae%Bacillariales%Bacillariaceae%Nitzschia%NA	10
d46555509a7e67f5434552ebb713cb273de5260f	Cnidaria%Anthozoa%Scleractinia%Lobophylliidae%NA%NA	7
bd797f81e223320ba937c399496d57ea9c43fc71	Chlorophyta%Chlorophyceae%Chlamydomonadales%Volvocaceae%Volvox%Volvox carteri	1
dccc92439f4dab82b070a04f55da8652116171a1	Bacillariophyta%Coscinodiscophyceae%Stephanodiscales%NA%NA%NA	10
3ca86edd6cb10d9303884019bb347526cddb957d	NA%Phaeophyceae%NA%NA%NA%NA	10
114ee921e0d067ed83724e4dd3eff19c346bc9d0	NA%NA%NA%NA%NA%NA	10
ccf445d96b0e378393666d12a95a776f637f53d2	NA%NA%NA%NA%NA%NA	10
4ca7c7662395c7e976437421c5c8125425a5b4e5	NA%NA%NA%NA%NA%NA	10
7cc92ecaa4ff2b46c150996943fcd74cc9f3d3fc	Chordata%Mammalia%Artiodactyla%Bovidae%Bos%NA	3
e74becae464b84c465ddc6e12de24313a8a48e06	NA%NA%NA%NA%NA%NA	10
b7bf32a95a11c75c69540315591b32461b9f49fc	NA%NA%NA%NA%NA%NA	10
7338b0d18ae4a1aee2cb1cbaa554fc2e8f0f148f	NA%NA%NA%NA%NA%NA	10
497d8b541f0c019c049f69187e03377fa8f17b49	NA%NA%NA%NA%NA%NA	10
9b4e371ccb80f83e8ae83d39ad6b7642717f312f	NA%NA%NA%NA%NA%NA	10
f721c2e373d4a113600efe373f2c05e17eb73431	Bacillariophyta%Bacillariophyceae%Bacillariales%NA%NA%NA	10
2e1520eac5bca551bbe108353742152659bc2642	NA%NA%NA%NA%NA%NA	10
802f733a1e1b8c27db63b61472d6e3055ae4681e	NA%NA%NA%NA%NA%NA	10
a1da64cb41c1f9f62569ec8e815a0215329d2ff6	Arthropoda%Malacostraca%Decapoda%Munididae%NA%NA	7
7d73d7dd33ca5cd8c425089a8741e453c28b86ee	Bacillariophyta%Bacillariophyceae%Bacillariales%Bacillariaceae%Nitzschia%Nitzschia palea	1
d6a89647988540c8e80187a0bfe8e343aff9fb98	NA%NA%NA%NA%NA%NA	10
a7aeb2053b9581cc234695ef3f79388eaa998569	Bacillariophyta%Bacillariophyceae%Bacillariales%NA%NA%NA	10
c35a35380f2dbf2efc71c128ec31f6735cbed560	NA%NA%NA%NA%NA%NA	10
3bcf9cafa7170293a99df1bc555907788e6d3083	NA%NA%NA%NA%NA%NA	10
8e6847daa1ee0dea98af5d63a4016b3419d52c64	Arthropoda%Chilopoda%Scolopendromorpha%Scolopocryptopidae%Newportia%Newportia stolli	1
a25fae170df2810baef15a4ddc323a84d61d0fd3	NA%NA%NA%NA%NA%NA	10
476c8a44db60cd2249c889cff659780e9b3b4bc9	NA%NA%NA%NA%NA%NA	10
97f801d58309d7ae3e39d8e09a54b8078dc3ba51	NA%NA%NA%NA%NA%NA	10
c0919d2c41435ab484207aeb1c6ca20c2fa381af	NA%NA%NA%NA%NA%NA	10
19a85a9242967a9bebf956ff2b496506f7cd4564	NA%NA%NA%NA%NA%NA	10
b0fd5128e474a0ef9f830ce8e2506c899c7659e7	NA%NA%NA%NA%NA%NA	10
0d3d6450ba58cb235b609ba3026e4bad87172750	NA%NA%NA%NA%NA%NA	10
821343527cabd888c1936798e8efba6193fd61fb	NA%NA%NA%NA%NA%NA	10
e5e8aef2c2d61ed6a4635437434c229f1b50be6d	Mollusca%Cephalopoda%Oegopsida%Lepidoteuthidae%Lepidoteuthis%Lepidoteuthis grimaldii	1
ec367efdd1ea248fea634a796e34887c0663704d	Rotifera%Eurotatoria%Ploima%Synchaetidae%Polyarthra%Polyarthra vulgaris	1
2616b6ca70c401e432f6c19455975befeeb472fd	Arthropoda%Insecta%NA%NA%NA%NA	10
f10121d1193482062e6d13d4c7c82fdcc1ce067c	NA%NA%NA%NA%NA%NA	10
a78491467b996033b3cfa15a2c9fd08e073c4335	NA%NA%NA%NA%NA%NA	10
40c8b177bc248c8c424d2c3a42f30fcb68422797	NA%NA%NA%NA%NA%NA	10
bd804229a604afe3ba3622536257c32e3356f9e4	NA%NA%NA%NA%NA%NA	10
c7b54d05d74c065835e882871d0a5c2e0020a173	NA%NA%NA%NA%NA%NA	10
96793c259ac23f42050de5956d1ebfc4ce954c90	NA%Phaeophyceae%NA%NA%NA%NA	10
122b95f5085e62bacd29c6669f138c82d554c622	NA%NA%NA%NA%NA%NA	10
47b705dec36d160af65a9f226abd9b54066f712d	Bacillariophyta%Bacillariophyceae%Bacillariales%NA%NA%NA	10
07111730ade1792901707a7d5f1e2ecbee99c5ba	NA%NA%NA%NA%NA%NA	10
0d99dad152356cc8c76f13a8e7367f44d02758e9	NA%NA%NA%NA%NA%NA	10
7366b62615d56b93511af2ea7a14e3d3396f509d	NA%NA%NA%NA%NA%NA	10
89ef1f205c5bae9b20bbda4d48adbe11be895ded	NA%NA%NA%NA%NA%NA	10
7401f82c15a0086ae27fcacc09ce831e5e44708d	Bacillariophyta%Bacillariophyceae%Bacillariales%NA%NA%NA	10
07b9f96777832707d2e3e31738376c1100443bd8	NA%NA%NA%NA%NA%NA	10
07ccb5528bf3f5cf7f80f3ebc357aa3b73c4028f	NA%NA%NA%NA%NA%NA	10
734abd01f9152b7604c1931ae2be5b777d3313f7	NA%NA%NA%NA%NA%NA	10
14089650ea74d1d9702ece61ea96f6ef3b1b674a	NA%NA%NA%NA%NA%NA	10
6f816c767e3f12b4916e6afa6fbfe4380253a632	NA%NA%NA%NA%NA%NA	10
389ae177842c8c26f2ae9c076cff4b5a95e31d8c	NA%NA%NA%NA%NA%NA	10
7a5e0582d70d4df1b11480060d7f816fb96c2e58	Arthropoda%Hexanauplia%Cyclopoida%Cyclopidae%Acanthocyclops%Acanthocyclops americanus	1
d6114405c35a218e2c271d22d4c351794247ec62	NA%NA%NA%NA%NA%NA	10
632778c1810003d97a32f8c855771446a70e56a7	NA%NA%NA%NA%NA%NA	10
1921f07087dcb396bbb7612db773a8053899e0a9	Arthropoda%Insecta%Ephemeroptera%Heptageniidae%Epeorus%Epeorus grandis	1
175f28feccb68e82adfb4270889e9af56d9ec63e	NA%NA%NA%NA%NA%NA	10
93d84c3109f0bc01df8d6eb66ab9cf4874f1208e	NA%NA%NA%NA%NA%NA	10
9452ba8813cc39ddd604ab98b444c115561ef3f4	NA%NA%NA%NA%NA%NA	10
222ba46777474d2f7ce718e5623998034c4f4a3d	NA%NA%NA%NA%NA%NA	10
a2dd76528b7ccd0529e6abb51bc9dd899ab39411	Chordata%Actinopteri%Gobiiformes%Gobiidae%Lythrypnus%Lythrypnus sp. BOLD:AAB5291	1
8c5b3fcf9114e5509b6a3ea6f0f08fdb55fa0e22	NA%NA%NA%NA%NA%NA	10
c52f38be2de80adde0e17339826e1bde370decf5	NA%NA%NA%NA%NA%NA	10
16103b2915f53c767f38d40275013d5584d346a6	NA%NA%NA%NA%NA%NA	10
dc7a12a34d6245e1057de8ca7694f241ccbaeeac	NA%NA%NA%NA%NA%NA	10
4d92aa3883d378ddfc03fb87fecbb5c5244cc78f	Oomycota%NA%NA%NA%NA%NA	10
119bb298b82f9595ad0d6572a5eff0b5b90f2bb5	NA%NA%NA%NA%NA%NA	10
34fc5290b495adbcda499b3ecd767516db1003eb	NA%NA%NA%NA%NA%NA	10
a979c1bd0ee46f1e51ee95b6517c520037600b07	NA%NA%NA%NA%NA%NA	10
e7a681d9a20fbf0017e4dbdac4962e6773335226	NA%NA%NA%NA%NA%NA	10
adcb3b4ede11dd5790f7e702fc6352543c3fe1c5	NA%NA%NA%NA%NA%NA	10
b3e7eb2e174e95a21b57a75159caabbdacd7c5a2	NA%NA%NA%NA%NA%NA	10
2f3af4948e164d24dff9300b135141488681914d	NA%NA%NA%NA%NA%NA	10
a987b6df4c6c6d8151918e5b6129303239499113	NA%NA%NA%NA%NA%NA	10
9c9b87aac0e5239d2df9b377b3325cd05a865093	Arthropoda%NA%NA%NA%NA%NA	10
5177b1f429cdcb6e2ae3ffef936333cf344c148b	NA%NA%NA%NA%NA%NA	10
2ef925415caa036d52854114b9004f9c506b578a	NA%NA%NA%NA%NA%NA	10
ab3f579985eb15da9016b50b197bbd147ac1469f	Rotifera%Eurotatoria%Flosculariaceae%Testudinellidae%Testudinella%Testudinella clypeata	1
f34c84aa5d498f48577c00e9ae51f35f6f1a2e27	NA%NA%NA%NA%NA%NA	10
a04e69325bc8e50db2c9c04b7e6dda5dfbc7fcd0	NA%NA%NA%NA%NA%NA	10
beea394083e11439da3d44ba09ed148af263497d	NA%NA%NA%NA%NA%NA	10
9e33ae27c522baa66eb925885795da0a8aa6087f	NA%NA%NA%NA%NA%NA	10
787b39ec6c50b129f5f3207d44ed4c25b8af7428	Chordata%Actinopteri%Trachichthyiformes%Trachichthyidae%NA%NA	7
5029cb30bd344e1bfb81b29cee9f2879ab04e36b	NA%NA%NA%NA%NA%NA	10
bbae3a2007d0dcea901ed9fc082b4d330fc2f334	NA%NA%NA%NA%NA%NA	10
fd7d8edffd4f71aa48f4b5a7e12e2a896bf7c27f	NA%NA%NA%NA%NA%NA	10
23c47c4f884b6c2e040bbe3c775f80cd64aa2b23	Bacillariophyta%Bacillariophyceae%Bacillariales%Bacillariaceae%Nitzschia%Nitzschia palea	1
a35a3e84ecb67d6f325115d288f540da0e986d3c	NA%NA%NA%NA%NA%NA	10
27c84edfbe6e7df765cf28b528d90d73ab59812a	NA%NA%NA%NA%NA%NA	10
6a7724cc2c775264413b9d6bf169f392a89aaa4a	Arthropoda%Insecta%NA%NA%NA%NA	10
1d128b37850c94331dc026f2c39378ef57fc771c	NA%NA%NA%NA%NA%NA	10
50f88b0022d25683b42185c2bdd358a8ae3c5d9d	Arthropoda%Insecta%Coleoptera%Scarabaeidae%Pachysoma%Pachysoma gariepinus	1
68cbd3df54af4913034168bd5ad250ad6e91fe2e	NA%NA%NA%NA%NA%NA	10
3f0dedf7746b81a8c0e2fa4399c74d7600f7b4d4	NA%NA%NA%NA%NA%NA	10
74c2d9d914eeeb54d1cbd3b7d003a50c3028a6e1	NA%NA%NA%NA%NA%NA	10
44f41a872a91922c11c32017d0b48da731ee8114	NA%NA%NA%NA%NA%NA	10
665afed19cabf44543b16535d2a08463a13c806e	NA%NA%NA%NA%NA%NA	10
a9f6e240c2591a953920a4fb1fc6f4ec32a90433	NA%Phaeophyceae%NA%NA%NA%NA	10
59201862fb6c0c8ca40f425224ee833f51a353f4	Rotifera%Eurotatoria%Ploima%NA%NA%NA	10
591c5d61de7bdd809597955ab3ec76e470361eb1	Bacillariophyta%Bacillariophyceae%Naviculales%Naviculaceae%Fistulifera%NA	10
0c9dc311dfd501957d17638f7daa9192bf088f4f	Arthropoda%Collembola%Poduromorpha%Onychiuridae%Protaphorura%Protaphorura changbaiensis	1
52ed3cbaaf124e12b4e91fac3d4c6ebf1a257e24	NA%NA%NA%NA%NA%NA	10
dc6201c3777d1afe8bfc92d4ee9bbe0f7916f8e9	NA%Phaeophyceae%Laminariales%NA%NA%NA	10
f26c9f8552d802730d827e68822920af9243cfe9	NA%NA%NA%NA%NA%NA	10
d477e4405683e0da8fd761dd3129f81674f74840	NA%NA%NA%NA%NA%NA	10
2e88d17b77efe774195b22dc40e231af22e2ea90	NA%NA%NA%NA%NA%NA	10
356d1c70dc422c3c27045c25569921b1ae8e1988	NA%NA%NA%NA%NA%NA	10
3ccdd27f1736869d757d54bc3660e067d08a4348	NA%NA%NA%NA%NA%NA	10
942b03d74989c4bf3d10792c5cf9aab85067e68e	NA%NA%NA%NA%NA%NA	10
047171d838ee8d118f646ed65e9c84b91a3193bb	Bacillariophyta%Bacillariophyceae%Naviculales%NA%NA%NA	10
b9f9a7206eb486b3a2e9af1c75137d6e285b4b04	NA%NA%NA%NA%NA%NA	10
789fd57dd775ff86f9d2dcbbeb3b67d877b1d6ca	Mollusca%Gastropoda%Siphonariida%Siphonariidae%Siphonaria%Siphonaria lessonii	1
7a0c176865432b4fa104b8be1375d90538d5db29	NA%NA%NA%NA%NA%NA	10
c6b58005e0edc4aca06d2716601f1f2fab5ef232	NA%NA%NA%NA%NA%NA	10
a3e85dde7ed42ea40b0b9981949f3b868be4a235	NA%NA%NA%NA%NA%NA	10
354f7790557c25659129a254d0ceb49916f4d277	Rotifera%Eurotatoria%Ploima%Lecanidae%Lecane%Lecane closterocerca	1
3e7113644cd145ee7dcd17d5bd136087d413feaa	NA%NA%NA%NA%NA%NA	10
ca2544a380718d77b1744ec65401a40b579670d5	Bacillariophyta%Bacillariophyceae%Bacillariales%NA%NA%NA	10
a56137da717e4af6e18fceb7b91aa3d44f5bc02d	NA%NA%NA%NA%NA%NA	10
39a18a8101c68e99690558c8e042b6879ce46c7c	NA%NA%NA%NA%NA%NA	10
855a511c472b1a297f897cbf9fb261d9c9032bfd	NA%NA%NA%NA%NA%NA	10
8de53ec33165bdb37fad2f93d0b9b16dc54be86c	NA%NA%NA%NA%NA%NA	10
0aa4d0d9951256357ac133a7b291c4c024510385	NA%NA%NA%NA%NA%NA	10
a8e1506e73f762a6db990a428336b04a8e3ac8c7	NA%NA%NA%NA%NA%NA	10
e30b08636ebcbd7d3a68ffe1731399cd7a26d44e	Mollusca%Gastropoda%NA%NA%NA%NA	10
e53e748cab5d9a3c8b2363053c34cfdb2728acc3	NA%NA%NA%NA%NA%NA	10
aab40ba3fe5574b6748cff0b857887efafc880ec	NA%NA%NA%NA%NA%NA	10
05b12982d2460bc22c5fbb4f31c03695a6937c14	NA%NA%NA%NA%NA%NA	10
2c97d59c25fa7e739a570df42256e131476acc49	Annelida%Clitellata%Crassiclitellata%Megascolecidae%Microscolex%Microscolex phosphoreus	1
4f5ebd3e6b52edefa1588e2cb6a9e9dd54a900a1	NA%NA%NA%NA%NA%NA	10
53a7d083bad5be3ae73d52e90944c24895c582bb	NA%NA%NA%NA%NA%NA	10
3c75810728ac53002f19860728a8b250ffe5fa0a	NA%NA%NA%NA%NA%NA	10
3d57e056f8d06351a2e8a58be5b066452ef33d42	Arthropoda%NA%NA%NA%NA%NA	10
6db8d1941b823ac59735b07711ac241792bb6789	NA%NA%NA%NA%NA%NA	10
641d49114e5064cfb477690977d3da46741af901	Bacillariophyta%Bacillariophyceae%Bacillariales%Bacillariaceae%Nitzschia%Nitzschia palea	2
60e60357ea48a14293f716966b0eed389db86759	NA%NA%NA%NA%NA%NA	10
b017318aff879e26c0da39729cc9f5616914e803	NA%NA%NA%NA%NA%NA	10
15292c8010a5b5d51ee890353831d2daf83b579b	Arthropoda%NA%NA%NA%NA%NA	10
1a0593aac5d28e37f6f77ec7b629087be7a0ff96	Arthropoda%Arachnida%Ixodida%Ixodidae%Ixodes%Ixodes ovatus	1
2aaac8937c85cc0ef0c03fe8bde4ab9041e52a8d	NA%NA%NA%NA%NA%NA	10
9712f398ba0f8271917eef324d5b721785c77867	NA%NA%NA%NA%NA%NA	10
3c575be51d931bcc09219a7b37717bd527dfd4f6	NA%NA%NA%NA%NA%NA	10
c1be3b9a9ebb7028ad6ee56e85c452993cce8686	NA%NA%NA%NA%NA%NA	10
a354584fa04daaea35a5717e53dcaa5656207acc	NA%NA%NA%NA%NA%NA	10
a1fa270c13330f008156b31eaad4a009b12595f2	Oomycota%NA%NA%NA%NA%NA	10
9f76ad63b646b9b49a285f8ca932aae43f277c53	NA%NA%NA%NA%NA%NA	10
9dd40018fb9272b8aac597d4ee56790d6d96ffc9	NA%NA%NA%NA%NA%NA	10
6a56dabec606bdedaacfb2e097c458d02a36780a	NA%NA%NA%NA%NA%NA	10
301ba478ae0b4d2cb65bba796d780c2dc2d2e851	NA%NA%NA%NA%NA%NA	10
8f25936f20fbbf279e356283ed2e12a9ac4703bb	Mollusca%Gastropoda%Stylommatophora%NA%NA%NA	10
eb3157e02660470e3ff4522d6db0954aaf7ddf25	NA%NA%NA%NA%NA%NA	10
181e8da1c3eb00eca1140d077dba8c7191148ef4	NA%NA%NA%NA%NA%NA	10
1de761b3b69cc6476708c2e23c0079f78fa45e71	NA%NA%NA%NA%NA%NA	10
bab53a211fc1329008bba54b9567d804816d53ef	NA%NA%NA%NA%NA%NA	10
0f7d44771253809813503cd564248059bfee18fd	NA%NA%NA%NA%NA%NA	10
a10bd8a11660e3107f930b95111a9d92d22cde2c	NA%NA%NA%NA%NA%NA	10
a1337e8c5a8c4f990eb125dc560680ce05b5c151	NA%NA%NA%NA%NA%NA	10
5b5497dd9c8861e7f136a76cd854a6e9be340730	NA%NA%NA%NA%NA%NA	10
bec5f5dd0eae8aa5fa1e7501f455f92afe4efbbd	NA%NA%NA%NA%NA%NA	10
03b3fba24a4db71eea08512c830de3a4aa23d5a5	NA%NA%NA%NA%NA%NA	10
49ead3f5914d6305c0a13f7c0b8b2e4fa6682af7	Arthropoda%Insecta%Diptera%Agromyzidae%Hexomyza%Hexomyza schineri	1
b032e448f7e0880aaadcd421e252b816806cf13e	Arthropoda%Chilopoda%Scolopendromorpha%Scolopocryptopidae%Newportia%Newportia stolli	1
3a6ae9fd2de2703fe4eacba11aa6941b407c131f	NA%NA%NA%NA%NA%NA	10
390e03cda24f163039e74cdbfb6baefd90555b19	NA%NA%NA%NA%NA%NA	10
7568826dd939c09911f15e957263afa4a4e68602	Rotifera%Eurotatoria%Ploima%Brachionidae%Euchlanis%Euchlanis dilatata	1
a1fe59bff40309c8e28d95656bedc0c0deaca946	NA%NA%NA%NA%NA%NA	10
5fa63f37b196072b4d87d4b29b5e71b3fc3e3ff6	NA%NA%NA%NA%NA%NA	10
a9b8d7954937766bb332e1d42c8a4631e62e61d7	Rotifera%Eurotatoria%Ploima%Lecanidae%Lecane%Lecane closterocerca	1
5284be1c18d078e405f45b76120efb5c67d038f4	NA%NA%NA%NA%NA%NA	10
91e258aae119f45813548bac817c003d9b615467	NA%NA%NA%NA%NA%NA	10
6ee8824e68c11ffba381c5b98f11e6db50d79fb8	Mollusca%Gastropoda%Siphonariida%Siphonariidae%Siphonaria%Siphonaria pectinata	1
354d4afc228a523be3130856eb4872a01e2a6fbf	NA%NA%NA%NA%NA%NA	10
0b78e94938d81e0ea06a20a298f8f27259773a7a	NA%NA%NA%NA%NA%NA	10
3a489d82d978ed332f12049a332821244fcf01ad	NA%NA%NA%NA%NA%NA	10
80c5115cdfc048bd253d406cb6e7b724676a836a	NA%NA%NA%NA%NA%NA	10
8182c5c26d8b6a6949864c26cdf72de7be0126c6	NA%NA%NA%NA%NA%NA	10
8bfe42960657c1173a43b933814363b8f1256813	Arthropoda%Insecta%Hemiptera%Gerridae%Gerris%Gerris buenoi	1
8d9acab02ec30801463d3af0720a7fdd3f6090e9	Rotifera%Eurotatoria%Ploima%Brachionidae%Keratella%Keratella cochlearis	1
fc244f75ec44b3006dd1fc27d48ca897b229d740	Arthropoda%Chilopoda%Scolopendromorpha%Scolopocryptopidae%Newportia%Newportia stolli	1
fdd8652c9f7d12ecf11f190777ed145650c19f17	NA%NA%NA%NA%NA%NA	10
de48c97adf73cb8b2d43a8aba7ae71c95d09e619	NA%NA%NA%NA%NA%NA	10
be920a8f742c345b357372ae1f876f0291322cc1	Mollusca%Gastropoda%NA%NA%NA%NA	10
0c002c9913496a08d1d65e46855b00d7d4b68ca3	NA%NA%NA%NA%NA%NA	10
c6305af684ac3e7cabda7c0f949f9960acd3042c	Chordata%Actinopteri%NA%NA%NA%NA	10
e3eb1af07f9a87b6719fcb2cd350c2e25642e0fb	NA%NA%NA%NA%NA%NA	10
f766ed828f52153c32189297556fd444c2ad39b6	NA%NA%NA%NA%NA%NA	10
4ce02024995b552ef9dda2aec7bf688da3a0059e	NA%NA%NA%NA%NA%NA	10
6ea734e2483c5e2fcad1cd2a10d7070aab768d16	NA%NA%NA%NA%NA%NA	10
ad25b06d17ff34a7fbabc5e1339c333b3464e028	Annelida%Clitellata%Tubificida%Naididae%Chaetogaster%Chaetogaster diastrophus	1
aea44d2dd44e0f6f512d14e484e18b43da820288	NA%NA%NA%NA%NA%NA	10
156d5bde229464eb31a8d351759122c3dd3c77bf	Chordata%Mammalia%Rodentia%Cricetidae%Nyctomys%Nyctomys sumichrasti	1
15d18545359d3cf0aa5e5b788d47594ea84a654a	NA%NA%NA%NA%NA%NA	10
d99382f77f568eac342d16238b69e63afbf6607b	NA%NA%NA%NA%NA%NA	10
aea21cdefb860ecdb5a5d500d223036b4949109b	NA%NA%NA%NA%NA%NA	10
34eedbff50aee59516b376a54b37a0cd3df500db	NA%NA%NA%NA%NA%NA	10
938e7f2117c8f314761ee935b870d12289daf6d2	Cnidaria%Hydrozoa%Leptothecata%Clytiidae%Clytia%Clytia hummelincki	1
53310d5214d0bd7dad99d79715103c973c32e803	NA%NA%NA%NA%NA%NA	10
6d24c4cf621e122ff2bd519557ac40694073be2b	Chordata%Actinopteri%Argentiniformes%Argentinidae%Argentina%Argentina sphyraena	1
dcd8a69427f68ea793ace4537a10d7fa532a4c1a	NA%NA%NA%NA%NA%NA	10
be98860ae5fe2c68087dec510d107ad4ae3522eb	NA%NA%NA%NA%NA%NA	10
3a59777b35173422a04a7935d30fc3a602cc6acb	NA%NA%NA%NA%NA%NA	10
3567363e70a75ed503b876b26babf049ac703ffd	Rotifera%Eurotatoria%Ploima%Synchaetidae%Polyarthra%Polyarthra dolichoptera	1
823291f5c4e766041e52de1a6c5a1e8db37e3554	NA%NA%NA%NA%NA%NA	10
162d44ea845756cccbd3b39939477ff5ffbadb4d	NA%NA%NA%NA%NA%NA	10
347eb4bc3ad217bf4f41385f4e2c1f14f53857d1	NA%NA%NA%NA%NA%NA	10
dc868929495fd5340b413b886af654f16a6949b3	NA%NA%NA%NA%NA%NA	10
eac8f4409d5b247c92ba8de62ae0afa45f91a72e	Gastrotricha%NA%Chaetonotida%Chaetonotidae%Chaetonotus%NA	3
eea376da6e4b31831ed2490d1efb2d9d20f8c4e7	NA%NA%NA%NA%NA%NA	10
fd4d0553d16e21612974a6f7a3b8f8f58e95e9ee	Haptophyta%NA%Prymnesiales%Chrysochromulinaceae%Chrysochromulina%Chrysochromulina parva	1
8478bb09f1b5c6ed4a23afa869ad067df284f021	NA%NA%NA%NA%NA%NA	10
491f447ef5edc6270dd5c0c85cedfffeac2f4b6e	NA%NA%NA%NA%NA%NA	10
703e612c16189d1ba28f4058c230dcd23a9ff312	Bacillariophyta%Bacillariophyceae%Naviculales%NA%NA%NA	10
74ad6bad34292e840a35d638364836ea70b4b5e3	Rotifera%Eurotatoria%Ploima%NA%NA%NA	10
7dc53740f089441957743df5f2b4c8882542729f	Bacillariophyta%Bacillariophyceae%Bacillariales%NA%NA%NA	10
b1fad03e299ef39bc1d52f0dfb8b644982f6481b	NA%NA%NA%NA%NA%NA	10
ba248bd0d541e540acb4084bc137a016329a7d4d	NA%NA%NA%NA%NA%NA	10
0b22e472d5f4b110a761687109dc75e24e3fbf52	Bacillariophyta%Bacillariophyceae%Naviculales%NA%NA%NA	10
ba7eb1de8370cbbaf9803f25a75b75fa12104ad4	NA%NA%NA%NA%NA%NA	10
208ebf36990be539bf06aa63c9c68dcedb6fd472	NA%NA%NA%NA%NA%NA	10
2cd92f2778e3b45ee88b57cafdcde13a164e5a2e	NA%NA%NA%NA%NA%NA	10
9474396cca5e6e5889abb79e59264f527679038c	NA%NA%NA%NA%NA%NA	10
1e927b446ade43cf0fc6ad7bba83bf9709ab3b4f	Arthropoda%NA%NA%NA%NA%NA	10
3f0796d2f9e459806b6ae836b0bf2b363c45e008	Porifera%Demospongiae%Spongillida%NA%NA%NA	10
53bf2468f0f19cbdc2b3d00947fec532f686de81	NA%NA%NA%NA%NA%NA	10
a7eedfad1b10c50b0be2d5cb894a7d10a74e8082	NA%NA%NA%NA%NA%NA	10
63c925d567cab2b1a871669be272609086ae3057	NA%NA%NA%NA%NA%NA	10
078a105029cea4aa5bd56a6cdda022c2d5b5e6dc	NA%NA%NA%NA%NA%NA	10
4143e6395122ba7f3e5c9adc1ec3b63cab8b5f7b	NA%NA%NA%NA%NA%NA	10
02561d32aab64f64fc75a2d63b878b84b52805da	Bacillariophyta%Coscinodiscophyceae%Thalassiosirales%NA%NA%NA	10
c9a5faf63f87ca593bacd445ca9e838caecef3fb	NA%NA%NA%NA%NA%NA	10
6548bdfd8d7362a4c662998b5f6aec44713580dd	NA%NA%NA%NA%NA%NA	10
c6dffbad58088c60ce1b1354f55eff38c23e2798	NA%NA%NA%NA%NA%NA	10
50e852dae263b283ba9cc21d70357dd2c8617349	NA%NA%NA%NA%NA%NA	10
6e348cd4bedbc64a34e0de607730efa9555dc61a	Arthropoda%NA%NA%NA%NA%NA	10
66b4ccccd129d538cf6043489f56d622b3cbd518	NA%NA%NA%NA%NA%NA	10
a5bac82bb834bedfe661b7971f1aa416d44a2c99	NA%NA%NA%NA%NA%NA	10
72afc24944320550e285d1779b3f8f315b525674	NA%NA%NA%NA%NA%NA	10
814e4bb2ecd662d33886b581b3666f6229e55f05	NA%NA%NA%NA%NA%NA	10
7a7d3bbed1d649539a217947cbf8a10960ae833d	Arthropoda%NA%NA%NA%NA%NA	10
cfaebc74a06a991258609630c04cfeb8e6af23a5	NA%NA%NA%NA%NA%NA	10
9a7f173bac1f219d3dc995191d629e927d3fe24b	NA%NA%NA%NA%NA%NA	10
da24ee425c38a380c4d1b7fe2604520ccfb202a7	NA%NA%NA%NA%NA%NA	10
e59e5ae81650db21d1aa906efd7be3a6d0967d47	Porifera%Demospongiae%NA%NA%NA%NA	10
ec2cc67c03726da898cfb5c2ba265c303c37307a	Arthropoda%Arachnida%NA%NA%NA%NA	10
9e21c0393acfa962d0e1968981446ebf8831ad69	NA%NA%NA%NA%NA%NA	10
7f5f8b7224d665b6f507cd1c25c003cb36eeaa7b	NA%NA%NA%NA%NA%NA	10
57e8570746ffebc5613a1956bcdfc0f0f5bedca5	Chordata%Actinopteri%Labriformes%Labridae%Anampses%Anampses lineatus	1
074dfdabedced5f7abf764230720888d99f38155	NA%Phaeophyceae%Ectocarpales%Scytosiphonaceae%NA%NA	7
5c4086db4877cde171cbf03c1039a82fb6f40f2a	NA%NA%NA%NA%NA%NA	10
9290bcc45ace460a640ff81a58f793f585245a94	NA%NA%NA%NA%NA%NA	10
935b107efc9a3b4f580d3554809310fc2c0cc076	NA%NA%NA%NA%NA%NA	10
3368f1a927b462494fc2477798605b5c2ae1dc34	NA%NA%NA%NA%NA%NA	10
1bbc2fabf75488218c7f2880cbacd86d81bc69e9	NA%NA%NA%NA%NA%NA	10
94f40e4ffb5600bba889e2a184a8aae2a21055c5	NA%NA%NA%NA%NA%NA	10
3407d3dc23d862c20f5d18cf0b330e6f3df85333	NA%NA%NA%NA%NA%NA	10
0fd897ef752914805143367dd2d58aaa120c7c74	NA%NA%NA%NA%NA%NA	10
3ffc7762b9deb8a85c218da90f2eb35611dc69a3	NA%Eustigmatophyceae%Eustigmatales%NA%NA%NA	10
bc824e5db8e6c68de23c29f96a119cb41865b12e	NA%NA%NA%NA%NA%NA	10
265c8823f891d6e4328fef8cc6e4c332328ea283	NA%NA%NA%NA%NA%NA	10
3d38ccd48d54cbb905c6735df275854eff543219	NA%NA%NA%NA%NA%NA	10
36c43405c390cad928c8bcbdb919e2256294fe15	NA%NA%NA%NA%NA%NA	10
bc08a2ce1db27365645288432b3b8fa4574d508e	NA%NA%NA%NA%NA%NA	10
d54afcc709e42fb83064843795fb82988753f747	NA%NA%NA%NA%NA%NA	10
bb5e62e2eba1ca35d4b709c8ba9c017ce69b815a	NA%NA%NA%NA%NA%NA	10
31c124190b3550ae1559a5cea9875c0a4cbcfefc	Arthropoda%Insecta%NA%NA%NA%NA	10
b5b3a61ab85524f9be87ab9ccbf5cf849f925f01	NA%NA%NA%NA%NA%NA	10
10fd07c8b8910e83f81afacab876e4e88abc9924	Rotifera%Eurotatoria%Ploima%Brachionidae%Keratella%Keratella cochlearis	2
17e5f67a4a3a031d9f1b4beeb708ae419be35f7c	NA%NA%NA%NA%NA%NA	10
492c8c0f02044044d65db365128816629a9a89db	NA%NA%NA%NA%NA%NA	10
14158ee229227c9ac79dd8e3049a3a680e5d2bb3	NA%NA%NA%NA%NA%NA	10
b8b8d8e90d06f3de6138acbb230a61d8525e35c2	Bacillariophyta%Bacillariophyceae%Bacillariales%Bacillariaceae%Nitzschia%NA	10
e07b72f2b0bdb26c0bc9998daa8a277b2e8874a4	NA%Phaeophyceae%Fucales%NA%NA%NA	10
edd33d99ee03951f51c73f3932a174d3da5fb3ab	Arthropoda%Insecta%NA%NA%NA%NA	10
f3b7e7d2883ad838839aecf5c49daa19435f620b	NA%NA%NA%NA%NA%NA	10
d636341c3160d050207cf6ae902d1452475789fa	Bacillariophyta%Bacillariophyceae%Bacillariales%Bacillariaceae%Nitzschia%Nitzschia palea	2
f7296a3c8ffb177577908a1410ea80b8dbb12e27	NA%NA%NA%NA%NA%NA	10
efa65deffbf06ff86177bccf734f69f441f53b84	NA%NA%NA%NA%NA%NA	10
e8d0797f25913c6a497e645416708d9a2318b2a8	Chordata%Mammalia%Chiroptera%Vespertilionidae%Kerivoula%Kerivoula whiteheadi	1
3815f52bd3b436940c046df22a9ecf717d226275	NA%NA%NA%NA%NA%NA	10
414c7f6869daaf3b06555f0bf096336f24e11a52	NA%NA%NA%NA%NA%NA	10
e23e1b9787d894619120d8ded7625a14835dde72	NA%NA%NA%NA%NA%NA	10
e302731dad18818ca9bf045de9fbc62a4b2bb125	NA%NA%NA%NA%NA%NA	10
f4a877f3b89ab73fb02ea661140156fa05216ab2	NA%NA%NA%NA%NA%NA	10
37eb946ed4c10d79013f964d45914b9e06462147	NA%NA%NA%NA%NA%NA	10
32e254785acd87d93742d200a09866941991a092	NA%NA%NA%NA%NA%NA	10
42c07d41a0e7af90dcbbb4518ff2121d76db5c38	NA%NA%NA%NA%NA%NA	10
4e45c5962d4c4c19a60b7c0d4805567e129d283b	NA%NA%NA%NA%NA%NA	10
51071958f7329db1d757e6f1ed4b9fb0c9f32bc7	Arthropoda%Hexanauplia%Cyclopoida%Cyclopidae%Acanthocyclops%NA	3
7ceaaf655df264e080af160493247441c05d7546	NA%NA%NA%NA%NA%NA	10
d9543e21ef70a965a45f460ac5b5e8b0e67cc546	NA%NA%NA%NA%NA%NA	10
0bf3090fe060d6c6feabd82f040c6a823f455697	NA%NA%NA%NA%NA%NA	10
73ca9a9bd730c3dbc1212c8095bbc4edf6a8dd85	NA%NA%NA%NA%NA%NA	10
7fdf679c3e2e8ff00bd910273388427a32324bd8	NA%NA%NA%NA%NA%NA	10
7628a2d14604d9a50eda0df73786422dbc4a9dad	NA%NA%NA%NA%NA%NA	10
7af6013c5c63fadca3806cb52ce58909f174f741	NA%NA%NA%NA%NA%NA	10
7c5e9c641639ccf7d115b96bb3f4c5f4cbae4316	Bacillariophyta%Bacillariophyceae%Naviculales%NA%NA%NA	10
1e68e8456777003998bffadf1cc19b3547c51e09	NA%NA%NA%NA%NA%NA	10
0bc217709c35118d4a4712103064fea0773ff143	NA%NA%NA%NA%NA%NA	10
13592210635a6d874d5381cf96e086e3df89ea9d	NA%NA%NA%NA%NA%NA	10
fe937328872df59b209d99ba49a328e2305f3263	NA%NA%NA%NA%NA%NA	10
14a48793e55be072c382f6421f6c31f45a84869b	NA%NA%NA%NA%NA%NA	10
15e1809fdb716d5807c9c4a25afe7b3ee0104d44	Chordata%Actinopteri%Cichliformes%Cichlidae%Parachromis%Parachromis managuensis	1
1b0a56d6e00bbc99e01f8bccc0b5e66155821cb1	NA%NA%NA%NA%NA%NA	10
1bcbb94ab2e4dd5b353ff0b5d4ddfe374e8ba027	NA%NA%NA%NA%NA%NA	10
22a6fb10f7697a6febe8da472686ab5e40c520e9	NA%NA%NA%NA%NA%NA	10
2a6c58cd16b2f92ec53c0863b1befbb109ee54fb	NA%NA%NA%NA%NA%NA	10
2be4ac6b9fb5149782648c66ff4feebf42d2fa80	NA%NA%NA%NA%NA%NA	10
2be0234f0aa3f65e3c80822feed13719ec4242a9	Arthropoda%Hexanauplia%Cyclopoida%Cyclopidae%Cyclops%NA	3
2c679cea2dedf23e7cb4bbbbdb92083bed18c161	NA%NA%NA%NA%NA%NA	10
c461c0c5d250845328b067e0b1c0c7b912737703	NA%NA%NA%NA%NA%NA	10
9d9e6d349c3d436a1522956185b9ffb1f4f74111	NA%NA%NA%NA%NA%NA	10
a72fd217a355785a74d591ddffba6ca2433658a1	NA%NA%NA%NA%NA%NA	10
aa0de3bb998f1dbc5d219c411997691eb0430a22	NA%NA%NA%NA%NA%NA	10
ac907cf8dd01b3c4ebf14315bc52447011426bc2	NA%NA%NA%NA%NA%NA	10
c1091c0deac76def168cfd6b4358837fa99f53d4	Bacillariophyta%Coscinodiscophyceae%Stephanodiscales%NA%NA%NA	10
a5514d4b7030814f9732e478c49d1860b8266638	NA%NA%NA%NA%NA%NA	10
c966e5cd534d1092d52b2485e53f800d510312d0	NA%NA%NA%NA%NA%NA	10
c9fccc9e1080b12a35d039e4424a567f483cf857	NA%NA%NA%NA%NA%NA	10
ccfcbdb3e977179160256915f582cf97e757aa8e	NA%NA%NA%NA%NA%NA	10
e79fa1ad321c44d30c6b84008282f43e3f7c4b39	NA%NA%NA%NA%NA%NA	10
bbf6c64c78af5c9c44a8b04294bf40d2b4283037	NA%NA%NA%NA%NA%NA	10
82069224804f692837aec654863327f35ce8b7ee	NA%NA%NA%NA%NA%NA	10
a6338b9013a890e70a18a029e22deda2cd518ef1	NA%NA%NA%NA%NA%NA	10
a64f78ac9622cf8490c22ccd265fff274a92c363	NA%NA%NA%NA%NA%NA	10
8cbd67cdeb3f6a3308aa890030648cab804fd23e	NA%NA%NA%NA%NA%NA	10
8d7f056b3d57060e4b9bf67b9ef9ebeb770ccd0c	NA%NA%NA%NA%NA%NA	10
bf052f3c6da90597d8b1faf8f335fe1f205fc10a	NA%NA%NA%NA%NA%NA	10
bd0d02e4e64a08223a945d1a20dcc4cf45c3efe9	NA%NA%NA%NA%NA%NA	10
93675409288833ad4319649822efe7732905d22d	Bacillariophyta%Coscinodiscophyceae%Stephanodiscales%Stephanodiscaceae%Stephanodiscus%NA	3
941d64346f39c590b6843ae9f828d24dfa7361c2	Cnidaria%Staurozoa%Stauromedusae%Haliclystidae%Haliclystus%Haliclystus inabai	1
98be74342c3d8af95bf726dad1796214392e040a	NA%NA%NA%NA%NA%NA	10
f871a824c4d638b2825cfe5f09e2b5900f85c5f5	NA%NA%NA%NA%NA%NA	10
a75f36ef215c529509c398b0edeeba49fd8abe9b	NA%NA%NA%NA%NA%NA	10
687a92f02257989c366049b9bebe3afd6ab3bdfd	NA%NA%NA%NA%NA%NA	10
68d133b051ac41d6720f290ca62651612c967e19	NA%NA%NA%NA%NA%NA	10
69f04f1e28a338184ad0e2ddd0a6211da353bbe4	NA%NA%NA%NA%NA%NA	10
f7e01e7f9267b9857a6ce85a0969b3c86ba6c08a	NA%NA%NA%NA%NA%NA	10
aa79a3b822b727ce36595419db05bd4b5abc84da	NA%NA%NA%NA%NA%NA	10
f98f7fef7c95d79426acd3db8f64563906af7ebb	Arthropoda%Insecta%Hymenoptera%Formicidae%Proceratium%Proceratium mancum	1
f302fa94a20312c0fc40a91e258af424f3e5ff61	NA%NA%NA%NA%NA%NA	10
d16c1dba186db9a5a14074f83f0cbd5d0ceb34bb	NA%NA%NA%NA%NA%NA	10
d2a5671ed400db36812b41e2fd5c2283b3ac057e	NA%NA%NA%NA%NA%NA	10
6959c09d5cc7ee4b021577cb6c20f3a737117335	NA%NA%NA%NA%NA%NA	10
826e69c00ad82e605bd4ab033ac890841960e869	NA%NA%NA%NA%NA%NA	10
58163e176b491607356ba5568a01dea7f4ce5ad1	NA%NA%NA%NA%NA%NA	10
a7ce5e6dad83778559657494f2ce3f38d5017017	Arthropoda%NA%NA%NA%NA%NA	10
9384f453290085f24582c9625a3aebb624c40a12	NA%NA%NA%NA%NA%NA	10
60c0eaa15939ed752cafd0962e22f2d08d4e987d	Cnidaria%Hydrozoa%Leptothecata%Laodiceidae%Staurodiscus%Staurodiscus gotoi	1
60eb9e0fd885a5142bcf4fce143c40c19e35e89b	NA%NA%NA%NA%NA%NA	10
64c07c20599cf9a17d8e7af7c7b2155058123239	NA%NA%NA%NA%NA%NA	10
da88f8f56985a440b98acacd7c3ba2712823091d	Ascomycota%Leotiomycetes%NA%NA%NA%NA	10
d561a58dcc2ee6cf22e7eb49508fec00823dcc3c	NA%NA%NA%NA%NA%NA	10
dd89bbe66a027cc942d994d3cae4881e090053a5	NA%NA%NA%NA%NA%NA	10
f02909001a46e8899583bb8412458f7b58896a6c	NA%NA%NA%NA%NA%NA	10
d689e4480c95d35bb9929fbbf21842aa17039db7	NA%NA%NA%NA%NA%NA	10
5f2a6bbd4e097de948d3d0a59245c52738845d97	NA%NA%NA%NA%NA%NA	10
5bbf203856ec356c670d9daed0baef4fd518fb67	NA%NA%NA%NA%NA%NA	10
0fe12e6bf313c45493eab68e7a51757c7e35cbf2	NA%NA%NA%NA%NA%NA	10
0d7a5fccc7dbb4d007b9b772e3a231e6a32b83a3	NA%NA%NA%NA%NA%NA	10
a5ecdde1bbf00cf49a3ad5e0d852a2187fa40c6d	NA%NA%NA%NA%NA%NA	10
a261810757668449ac8f9836af1692d6575083e8	NA%NA%NA%NA%NA%NA	10
9eb7353ccb4a838b1f040ebe97b0ffafb7c73303	NA%NA%NA%NA%NA%NA	10
59aaf78082517f901530b31ee7472e18f89e7ff8	NA%NA%NA%NA%NA%NA	10
5932e92f3e33c5f5859af5d53bbba66a313a1c0d	NA%NA%NA%NA%NA%NA	10
113051c736e1a6a698fd6afe73d186daea06e3bb	NA%NA%NA%NA%NA%NA	10
5292885031c970eb4505036caf2257cf4076b985	NA%NA%NA%NA%NA%NA	10
bd8117d1c1cbf1eb6d60b8b2d8ad8f7f93a455d1	NA%NA%NA%NA%NA%NA	10
beeb4d7ae4188af77aeff27b9f2631df019b1354	Porifera%Demospongiae%Clionaida%Clionaidae%NA%NA	7
05d3a01fc6512ad5d02d552a6b72ea995c649ab9	NA%NA%NA%NA%NA%NA	10
f853f423a95f63f755cf3130ed796aeab835b771	NA%NA%NA%NA%NA%NA	10
f874dfc64e92b768ff2063a024833bb8bd60bbad	Arthropoda%Insecta%Ephemeroptera%Ephemerellidae%Ephemerella%Ephemerella dorothea	1
02c816a2ae5fc9095ee835de2ecf453e15d40135	NA%NA%NA%NA%NA%NA	10
f8df0e0189f963d2a3e4f8042729954a0a1511ad	NA%NA%NA%NA%NA%NA	10
fba7aabbc2820d06c290f1a71686639700e5240f	Arthropoda%Insecta%Coleoptera%Staphylinidae%Quedius%Quedius criddlei	1
fd1f2d4568c3efc75d387067224274985261129f	NA%NA%NA%NA%NA%NA	10
fe65c92e448e1df47cc1bf44baeff83df9009310	NA%NA%NA%NA%NA%NA	10
7bd6cdb03ae77580e1a86c56a440ce9140b13208	NA%NA%NA%NA%NA%NA	10
73cbc590c152965b23b784511d91eba9b331416f	NA%NA%NA%NA%NA%NA	10
09d3072b873cb8c6f3f17cb371f9b2f0f935ed45	NA%NA%NA%NA%NA%NA	10
7183ad475ff1733cc09ac667fb3c777dc8428271	NA%NA%NA%NA%NA%NA	10
9639c9c83f23a5a2d3dfbff2f1eccdf1b0cb4fc0	NA%NA%NA%NA%NA%NA	10
baf21cdf3acb2bc1d7ffc333237ee7948f0505b8	Arthropoda%NA%NA%NA%NA%NA	10
44eb2d888a813ac3d06f59468aaba01e113cb120	NA%NA%NA%NA%NA%NA	10
1be65a8b3f3227035d7d6226a9aff92ca0b1da4f	NA%NA%NA%NA%NA%NA	10
1de5ce454e8948782df056a2e598e6dc86aea9e9	Chordata%Actinopteri%Perciformes%Peristediidae%Peristedion%Peristedion cataphractum	1
16599a6ecfa5f27751cf0796cb29b831267f8f56	NA%NA%NA%NA%NA%NA	10
22929b94e3ff384870425fe4115fd2552ff60702	Arthropoda%Insecta%Diptera%NA%NA%NA	10
4a78e087363e92a5a0cbfe423e6386560b972a8b	NA%NA%NA%NA%NA%NA	10
c64ab9d2e09995f7ba477c17a36fe29a8ab4ec5d	NA%NA%NA%NA%NA%NA	10
23c8759bda0c47853ec5b7d8da506564576c8348	NA%NA%NA%NA%NA%NA	10
24c02a4ca124b768971db9db63d15f5bcc3e8688	NA%NA%NA%NA%NA%NA	10
27826393a0fae0f929ab0b23271dfc3867d0559d	NA%NA%NA%NA%NA%NA	10
2a04f73e8fa931efab29899e4583c94e85c38760	NA%NA%NA%NA%NA%NA	10
bc73022763866358ae096d3e53a24a8909e2fec8	NA%NA%NA%NA%NA%NA	10
b8af11a1110d2b1bd291771f71bd75154842a415	NA%NA%NA%NA%NA%NA	10
33594d118ca7bc38af682f984a5a5eaf6ec6747d	NA%NA%NA%NA%NA%NA	10
bacfef010837c7b9cb396b2afc5d407a3a3b1ceb	NA%NA%NA%NA%NA%NA	10
ba4f0a98462a4725398302a61711fda3f37abdf5	Arthropoda%Insecta%NA%NA%NA%NA	10
39ce08e748f4d16d908a04aabaa91a200672f2a5	NA%NA%NA%NA%NA%NA	10
05ea50f5f9120ace4535561ac1f577703fb7d171	NA%NA%NA%NA%NA%NA	10
3e54929f2d2145d1283c94815992bb463b83f921	NA%Phaeophyceae%Fucales%Sargassaceae%NA%NA	7
b6fb69c56b779ea1f8f94e4b36539ae45cd1a9c7	Bacillariophyta%Bacillariophyceae%Naviculales%Naviculaceae%Navicula%Navicula ramosissima	1
cc519fbe2047caa06a32cf2a39de26c11a208f53	NA%NA%NA%NA%NA%NA	10
4028813eaf0dd7f12bbeae756b0359135c0ed0fd	NA%NA%NA%NA%NA%NA	10
143a38fca8d89e062c67cdb5416bddbe91717fbf	NA%Phaeophyceae%Dictyotales%Dictyotaceae%Dictyota%Dictyota dichotoma	1
1c032e46d5014020ad482e1f250cb4f93df5dc22	Arthropoda%Insecta%NA%NA%NA%NA	10
4ddc627dd1543fc17ee951776a42e1ffe6bfa583	NA%NA%NA%NA%NA%NA	10
40879c8dd9e73c47099dffba87492c96993db1b8	NA%NA%NA%NA%NA%NA	10
526d77c921538642603cfa5f084d2d7d424dfbce	NA%NA%NA%NA%NA%NA	10
5bec74165850bd1beb4dc30cfe9fe35fc998b398	Cnidaria%Hydrozoa%Siphonophorae%Agalmatidae%Nanomia%Nanomia cara	1
57d445f1fd130e2b4947068321de5d22e62f33c8	Arthropoda%NA%NA%NA%NA%NA	10
589156924a339773aef101384d05573ab914f827	NA%NA%NA%NA%NA%NA	10
64b23b37641066218ebf6daaeef9d51c6da562d9	NA%NA%NA%NA%NA%NA	10
2b83f4ce6a1bcbc4da64bdc3e1ea74f298e30a8b	NA%NA%NA%NA%NA%NA	10
633f31a76e3a20514d833eaf109ff523b804fa85	NA%NA%NA%NA%NA%NA	10
10c24920d09dd554f7f1d85cbbc986d02dfca82a	Arthropoda%NA%NA%NA%NA%NA	10
e7eb2ac2619e368fdf258029fa1f7cb364ed5ad4	NA%NA%NA%NA%NA%NA	10
0b12a260a6b1eb3992d93f686be260462bed2afb	Ascomycota%Leotiomycetes%NA%NA%NA%NA	10
0c2f3c543bb5b6b8bd9fda858b41002f830afc54	NA%NA%NA%NA%NA%NA	10
e67cff2df12b03c09813bb6acaf7893e52894d56	NA%NA%NA%NA%NA%NA	10
e9e9161cfd69a3b7c70ab752e46e0c723e3da01e	NA%NA%NA%NA%NA%NA	10
eaa5fe5996f0eeece6d332fe93f70b4bffee4aa3	Annelida%Clitellata%Crassiclitellata%Lumbricidae%Allolobophora%Allolobophora chlorotica	1
ec7e5dd0cd8836f5e65385d78518fc1c7ea84e88	Rotifera%Eurotatoria%Ploima%Synchaetidae%Polyarthra%NA	10
07233e1f9f70081c95b9aa2f2fdcdf47608b0898	NA%NA%NA%NA%NA%NA	10
02905841121b2ea7b971ba883866233d16e1a33d	NA%Chrysophyceae%Chromulinales%Dinobryaceae%Dinobryon%Dinobryon divergens	1
27a36739ddd025df612beaac05cdfc4d91392372	NA%NA%NA%NA%NA%NA	10
27c0dc486aa177a2b0ab239c910fdf1beb6072f0	Rhodophyta%Florideophyceae%Halymeniales%Tsengiaceae%Tsengia%Tsengia pulchra	1
38dd5007ccfac6af65bc5c495625fc7b56a74063	NA%NA%NA%NA%NA%NA	10
39c3ed9f956325b09dfc057c13d00a43f198516e	NA%NA%NA%NA%NA%NA	10
3d7d68d359a0475b81f97475d7d8e5faf0abe81a	NA%NA%NA%NA%NA%NA	10
3266a497230c303b9c3509d08e640607009e1908	NA%NA%NA%NA%NA%NA	10
3264f54fcdf5dc2cc9405b96c093d5c73a1cbd23	NA%Phaeophyceae%NA%NA%NA%NA	10
f4aa26d2c0ccc199f8ca5e67daeaec7002c10bb7	NA%NA%NA%NA%NA%NA	10
c04d43d3f04f035eeed5cb7e829916fc7dd240b4	NA%NA%NA%NA%NA%NA	10
c2724983d4854c8a4c5c131f2e6dcdf7465f7bc7	NA%NA%NA%NA%NA%NA	10
c30ea1a294f676775952f73d87e802e16f592565	Bacillariophyta%Bacillariophyceae%Bacillariales%NA%NA%NA	10
c819fde323d5e09e5a23b4aa70aff1eab6bb1f8e	NA%NA%NA%NA%NA%NA	10
c8ad428ddcba37755a9ce6d3ee01c6382d6c2abf	NA%NA%NA%NA%NA%NA	10
cc663d54d336343ca74288f130082acb5d640a31	NA%NA%NA%NA%NA%NA	10
86606f4441aa838ca7b130cae7f2e8e6b0c197c6	NA%NA%NA%NA%NA%NA	10
d4ea8a4d8ce9853883c6c297dd2dc978e12e7192	NA%NA%NA%NA%NA%NA	10
86ec4dec5ceec26b423e47d63a4b20fc844a1a1c	Arthropoda%Insecta%NA%NA%NA%NA	10
d523cfd9ce32887489d67ce60f905401a13285ad	NA%NA%NA%NA%NA%NA	10
871af22b0ebfbf0c1776695d3c061229620abf46	NA%NA%NA%NA%NA%NA	10
a7a1b5e3fc48a6feb52d1ec5901e75fb5d8bb81d	NA%NA%NA%NA%NA%NA	10
a4d176605626a67b7272f0a25fd0c562d9015cdf	NA%NA%NA%NA%NA%NA	10
a94f61e6cef2ecba72b16aeaadff869cb85a6863	Arthropoda%NA%NA%NA%NA%NA	10
a06e35b9d7c8692e17a112a88b1d1648969d8310	NA%NA%NA%NA%NA%NA	10
93f7b1f099626daebcc9b41b1b1dd2bbc6723ee8	NA%NA%NA%NA%NA%NA	10
9fadd0cfc33bb1c3ac03e3b75a2ce00ba0542db1	NA%NA%NA%NA%NA%NA	10
9a0d55fd684eefaa081c24ea69d72ef202bb0600	NA%NA%NA%NA%NA%NA	10
997d9c5f5516eefba32f1a7128e1b51963134fb1	Arthropoda%Malacostraca%Decapoda%NA%NA%NA	10
974aae28b7afb6fa0c7647ac0a7184dede4fb2a7	NA%NA%NA%NA%NA%NA	10
96969f88fcf88f71adefaa2495d8f03ca82f90af	NA%NA%NA%NA%NA%NA	10
69eecc9601bd961179760c7185188131a87a9312	NA%NA%NA%NA%NA%NA	10
f66299ea334c515f17fb1cd7b060cbd69d01e51f	NA%NA%NA%NA%NA%NA	10
df6219e2fa9729abfaad4b74832719e20a6a836c	NA%NA%NA%NA%NA%NA	10
d60a5a75615e287fe4f429c5d05a9bf6dae626c0	NA%NA%NA%NA%NA%NA	10
db6ce33263cffd38c959113b6409fd43a312650e	NA%NA%NA%NA%NA%NA	10
6e5b019379bb2126dcde5983d8ebfecc02504f7a	NA%NA%NA%NA%NA%NA	10
7d02090e029786ff9ca56b1cf7924e1d534b714f	NA%NA%NA%NA%NA%NA	10
d6d0b4d6e167722694aa3525d97c785ecf008ae1	NA%NA%NA%NA%NA%NA	10
797ece6edba46273873b283c9b49b68a0db1744a	NA%NA%NA%NA%NA%NA	10
74c646ce98cbc6b7296a86d27f83e045b981ab80	NA%NA%NA%NA%NA%NA	10
7ee8bf862fb00730a8cb86f4ae60e2bf17ba6f99	NA%NA%NA%NA%NA%NA	10
d7272c4e486e21adade0231573707fdf64668a89	Mollusca%Gastropoda%Stylommatophora%Clausiliidae%Stereophaedusa%NA	3
7757b3fd8ff201e62af500531bfa2831b5b99492	NA%NA%NA%NA%NA%NA	10
71c5b68472e4fe785b98e7bcdd38a092e0d79f64	Mollusca%Gastropoda%NA%NA%NA%NA	10
74f2834888cbe5c7dfeead41e1b3577d951137c6	NA%NA%NA%NA%NA%NA	10
c9f5efb9092f04f6d2fdfc9c93a816277edd3479	NA%NA%NA%NA%NA%NA	10
c7f36e5240d4730aa0f4d696a145a61903c14ba5	Chordata%NA%NA%NA%NA%NA	10
c97cfcc4dbdf81d2b5733a99028147479abd3e19	NA%NA%NA%NA%NA%NA	10
c6001f9e38955114dab63732504ae8ea494e77f8	Bacillariophyta%Coscinodiscophyceae%Stephanodiscales%Stephanodiscaceae%Cyclostephanos%NA	10
ce2d52b120d1c42eaf38ac8654505ff4f8c927b3	NA%NA%NA%NA%NA%NA	10
ce55756096ed37b948d097c5c6d3cb500a557a6f	NA%NA%NA%NA%NA%NA	10
ceff96f0613bb411164ffdab355c050e050697fe	NA%NA%NA%NA%NA%NA	10
d46e39f66e411bb2a675c9eaa90ffae4b5bac697	NA%NA%NA%NA%NA%NA	10
d4dbd682c55dddac36d69135b07fc314688c198c	Chordata%Actinopteri%NA%Pomacentridae%Amphiprion%Amphiprion chrysogaster	1
d5d0eeb88015c51ea86ffd1206cd5ed41f9561c7	NA%NA%NA%NA%NA%NA	10
d63f6d6e3d4442164a3ebc24cf08ceb51d01a72e	NA%NA%NA%NA%NA%NA	10
d685ae5c43868a26eec09e29b26da0eb320053a2	NA%NA%NA%NA%NA%NA	10
abc58c69e6502a8c3904597bad01b08f9068a02f	NA%NA%NA%NA%NA%NA	10
ad21a8b4e0c2439297d8cca4bff491d4c91be259	NA%NA%NA%NA%NA%NA	10
a5e32116459651595ede4f4b3781f363d9fb42a8	NA%NA%NA%NA%NA%NA	10
c7d5f981953daa07660a9a3332a4329470149201	NA%NA%NA%NA%NA%NA	10
c79fd8caef0baa3e69c4ea03fabc4d55039db6c2	Cnidaria%Anthozoa%Scleralcyonacea%Pennatulidae%Pteroeides%Pteroeides griseum	1
c71ce4d9dec7bd1a85a4f7f020c9671b408a8359	NA%NA%NA%NA%NA%NA	10
c56e8353a580a26148581e6b355f97a87a330495	NA%NA%NA%NA%NA%NA	10
c43d7801daae9938b0b2758682280952f480b6b1	NA%NA%NA%NA%NA%NA	10
c43337b03a965d2fbfa154f5446f6ae5f44b434e	NA%NA%NA%NA%NA%NA	10
c24f7ecf51988deb18c22b6fed17280516102b84	NA%NA%NA%NA%NA%NA	10
d17075f9838cfedf60a3bbea5c48cd22e8418f44	NA%NA%NA%NA%NA%NA	10
a540a59516c3b169efca46636a3453e5981c18df	NA%NA%NA%NA%NA%NA	10
c21d58d6d230bd547d5742e97d99c122b53f03a8	NA%NA%NA%NA%NA%NA	10
a7e1d7b0e7f3724019249acaab000e033af19fdd	Bacillariophyta%Bacillariophyceae%Bacillariales%NA%NA%NA	10
a8934d81ad956deeb23adacc8df925f04b6bf7ce	Bacillariophyta%Bacillariophyceae%Bacillariales%Bacillariaceae%Nitzschia%Nitzschia palea	1
d0c1bc8538801cf45da2699a7d0e323cbe7368fc	Cnidaria%Hydrozoa%Leptothecata%Blackfordiidae%Blackfordia%Blackfordia virginica	1
b5e2274abee9bb727ce76c0716fa4962d910267a	Oomycota%NA%NA%NA%NA%NA	10
a61cd7a0b2e447ff06615f41b25f027c1b844037	NA%NA%NA%NA%NA%NA	10
a6329bac2b3cb9c869d732dd71cd4f0bf344639e	NA%NA%NA%NA%NA%NA	10
f219b9d382987e5108b2d7327493c62137a20710	NA%NA%NA%NA%NA%NA	10
b3fde1737780e8d70f8c32670052ebb406ac8bac	NA%NA%NA%NA%NA%NA	10
b4242f279c602169c562f01ee6a9a71b1a046be6	NA%NA%NA%NA%NA%NA	10
f3a3601e653af7bdcb3ec2f2072d1651a0b0b405	NA%NA%NA%NA%NA%NA	10
b1d4fdd613d9e2007ae58225f9190bed27c686eb	NA%NA%NA%NA%NA%NA	10
f3d4945c1c4630331cb436ccd67ac3316b90a993	NA%NA%NA%NA%NA%NA	10
b1b8d5d98fef0037058307c1d1a52c520f1009e5	NA%NA%NA%NA%NA%NA	10
b16808475fda466d60e470e2bcf703164c855e40	NA%NA%NA%NA%NA%NA	10
b766bbbfb18a92e876a0725fb994bb7c4a750bb8	NA%NA%NA%NA%NA%NA	10
b7773291633d41ec2dfa78a7ee1962bc0ee0ab2b	NA%NA%NA%NA%NA%NA	10
ba0590508d2d36e0666c6f0ddb7c9a313c0c49ce	NA%NA%NA%NA%NA%NA	10
ba87faa0b18788b2682ce9523ad8dbe160ccc9fe	Bacillariophyta%Bacillariophyceae%Naviculales%Naviculaceae%Navicula%Navicula ramosissima	1
bc8ca9ea6c5dba9da971e013ddf7859ce198af3d	NA%NA%NA%NA%NA%NA	10
bce2a7a00cba99043398796891a32b923b1ca930	NA%NA%NA%NA%NA%NA	10
bd09b4518cd944f783e3b0bbfb7d312ff60a4b98	NA%NA%NA%NA%NA%NA	10
ff617bbce73f1258248186f23c33fa067c3dae7f	NA%NA%NA%NA%NA%NA	10
fcb2b36daf2db3dae80e7fbedb4108c67b663bbc	NA%NA%NA%NA%NA%NA	10
fde490201a906efd6346a390cb69287af82f932f	NA%NA%NA%NA%NA%NA	10
fd2acda78022e7554358c5c0858a6700c7ece200	NA%NA%NA%NA%NA%NA	10
f71e5877f18548f75d57401a3f47d6e3b145a587	NA%NA%NA%NA%NA%NA	10
f88c96b62d4e73ba5e7b549246fca227d948a68d	NA%NA%NA%NA%NA%NA	10
fb85a8e3f678c4241b64e1b42ab590de0df85b20	NA%NA%NA%NA%NA%NA	10
fb92aa850bf034212b5e86e020ff1a5687139235	NA%NA%NA%NA%NA%NA	10
f909346c20d079810dd5fd3b659c78ce7920f326	NA%NA%NA%NA%NA%NA	10
f57f8c6b2b92f329667822cf33d6d056c8c3fce3	Arthropoda%Insecta%Hemiptera%Aleyrodidae%Aleuroclava%Aleuroclava canangae	1
f4860009b4797928935c546ea3d5b849ce8992c9	NA%NA%NA%NA%NA%NA	10
f46e99d429827bd7e74a795673e568f0f23068c4	Cnidaria%Anthozoa%Scleractinia%Lobophylliidae%NA%NA	7
f4275cf83d670691fd0d4e84c3d78014cdaf6e7d	NA%NA%NA%NA%NA%NA	10
be11f61959e53e0e33616543197b6d7ea91f88f0	Arthropoda%Insecta%NA%NA%NA%NA	10
b1b0249948a30506da9d30354d3530a43f3760a1	NA%NA%NA%NA%NA%NA	10
df70d22e07f92edef951d3a37939a77805519a56	Oomycota%NA%Pythiales%NA%NA%NA	10
d7ca87182e4e4535442274fdc41522b620e4f342	NA%NA%NA%NA%NA%NA	10
debff46ef3a97cc2dc86f38edcabb342a0457e5a	Cnidaria%Hydrozoa%Anthoathecata%Eudendriidae%Eudendrium%Eudendrium racemosum	1
de78d2afff301026286d41999f98cac8603b8f3a	NA%NA%NA%NA%NA%NA	10
de3512833c6a6e53b3f884f970ed62794e2545f9	NA%NA%NA%NA%NA%NA	10
de5e2c857564beafaaa6687a35da586ca271bbfb	Oomycota%NA%NA%NA%NA%NA	10
df3a0a62dd8e08496626af8fd3bb6da5c54b3785	NA%NA%NA%NA%NA%NA	10
ddf2febc8eecd15aeeb6fbee6fe8ea1d3cfb01b1	NA%NA%NA%NA%NA%NA	10
d999433dcc96f43f6350919d765c68f2773bfcb9	NA%NA%NA%NA%NA%NA	10
dbd6b3406b1386141f8bb85c62aefdd5d2392c01	NA%NA%NA%NA%NA%NA	10
dcf73e97046ed85945f18907af256d9b74691f15	Arthropoda%Malacostraca%Amphipoda%Lysianassidae%Scopelocheirus%Scopelocheirus schellenbergi	1
dcb3b7932bde019d1a7964d551c0e8fccfb56b89	NA%NA%NA%NA%NA%NA	10
e0ee65c5765d2acd64b259dcdab8061da71ad9d6	NA%NA%NA%NA%NA%NA	10
e16bf536292b8b9613887d39b7427ef278bfa58a	NA%NA%NA%NA%NA%NA	10
e32e562d84a50067cffd240b1953c3ee1a44aa53	NA%NA%NA%NA%NA%NA	10
e35e8537bf740c244f25aaecc3ced35ca8d0ddc1	NA%NA%NA%NA%NA%NA	10
e375f8ae0d1f5382694177cf83f5ebfd12d9a0fc	NA%NA%NA%NA%NA%NA	10
be5f3582fae349befea685277bcae1899a31138d	NA%NA%NA%NA%NA%NA	10
bf3b616cda73d2eec92ac8cfbcb5f75ed3120d12	NA%NA%NA%NA%NA%NA	10
bf7fa086e889ba4fb13f869d16878ce0e30ad449	NA%NA%NA%NA%NA%NA	10
eff77c66eb21a1ed6cd056051529b64d70db3b02	NA%NA%NA%NA%NA%NA	10
ec543aec715e73292c74ea5931c8fc588ceb79ed	Arthropoda%Collembola%Symphypleona%Katiannidae%Sminthurinus%Sminthurinus elegans	1
e8d99304310ee922098f7dd851a68bb71be4f865	NA%NA%NA%NA%NA%NA	10
e391f8b86287f635158a2386d58589a4961909e7	NA%NA%NA%NA%NA%NA	10
e98b413d9145bd525101523127e1d31c036c490b	NA%NA%NA%NA%NA%NA	10
e941c46130ccca77211cf6c2ed4b3b8a04f24ec7	NA%NA%NA%NA%NA%NA	10
e45066647c337c3e7ca0a04013cd4c4d94d9b9cc	NA%NA%NA%NA%NA%NA	10
e91a04485c34530d8f7e6254d45a67cef2bcf688	Oomycota%NA%NA%NA%NA%NA	10
f17ab3758a4be35a701810ca413af9e854deccbb	NA%NA%NA%NA%NA%NA	10
f17d0661bb06323cbbecd95b4f257e2ea76a722d	NA%NA%NA%NA%NA%NA	10
3e6d0a4abad1df13184f6457f578d43b45415457	NA%NA%NA%NA%NA%NA	10
3f570fa3e6a8227a08f1245ca76a3d68e29234e5	Cnidaria%Hydrozoa%Anthoathecata%Hydridae%Hydra%Hydra vulgaris	1
3cd5d992e7f138a3ddba30adf2a36ecae94f8a1c	NA%NA%NA%NA%NA%NA	10
3a466d9a2e620c841254f1f2fa6a7f935034c65f	Arthropoda%NA%NA%NA%NA%NA	10
3bdf725f6838b3f3885f47c0412bf08515c2693c	NA%NA%NA%NA%NA%NA	10
3b785dc3dad2d3b3c849d9d49c7c9fc09bce21f3	NA%NA%NA%NA%NA%NA	10
3b269bdd8b9823dde8495ee0f21cf381f51eed8f	NA%NA%NA%NA%NA%NA	10
380c6cc8fd6d38dcfeb37820caf77e691982665a	NA%NA%NA%NA%NA%NA	10
3789b44f2540aae64998b700f0b71107ecc9797a	NA%NA%NA%NA%NA%NA	10
33b5194376f8a2614d3f3945dd17a21f95d82a60	NA%NA%NA%NA%NA%NA	10
31ad32a4e2dc91103641c5215f085aa41ac23caf	NA%NA%NA%NA%NA%NA	10
31b965de2056f3ed9e257cf3c96200a973ab0890	NA%NA%NA%NA%NA%NA	10
327b556e868bbbb7a32e2675881830c57f026b75	Arthropoda%NA%NA%NA%NA%NA	10
4027200ed9bb29ee0d918692d3db61404e0dbdfe	Mollusca%Gastropoda%Systellommatophora%Veronicellidae%Sarasinula%Sarasinula linguaeformis	1
0da0081eaf95971b03de2000994d7b06883cb0e3	NA%NA%NA%NA%NA%NA	10
41aee316af07b52826686a06be8fa6d01299dfb5	NA%NA%NA%NA%NA%NA	10
021f1fd8c594e2cba564182968847b7689bdcfed	NA%NA%NA%NA%NA%NA	10
0f8000ba0ef5507b812970fbfc98c2b0f4ff6fac	NA%NA%NA%NA%NA%NA	10
0a4ee1f46dbd16652effff0a64dbb03082d73ea2	NA%NA%NA%NA%NA%NA	10
05afaeb5003e0f463b423f6c1ea151ab4320cbef	Ascomycota%Leotiomycetes%Helotiales%NA%NA%NA	10
4d276166988bd7f958b2f32bd7d8661ff680e88d	NA%NA%NA%NA%NA%NA	10
06c57ea30e682a7294470edef82077617e77fe3a	Arthropoda%Insecta%NA%NA%NA%NA	10
4d8e10e3a4d2479d4a64c1302685b0e405dd402a	Oomycota%NA%NA%NA%NA%NA	10
4da0869ba278e3b4753f730cd67b7ee2cb4146f3	NA%NA%NA%NA%NA%NA	10
0917d498f32a37a773c7ac68b17baebc451a01e1	Bacillariophyta%Coscinodiscophyceae%Stephanodiscales%Stephanodiscaceae%Cyclostephanos%NA	10
4ef8aa7c7154310b5f6027a81b890416d257b302	Arthropoda%Arachnida%Araneae%Homalonychidae%Homalonychus%Homalonychus theologus	1
451340c8332d31b1b062600212b44ea1c2ae7d14	Arthropoda%Arachnida%Scorpiones%Diplocentridae%Diplocentrus%Diplocentrus gertschi	1
45e72e74b333b02b8d796d5cbea270f6d6048043	Arthropoda%NA%NA%NA%NA%NA	10
4640a8170756ba6ef0168e7bd87b17e026334ab5	NA%NA%NA%NA%NA%NA	10
4aa37f3e91c3698bcd60c359508f81b1efa69c79	NA%NA%NA%NA%NA%NA	10
026a7d4beae020382c904c0682ca9fc7940184a0	NA%NA%NA%NA%NA%NA	10
07880d7c1a99f06632beb2b7d53dfd865629729c	NA%NA%NA%NA%NA%NA	10
07028ea176e1228311bd38d7697fc8866160db83	NA%NA%NA%NA%NA%NA	10
1c7d9d506e823cb7a919468038f777a9423a1222	NA%NA%NA%NA%NA%NA	10
1ce45e11f26f7b43a1317a0c3462160d7652ed1d	NA%NA%NA%NA%NA%NA	10
1cfb299d61160f42d3db290e59d92fd95eb167c8	NA%Bigyra%Thraustochytrida%Thraustochytriaceae%Parietichytrium%Parietichytrium sarkarianum	1
17d7581c8d9c9084c9d5c599bf64a2ae0dd8c332	Bacillariophyta%Bacillariophyceae%Bacillariales%NA%NA%NA	10
1051d443d4ad921f949c3f7e174530ee1ab69d5c	NA%Phaeophyceae%NA%NA%NA%NA	10
1a9e3ba7488c26e11d6f28369afaaa1a7328d5c4	NA%NA%NA%NA%NA%NA	10
1f90a1b3ac0c79232d1c8bfd506b4d8a7acc19d3	Oomycota%NA%NA%NA%NA%NA	10
416f02b37b1dd058c4928376ba1983d7def7e6d6	NA%NA%NA%NA%NA%NA	10
1a452482225115bac0fedf4156ecb32b491feff3	NA%NA%NA%NA%NA%NA	10
1bed09cdc82a1892eddee57ddef539ac3ae56a88	NA%NA%NA%NA%NA%NA	10
1bf327b4bc3240a90c3b4f9599886f9a558583bc	Rhodophyta%Florideophyceae%Ceramiales%Rhodomelaceae%Chondria%Chondria baileyana	1
1b4950901e4049b01b302830f60d44e998fdff89	NA%NA%NA%NA%NA%NA	10
1c35b45832b0e84df122c8826a71bda62d39dac9	NA%NA%NA%NA%NA%NA	10
29a35195ebe15383a3f28bc74462ae1fbbb0bfe3	NA%NA%NA%NA%NA%NA	10
2167d72004ea9764b2dbd0d1f234ece39fdc013c	NA%NA%NA%NA%NA%NA	10
2a1a77c2f2f2f27d5a29a49271d25bad4d727dff	NA%NA%NA%NA%NA%NA	10
20ec78abab11d5945c5c12daa3237e041a3ca292	NA%NA%NA%NA%NA%NA	10
275ec6e01b9b7e5286ec36954daeb37d33e6f525	NA%NA%NA%NA%NA%NA	10
2f1b86ef69592607de7936dcd9d0fb3a8cfaa566	NA%NA%NA%NA%NA%NA	10
206ff33031bb2e817d9f0f3323ffb51422fcf75b	NA%Phaeophyceae%Fucales%NA%NA%NA	10
27b5956aee054dddb5a42d6f8d1528ac1864ff0d	NA%NA%NA%NA%NA%NA	10
2790d9ffcf29e70881d26ee6ec8e460f407d62cf	NA%NA%NA%NA%NA%NA	10
2f7924125ca61520d09535bac136bdc7f5f96ef8	Oomycota%NA%NA%NA%NA%NA	10
20adcece8287485e7f78aca5a1cbfe5e1a1e50f6	NA%NA%NA%NA%NA%NA	10
2a79479ac895f6707df7bdf37a74185ce9e8b403	NA%Phaeophyceae%Sphacelariales%Discosporangiaceae%Discosporangium%Discosporangium mesarthrocarpum	1
2d27d3183fd5980be4e67dcf07ba8ec646f52a90	NA%NA%NA%NA%NA%NA	10
241c5f9360604f8b9dd0c9f6cc0f5c83dff9448c	NA%NA%NA%NA%NA%NA	10
2cc93554f90d26f4653741215038c7d5b6b5afff	NA%NA%NA%NA%NA%NA	10
7c817c8fa7a86aaad91df3a2f279b4de28c46f0d	NA%NA%NA%NA%NA%NA	10
7debbdef6926df3a48c2a8f691559a89c7b14a38	NA%NA%NA%NA%NA%NA	10
7a4cc5b119f4f797e6076732d79e7b6bbc1cb8f2	NA%NA%NA%NA%NA%NA	10
78715201b41ecd9e0988e46459bfb973eccf3b09	NA%NA%NA%NA%NA%NA	10
782b65071fac5199c8b6f4de89098c5681b90308	Discosea%Flabellinia%NA%NA%NA%NA	10
7b46626ddfa7e786c9b8984153d65f804bfe1dde	NA%NA%NA%NA%NA%NA	10
8c7c685d4c0c476d8bb16cb4691e1867a9594631	NA%NA%NA%NA%NA%NA	10
881233820699b38a9bfcfc69becc4b739120e696	NA%NA%NA%NA%NA%NA	10
8b6d3f600f74a3b45535aed8ab2ab4133ee9a510	NA%NA%NA%NA%NA%NA	10
8969089b5dd9deac2aedc5e4175777e87e273219	NA%NA%NA%NA%NA%NA	10
89fff0428c5a6f34ad9b7b67d1031d62b06d862f	NA%NA%NA%NA%NA%NA	10
82c951547914899657e9c158c34c0ac7705a9bdc	NA%NA%NA%NA%NA%NA	10
8a76b2531e6041da730d6520677027881e9192d2	Arthropoda%Insecta%Lepidoptera%NA%NA%NA	10
8315c420b597c381526474b79596bd8a57f9dea7	NA%NA%NA%NA%NA%NA	10
85d5ba9b774450da7c1ba61bbf1e9cc6f85daec7	Bacillariophyta%Bacillariophyceae%Naviculales%NA%NA%NA	10
83486e5e9c8c050c11f37746d7df78475fb0819f	NA%NA%NA%NA%NA%NA	10
80aca7cfeb9a8c2f2ff6659945b243615cd5aac6	NA%NA%NA%NA%NA%NA	10
81b603f6990fe1eb25049d8ce46bea8f92ac2810	NA%NA%NA%NA%NA%NA	10
a4def73c6f0f9ba587385f7f5eb228181e45a1f0	NA%NA%NA%NA%NA%NA	10
8d46fb3cd15dad6081c0709923e680a074fd2980	NA%NA%NA%NA%NA%NA	10
a4576ecbe0b15dedf80f8c7add9b9fa460b8fec4	NA%NA%NA%NA%NA%NA	10
59a3188b51d2faf0f839a43fe812be19e553fece	NA%NA%NA%NA%NA%NA	10
a3e7c23d16e0d919b1cc366567bd158b1470e37d	Bacillariophyta%Bacillariophyceae%Naviculales%NA%NA%NA	10
a3117a31bef5bc20bef6e571b979fda0229ffa21	Rotifera%Eurotatoria%Ploima%Brachionidae%Euchlanis%Euchlanis dilatata	1
9d4b74121c7b0f3ba1309bb3355e5e9b29dd792c	NA%NA%NA%NA%NA%NA	10
8d5494712713fd6251f595cdb6d4100a73ff7aba	Arthropoda%Malacostraca%Isopoda%Trichoniscidae%Haplophthalmus%Haplophthalmus mariae	1
8ddcb91206a111ecaf73d800258bdc21bff95242	Arthropoda%Malacostraca%Amphipoda%Gammaridae%Gammarus%Gammarus mucronatus	1
8e7994354a97c36c9d2cefb52c350f40395a7ef0	NA%NA%NA%NA%NA%NA	10
8f52230350922b0e49e87b4ef85b988aefdd32ee	NA%NA%NA%NA%NA%NA	10
913ac3f2edba572c6a65fc958015756d8584122c	NA%NA%NA%NA%NA%NA	10
9fd41a4ebb33538315aa22b915152c2b59c6f733	Bacillariophyta%Bacillariophyceae%Bacillariales%Bacillariaceae%Nitzschia%Nitzschia palea	2
9e258af0c13400db8536222b5897049ea8df5b38	NA%NA%NA%NA%NA%NA	10
9d1b20b84e5e876d7b21919d66f7228589554d5c	NA%NA%NA%NA%NA%NA	10
9aa6d4bbfc1e6883c0316da02ad7fd25f2a6100e	NA%NA%NA%NA%NA%NA	10
975969bc3583fbc43666ee65f80c449c804a6b57	NA%NA%NA%NA%NA%NA	10
93ad2b1e729be0875de79cb38268b755155b8650	NA%NA%NA%NA%NA%NA	10
944b6d09163d533e083e756ec8da044e2c88e43f	NA%NA%NA%NA%NA%NA	10
5392cf8d5a8d1873f17226707e2447307911ffcb	NA%NA%NA%NA%NA%NA	10
555c37ba68c0bbd67fed6de421c284e076f45e48	Arthropoda%Insecta%NA%NA%NA%NA	10
53605a9ffca9ff44852e2b050c4fc526943e29ea	Haptophyta%NA%Pavlovales%NA%NA%NA	10
559ffdfa562dd13584594bfc1de56b15f8064f59	NA%NA%NA%NA%NA%NA	10
5700f9b18ae05c399ad46ac30a6041d0625908c3	Arthropoda%Insecta%NA%NA%NA%NA	10
503ff4a8e7c5de0abe6911c62bcb2e913ee4147e	NA%NA%NA%NA%NA%NA	10
5fe18855573ab9dd412440fab96e16355b7efa7a	NA%NA%NA%NA%NA%NA	10
5c760b8daf46b583f48c0cbee9dfd8a0bc4cb6db	NA%NA%NA%NA%NA%NA	10
5d27fe807c303efa0d72499baec8a6fbd89e6f4c	NA%NA%NA%NA%NA%NA	10
5979cf102f327ca4da45f44bec5bf41b9efc133e	NA%NA%NA%NA%NA%NA	10
5fa591ca6a9512b2017f56e9651774c2ec56bb83	Arthropoda%Insecta%Diptera%Ceratopogonidae%Brachypogon%Brachypogon sp. BOLD:AAG6532	1
5debcd6562b79d61d84c729b9c848a2d31dad616	NA%NA%NA%NA%NA%NA	10
5b66f9400e6359ed4f40c8c15f2ea6c3bd32ed75	NA%NA%NA%NA%NA%NA	10
5e1c2c259aa66dee3e91232543834e6f119693bc	NA%NA%NA%NA%NA%NA	10
5bb29a87d49354db43f1a4767336586858468cd4	NA%NA%NA%NA%NA%NA	10
68648a736566f2b879b035c7b82d2c66c39f8327	NA%NA%NA%NA%NA%NA	10
6049b63056deac97706aa831d7fc57c829962ccd	NA%NA%NA%NA%NA%NA	10
6a4bc473a9b2f95d6ffc94f4eee9dbd3d185d346	NA%NA%NA%NA%NA%NA	10
606fd99caca409dc4f70ec833649fd5d6d7f37c0	Arthropoda%Insecta%Diptera%Culicidae%Culex%NA	3
68f47e464ae28926aa6200a93637483c947f9460	NA%NA%NA%NA%NA%NA	10
6904bceba8def739a7392cd177cf7fd44e760b5c	NA%NA%NA%NA%NA%NA	10
60b232ab7269ca40cf8d15460fea99f6b9ebedb3	NA%NA%NA%NA%NA%NA	10
6a825006b69ec02b81a1dfefbd409e099edcb2ca	NA%NA%NA%NA%NA%NA	10
60f7bbe75b12afb54835427d4f573aa2da09c68e	NA%NA%NA%NA%NA%NA	10
6105d08cbf0a31eb615b88c750116fbe2d5cf411	Annelida%Polychaeta%Spionida%Spionidae%Marenzelleria%Marenzelleria neglecta	1
627d6ba2cef5b58609112b52430ba020e6bec82e	NA%NA%NA%NA%NA%NA	10
623a38a6f2e8ded4eb917af9b545cfb32372e35b	NA%NA%NA%NA%NA%NA	10
6f0239aa50bdc3e531f4d8cc8f9021f22df944d5	NA%NA%NA%NA%NA%NA	10
6d19486889c414246a8a43018fa308181cf7327d	NA%NA%NA%NA%NA%NA	10
77339b14f9458e7bfa59ce6935ffdcd7b35fa07b	Annelida%Clitellata%Crassiclitellata%NA%NA%NA	10
75b0406b907f1cfe4b72cf8dae25927c016c1871	NA%NA%NA%NA%NA%NA	10
73f6a88333f1555bf75a14f8e6e6ffb05d324c4c	NA%NA%NA%NA%NA%NA	10
71966010c7f4342ad90d678e432c9d5c7d78db04	NA%NA%NA%NA%NA%NA	10
b0319359a4f88344eff52514e5c91cfeca88114b	NA%NA%NA%NA%NA%NA	10
b04294bc2e668546e1b09ef78b5c644ab72c3b5d	NA%NA%NA%NA%NA%NA	10
b0210ab19d1ae65d7ea765ae2558a02acfd1c73d	Arthropoda%Insecta%NA%NA%NA%NA	10
b95f0bcc228855d0a19fb1de8014be2a793e761e	NA%NA%NA%NA%NA%NA	10
b0a6e40cd4206a75014f6a561735e16d6fb9fb79	NA%NA%NA%NA%NA%NA	10
ba605272928179a2c4c53a71ce8418e18b8da698	NA%NA%NA%NA%NA%NA	10
ba7f75cdb84d569fcd711dcf44f941098f79379e	NA%NA%NA%NA%NA%NA	10
b1dc68211ca98c8fc7f5f13736be47cd3e9f7d1c	NA%NA%NA%NA%NA%NA	10
b1ee21000cb8d4f96d4ad80b5520a93a7e647c42	NA%NA%NA%NA%NA%NA	10
b93a85ea708099db32260d975c461225a49aae11	NA%NA%NA%NA%NA%NA	10
b9a4589acf6e9714f4c2045b2d4ed16fd5c379f9	NA%NA%NA%NA%NA%NA	10
b917d7a386b68c3f1ddd862103cc107b7a389d9f	NA%NA%NA%NA%NA%NA	10
ba4f1974191cf80bfa7cd8bb4e7de3d86e36a127	NA%NA%NA%NA%NA%NA	10
b4bb758aa52fbe343b4be4eb6fe8afb20cc49b25	Cnidaria%Scyphozoa%Coronatae%Nausithoidae%Nausithoe%Nausithoe punctata	1
b4c69a7af759a4c4509ef1a20732ece223bb8481	Arthropoda%NA%NA%NA%NA%NA	10
b48f94d516a467c66f6f2e7231168f429650485a	NA%NA%NA%NA%NA%NA	10
b490172ccec1e32b85da35bdda0c391a2da33404	Bacillariophyta%Bacillariophyceae%Bacillariales%Bacillariaceae%Nitzschia%Nitzschia palea	2
b13538a545b0453a9df9b4fcf57bf22994c0784d	NA%NA%NA%NA%NA%NA	10
b154634d13e034a80ee38a2ba38f6e6d39b39c6c	Arthropoda%Insecta%Coleoptera%Trogidae%Phoberus%Phoberus sulcatus	1
b17a5c677b2e0287d9a7b27624faf0cb7220a9b8	Bacillariophyta%Bacillariophyceae%Bacillariales%NA%NA%NA	10
b5126b8e2796507a028522e66ba5e87c565a8325	NA%NA%NA%NA%NA%NA	10
b5982183e833e792dde5425964711b9cae45747f	Annelida%Clitellata%Rhynchobdellida%Glossiphoniidae%Placobdella%Placobdella parasitica	1
b6b88d0ba7b897c1c8c2e22a51c379750aede06f	NA%NA%NA%NA%NA%NA	10
b6e015e9c1692c42b80c8bcec2ce0f558ab37c68	NA%NA%NA%NA%NA%NA	10
b2de796b6436d0a4de4d2d21766477bb55333bc4	NA%NA%NA%NA%NA%NA	10
b62cffa5d69272720563c16966322ebee04a92d1	Nematoda%Chromadorea%Rhabditida%Aphelenchoididae%Bursaphelenchus%Bursaphelenchus cocophilus	1
b7fc4987c137db563d13b90104d6aeb3dc5111bc	NA%NA%NA%NA%NA%NA	10
b768e6e70b6e1f05653d6a89291703ccf9583435	Mollusca%Gastropoda%NA%Pachychilidae%Sulcospira%Sulcospira paludiformis	2
b7dd7cb7eafd11ea7c68711bc4bfcb5bf87a7b6a	Arthropoda%Insecta%NA%NA%NA%NA	10
be361a23685a1873a2006d93ecb606a0cb0f6e3a	NA%NA%NA%NA%NA%NA	10
be501e68aac2f0dfe9a3e188e3fb7d264f2062a6	NA%NA%NA%NA%NA%NA	10
be63a9c5391ad3e3e4c2366c80765e7883eddffd	Chlorophyta%Chlorophyceae%Chlamydomonadales%Volvocaceae%Volvox%Volvox carteri	1
becddbb693cc0a3f12cde6449692bc8ff1ec6383	NA%NA%NA%NA%NA%NA	10
bf1b1e4e8f2482b2f0721fbb173df040efd0bf59	NA%NA%NA%NA%NA%NA	10
bf39e5e3bfe6b5bb8b2602bea6066ebc27d268d6	Bacillariophyta%Bacillariophyceae%Bacillariales%NA%NA%NA	10
bf4556efa48222546880b175b0b3e648dcb0eab1	NA%NA%NA%NA%NA%NA	10
bf6d81d09aa52500e0fd6c8f7eb1cc732c950ac4	NA%NA%NA%NA%NA%NA	10
bae385dc4f13225b2c49fe64d6b926969a97104a	Arthropoda%Insecta%Lepidoptera%Noctuidae%Maliattha%Maliattha ferrugina	1
b3b63f6a5f441cfd0e2588f6b4241a3d7727a3bf	NA%NA%NA%NA%NA%NA	10
b3bc6b7a11d132446c599ddafd52d84d60f31fa6	NA%NA%NA%NA%NA%NA	10
b3e1d45505a74bc574f1d2e7fb1db12e76bea0f2	NA%NA%NA%NA%NA%NA	10
bdf37a09758e26778fd5c5f235ea7ace3a75f450	NA%NA%NA%NA%NA%NA	10
bbcbb019467b9919f9cc3ededcb89a178c4aa94a	NA%NA%NA%NA%NA%NA	10
bb2cd8b3473cb104228fce8fcc80751bd10d8a36	NA%NA%NA%NA%NA%NA	10
bb21dd1053d7167ce7d89001d99d80129df73cbe	Pseudomonadota%Gammaproteobacteria%Pseudomonadales%Pseudomonadaceae%Pseudomonas%Pseudomonas fluorescens	1
bb0d66fdd0c662cf9f58a69215f4476cd65b5b86	NA%NA%NA%NA%NA%NA	10
bb0a996c6acf8c8a156c75c26dc7a5ac2730191e	NA%NA%NA%NA%NA%NA	10
bc13628faacb67fb63fdf0d87100edb39aa72a8f	Rhodophyta%Florideophyceae%Gigartinales%Gigartinaceae%Chondracanthus%NA	3
bce9c30960ccd90f90bc250a62593f1c832ae65d	NA%NA%NA%NA%NA%NA	10
bce679ced06c34de86f73f4f8151f7a67d5dddcd	NA%NA%NA%NA%NA%NA	10
bc5c12a29efeab7671e42767985206c6c61480e6	NA%NA%NA%NA%NA%NA	10
bc3d678885c4de6309a5eca48445c2e74406821d	NA%NA%NA%NA%NA%NA	10
bd3f064a63baa1d780b31f06c6ddc0d7c27838b9	NA%NA%NA%NA%NA%NA	10
bd70349062a4c71a773173de2b7a7afb98759b5d	Arthropoda%NA%NA%NA%NA%NA	10
bdbc7bf3e3a974cf8b5c3b5c53c9710f82d378c1	Bacillariophyta%Bacillariophyceae%Naviculales%NA%NA%NA	10
be2fd21b21683e68c93421f2ce36911d581316ef	NA%NA%NA%NA%NA%NA	10
c7979410d1ab89c4ceb487e354214c0bf1387041	NA%NA%NA%NA%NA%NA	10
c44ab875ba65dd06c43bcf2b24bae801b0f5f356	Mollusca%Gastropoda%Stylommatophora%Helicidae%Caucasotachea%Caucasotachea vindobonensis	1
c5ff5ddac8555860d8463c1fc33b78fa4fdf45d7	NA%NA%NA%NA%NA%NA	10
c6212d155c2b0a03b8e00043957f3eed02986faa	NA%NA%NA%NA%NA%NA	10
c6261645f221b926b34c3236f99dbd3c72192a16	NA%NA%NA%NA%NA%NA	10
c62f27395756a67050f38ffecca6ea94b428443f	NA%NA%NA%NA%NA%NA	10
c6946d109d08f46723414e3395256884b768ede6	NA%NA%NA%NA%NA%NA	10
c6abc85407550d5c91cc17854c04c60a6943c2d8	NA%NA%NA%NA%NA%NA	10
c710ef9a6babed3bfcd960ff364dd27953aede44	NA%NA%NA%NA%NA%NA	10
c74f0953fbaa72f58b779d0a9211f36fa0ce4b3e	NA%NA%NA%NA%NA%NA	10
c7551a0287a8a6f734e221ddebbf0cff643e6115	Bacillariophyta%Coscinodiscophyceae%Stephanodiscales%NA%NA%NA	10
c77849c6b78357aba40c656136ada61caa9878e8	NA%NA%NA%NA%NA%NA	10
c78329141acdbcc34e7ff16ab68017334953f16e	NA%NA%NA%NA%NA%NA	10
c00fc7c1dd25cd22496149913062d9c6fd68c308	Arthropoda%NA%NA%NA%NA%NA	10
c01f7edca8061e0366c2a08a1a1a4c60d68a406d	NA%NA%NA%NA%NA%NA	10
c0d9802098184bcdc8ebc8a63174dfe1ad36e222	Cnidaria%Hydrozoa%Leptothecata%Clytiidae%Clytia%Clytia gracilis	1
c1c2802a970faed33f78a74e6c0980fbdcf56eea	NA%NA%NA%NA%NA%NA	10
c197da177cb769966926a636296e8283fd4cb07f	NA%NA%NA%NA%NA%NA	10
c15d83e440b94e41c8ec420ac037e4835aadff65	NA%NA%NA%NA%NA%NA	10
c3fbf223b148fe23a987c0b0c448d45aba0574e4	NA%NA%NA%NA%NA%NA	10
c3490e05d5a92d60ba4e06aa9a918a54d52ef9e0	NA%NA%NA%NA%NA%NA	10
c37cba3a772908e44f8418247a0a5caea2967663	NA%NA%NA%NA%NA%NA	10
c38b614cc9af2b7b5b8a78925f05eae6a67e359d	NA%NA%NA%NA%NA%NA	10
c3900e6532a9d631dac6ef2bb41b339dc5aac55a	NA%NA%NA%NA%NA%NA	10
c3969054278f6d077d186518596f9ae5a08299f6	NA%NA%NA%NA%NA%NA	10
c3cda379ccd54e7dd22f0ab8b82fd4c3208810c9	Rotifera%Eurotatoria%Ploima%Notommatidae%Cephalodella%Cephalodella catellina	1
8cad1b2047184b0dae3883485094fc4b514df809	NA%NA%NA%NA%NA%NA	10
8ca1971c44b9327f42f04fcde84a75bed07e75b8	Bacillariophyta%Bacillariophyceae%Bacillariales%Bacillariaceae%Nitzschia%Nitzschia palea	1
8c1f58c5a12d52041cb098b191441f973c71acdc	Mollusca%Gastropoda%NA%NA%NA%NA	10
8c53ff1ecb107c771baf1802c50b717de548f13b	NA%NA%NA%NA%NA%NA	10
8d7a21441bb99d0ccb27404ea9d56fd17fa9dadd	NA%NA%NA%NA%NA%NA	10
8db80c87fde56fbe4126d26cd6c4610337bef36f	NA%Phaeophyceae%Ectocarpales%Chordariaceae%NA%NA	7
8d399a9a7e50c6f000eadd7fd4338422e465e1df	NA%NA%NA%NA%NA%NA	10
8d06a5f085eb48630d481bcd5fb05aaa0c7f5df9	NA%NA%NA%NA%NA%NA	10
8abfe128597fe6aac92682f47b84f8861e14970a	NA%Phaeophyceae%Fucales%Sargassaceae%Gongolaria%Gongolaria abies-marina	1
8ac553f9dcb8c88b4f0b04e58b7b11756616af21	NA%NA%NA%NA%NA%NA	10
89c53c8575ac69da5b3a2ea3a73c9ae61ef12e8c	NA%NA%NA%NA%NA%NA	10
8e0edaa5c8655581427d792c3f001c568e9d3669	NA%NA%NA%NA%NA%NA	10
a0f13fb6770a7775708f3916ef96d56822540023	NA%NA%NA%NA%NA%NA	10
a048f5fc749898a1309a8e38daa17b6a96be1b4a	NA%NA%NA%NA%NA%NA	10
a00def1a87e2b59a380a8db70002256fef194575	NA%NA%NA%NA%NA%NA	10
8efa8ec7fd950763c7504cfe57c0c5a9a316994d	NA%NA%NA%NA%NA%NA	10
8e8728cfaf8ef39bb4504063d92f7e0c8b8e12a7	NA%NA%NA%NA%NA%NA	10
8e9c7f29e2e1186a810ca8325605908efa1981eb	Arthropoda%NA%NA%NA%NA%NA	10
8e99824949b41dee6906bcfacd59f5d725f5ee5a	NA%NA%NA%NA%NA%NA	10
8f7e11a929d1f35543cc3ec8c236c3a66d02e009	NA%NA%NA%NA%NA%NA	10
8f8d4cf6d8ceb91830fa69f41422ec1490a28bda	NA%NA%NA%NA%NA%NA	10
8fdd194428fe3ed4e83b103aa31db5a42edccd45	NA%NA%NA%NA%NA%NA	10
8fe36d38394c068cd5a33d6f274db07bd536a250	NA%NA%NA%NA%NA%NA	10
8ff51a6aa8d54d59ea48477c7af292b9f882455d	NA%NA%NA%NA%NA%NA	10
85de800e55cf46c6d02bd55f7791a8bbe7124c46	NA%NA%NA%NA%NA%NA	10
858d145616be4b6551e75d77352e81f60f707036	NA%NA%NA%NA%NA%NA	10
857b2ee06bafbf29857e421b7875ba1e2e227413	NA%Phaeophyceae%Ectocarpales%Chordariaceae%NA%NA	7
85763d2047a456cd3e2ea6fa7e56090378a56d0b	Cnidaria%Anthozoa%Actiniaria%NA%NA%NA	10
85520a641892a09b9d6bf530130c7b014e4eb525	NA%NA%NA%NA%NA%NA	10
85283a658c841bc0876e4ee6124809c2ba8c2363	Arthropoda%NA%NA%NA%NA%NA	10
8539ed9381e6542c2b836d7fdb54b4c40b43a88b	NA%NA%NA%NA%NA%NA	10
851fa95cf0406f6a578ec5c06734c0fdfd2cda77	NA%NA%NA%NA%NA%NA	10
8511ea375e4c4df92aded6a2ef608751dd1c87d5	Arthropoda%Arachnida%Araneae%Linyphiidae%Microlinyphia%Microlinyphia pusilla	1
82f4e1628230c967ec4c1b5ba9acfc08d91eed89	Arthropoda%Arachnida%Araneae%NA%NA%NA	10
86639dbeabd312ee472c7b754e8d8754aa9b4799	Arthropoda%Insecta%Lepidoptera%NA%NA%NA	10
869bcf3884a4045ccc41bbd465f0fbcd056c74fc	Arthropoda%NA%NA%NA%NA%NA	10
86c34f4a176617d724552d7c423fb67b7011e7ed	NA%NA%NA%NA%NA%NA	10
8b54c4c2041dedbd057e8b5b943b3015f9a4e42f	NA%NA%NA%NA%NA%NA	10
88d28795f2db1b4875614e179f7e1c4e1db2109f	NA%NA%NA%NA%NA%NA	10
88025a56471264b66874350b1d7079bdd8f6427e	NA%NA%NA%NA%NA%NA	10
89abdd9a048ad9213320cbf6f62e795a603d8cb7	NA%NA%NA%NA%NA%NA	10
8930d76797fa1a49833354dda1e0ce4e74723428	NA%NA%NA%NA%NA%NA	10
890bdfa9ad2b700c3799459e22c6598dc529c8d2	NA%NA%NA%NA%NA%NA	10
87aa82a603cf92d0b7361b76ef73b8dc713e047d	NA%NA%NA%NA%NA%NA	10
8b413729c375bf98984e7a2f78c8b4c05c92cfc4	NA%NA%NA%NA%NA%NA	10
8b4489258dff2cfcfd56340bfde53ac09ad70cc0	NA%NA%NA%NA%NA%NA	10
8b517789149b61e0da5f0e74030c25ea25ee01cf	NA%NA%NA%NA%NA%NA	10
89c159bef114c0e7444733c77f609100a0b96028	NA%NA%NA%NA%NA%NA	10
8ba7bdd1f7d976fa1589a53b367d53e4f6bd7c27	NA%NA%NA%NA%NA%NA	10
8bbb634bc84470170f274fb53c0c7a2a5f5bb56e	NA%NA%NA%NA%NA%NA	10
8bd63d05ae9ee8903d1ccfcffce1465f94d1eb02	NA%NA%NA%NA%NA%NA	10
878a1b4d912dcccd6a752f279a97632002457346	NA%NA%NA%NA%NA%NA	10
8781fbf980fe5b848bbb4f1c3cb85d662f4c8643	NA%NA%NA%NA%NA%NA	10
87917a3f3ee804b3d6a44d46d836cee71c3800e5	Arthropoda%NA%NA%NA%NA%NA	10
aab8bb985a2864ef7e84290af2db02069bbe3598	Bacillariophyta%Bacillariophyceae%Bacillariales%NA%NA%NA	10
aa9c57edcb5bd4a330e669f911006da0e3a9d422	Arthropoda%NA%NA%NA%NA%NA	10
aa6bcc74b79940d063b9431cea0e6fb92253b92b	NA%NA%NA%NA%NA%NA	10
aa7dff3049f294376d6f7a49795d6d221612fd2a	Chordata%Aves%Columbiformes%Columbidae%NA%NA	7
aa46bfddbebec7a1af26cb3211b2c49a55d65481	NA%NA%NA%NA%NA%NA	10
aa40e43a7ce97042020cb6e08478b6ba405c72ff	NA%NA%NA%NA%NA%NA	10
ab67bd7800a2f67d688cd8115a1c7d5df2ae737f	Oomycota%NA%Pythiales%NA%NA%NA	10
a6bafde9c46b3c3f1b60e2ae3557bfd6fc574b25	NA%NA%NA%NA%NA%NA	10
a6e2bdecc83e84fcb5d259636b558a543e50e3e6	Oomycota%NA%NA%NA%NA%NA	10
a983003ecbc60d73ce14b0f4a7664761f5b2a9c4	NA%NA%NA%NA%NA%NA	10
a973737681337df703f200d85cd1aeaad4c0d0d7	NA%NA%NA%NA%NA%NA	10
a90f33ce3f606e02025f50a41e8fe0daa6a3ff94	NA%NA%NA%NA%NA%NA	10
ad4b63982c2976f882798e6a56158501025a5442	Arthropoda%Insecta%NA%NA%NA%NA	10
ad976c2aaba89128bacbc55b72bc23f70602e25c	NA%NA%NA%NA%NA%NA	10
ada1900855a844c3436d358230ffbbedf2897a60	NA%NA%NA%NA%NA%NA	10
adda359cc361dab23b5b664840345a79b9bbe2c0	NA%NA%NA%NA%NA%NA	10
aeb41fbb7bc0e166f8699d45df910e0e3532e539	NA%NA%NA%NA%NA%NA	10
ae5509b8dc697f9e6c0e9612c29a0ed9368bcf3e	Bacillariophyta%Coscinodiscophyceae%Stephanodiscales%NA%NA%NA	10
ae3a87c67e442d1e8ae5bb6b42f4b522d4493270	NA%NA%NA%NA%NA%NA	10
abfdc66a07c6e0c6cd6cdb1f7bf6aac5adefa1f6	NA%NA%NA%NA%NA%NA	10
abbb54dd8da6979083ca9058cf7fbc3da8c507c9	Bacillariophyta%Bacillariophyceae%Bacillariales%Bacillariaceae%Nitzschia%NA	10
ab8f5ccd47894ab2ac08b7bb48ab37460b6970d1	NA%NA%NA%NA%NA%NA	10
ac9587d839de97719f0f5bf1b04a3f8265ca84d2	NA%NA%NA%NA%NA%NA	10
a1207a1ba5389d4ea1cbc4a367751a8c42931920	NA%NA%NA%NA%NA%NA	10
a14bea0d2a84c8c31d473987442b0e168d5b0f88	NA%NA%NA%NA%NA%NA	10
a14f86abf9c0c578fd3a2b78c916431aab526f69	Basidiomycota%Agaricomycetes%Agaricales%Psathyrellaceae%Candolleomyces%NA	10
a1a99c9a88096d4cef8fa4eba850ee80844d8742	Oomycota%NA%NA%NA%NA%NA	10
a1ec1194ddc69a89327cb1a06b11fccdde892eb0	Oomycota%NA%NA%NA%NA%NA	10
a1ff3994e3c836cfb1d158012ccb80d352b49586	NA%NA%NA%NA%NA%NA	10
a226b923867a8409ddcf551bd3827aa98a59f0eb	NA%NA%NA%NA%NA%NA	10
a227ceae864d702f446b9e00aea42f3c30100ee0	Arthropoda%Insecta%Coleoptera%Elateridae%Athous%Athous vittatus	1
a24b2f0c325de4954787519d6b3555f85eef1c8b	NA%NA%NA%NA%NA%NA	10
a3eb8659ca434c00671c6ddc86742d97f8d21234	NA%NA%NA%NA%NA%NA	10
a306df4206362ea1bfc2bd692f87bfeddf31f2c6	NA%NA%NA%NA%NA%NA	10
a3082b570e5f43fce1703faec03ee22431d166ef	NA%NA%NA%NA%NA%NA	10
a31f2c4d6fbd6e032b947a6b950e57eb2e5efc66	Rotifera%Eurotatoria%Ploima%Synchaetidae%Polyarthra%NA	10
a3aec132e059079fda7fc852b0d82d54ebcbadd2	NA%NA%NA%NA%NA%NA	10
a42cbf0f0d74a387766adffb625d9404e2386a32	NA%NA%NA%NA%NA%NA	10
a8398295e5ca866b02acb02760ddbbcb24e83327	Arthropoda%NA%NA%NA%NA%NA	10
a8a021090f99062d352d93f5267e14ca8f717500	NA%NA%NA%NA%NA%NA	10
af360663b8d86bb16dc5403b80e55fc2b554ad53	NA%NA%NA%NA%NA%NA	10
a7b1970936b79290b357b3870b3d9a97114b0c1c	Porifera%Demospongiae%NA%NA%NA%NA	10
a744203c07d9a9991b97a9bb802932a4ca69d561	NA%NA%NA%NA%NA%NA	10
a584e74d2251b4f91a27c67989a7bdc1e7960ade	NA%NA%NA%NA%NA%NA	10
a5aaba1ffabaa192cac95ca8633c84edcc75bd83	NA%NA%NA%NA%NA%NA	10
e232ed00b647f838f7fd968408a83f0bedb73a94	NA%NA%NA%NA%NA%NA	10
e5f448a2275fd985896ed6627dc5d9cf7739987b	NA%NA%NA%NA%NA%NA	10
e59d667072577be4f56dbe17eb6a1b90782d631b	Cnidaria%Scyphozoa%Rhizostomeae%Stomolophidae%Stomolophus%Stomolophus meleagris	1
e598b7a645770eb199fdb1a426b97d2daa1d5844	NA%NA%NA%NA%NA%NA	10
e6871dd699addef7b5ee9547e69acc79c17a27ef	Bacillariophyta%Coscinodiscophyceae%Stephanodiscales%NA%NA%NA	10
e21f89ca9febd1fe9fe2f8f40abf6800aee6bf1c	Arthropoda%NA%NA%NA%NA%NA	10
e23edbc8d4f4e380ba22cb949c4548c6eaee30d7	NA%NA%NA%NA%NA%NA	10
e29aae93640f0e564f4dd0db633ab621c8c0e524	NA%NA%NA%NA%NA%NA	10
e3c6e46475f5cebc9fc4e2ad2dff8053b58c2fe3	NA%NA%NA%NA%NA%NA	10
e9c620d06150ff5df478e252d0cc029ee62b07c5	NA%NA%NA%NA%NA%NA	10
e8e1a9e1f584401e08b1637a4e77eee60643a2e9	Oomycota%NA%NA%NA%NA%NA	10
e8c45d2405495108ce0d969f16780506739d8468	NA%NA%NA%NA%NA%NA	10
e8a918fb086cd616ed46f81ca338acf3bcd8f2bb	NA%NA%NA%NA%NA%NA	10
e817fce8c3eaccd6402ae7b7ccba9086c3505d6c	NA%NA%NA%NA%NA%NA	10
e95d59996e0573024b3e9b727a0f40425305a354	NA%NA%NA%NA%NA%NA	10
e91d192e974f4010feb41331bea21b29fa69ae38	NA%NA%NA%NA%NA%NA	10
e7f9667e643b92edc48771ed58f292cb9bb25fd0	Bacillariophyta%Bacillariophyceae%Naviculales%Pinnulariaceae%Pinnularia%Pinnularia borealis	1
e7f9786cbb1e16084595718a0a3899f3e904c4f4	Bacillariophyta%Coscinodiscophyceae%Thalassiosirales%NA%NA%NA	10
e7613ddec1354daa6e217445b267258921a0ab1c	NA%NA%NA%NA%NA%NA	10
e7418029898bf866abb52c3259be37e2068cb62a	NA%NA%NA%NA%NA%NA	10
e7084c80e4f0f7598b5454cccb0dba8e93c0eff9	NA%NA%NA%NA%NA%NA	10
e71c9a7d3a2c4f036084dd789c014dc81f4620e0	Arthropoda%Arachnida%Ixodida%Ixodidae%Rhipicephalus%Rhipicephalus haemaphysaloides	1
97d0966f67a0c339b36855581db2f5e54af8dea8	NA%NA%NA%NA%NA%NA	10
e0baae80028b8e74911da9d781a67fc9d1fb2c98	NA%Phaeophyceae%Ectocarpales%Chordariaceae%NA%NA	7
e0ab182dadb4a75f88ef88d1d1fd85d598041ad5	NA%NA%NA%NA%NA%NA	10
e148de1ea056fa6bd087646c1df09f2b370fe693	NA%NA%NA%NA%NA%NA	10
e1533a2d1360ec6357e654827353b033dafc1bad	NA%NA%NA%NA%NA%NA	10
97320649c6e8d656992100434c622cb1a31db70a	NA%NA%NA%NA%NA%NA	10
e05e99dad629b83bf1829cfbb4d46d40befd23d3	NA%NA%NA%NA%NA%NA	10
e0616f2597d76dec7d297731bf799c82c1bbc3d3	NA%NA%NA%NA%NA%NA	10
98e3402a4cf306a5fe2c2aa5d5252429cf579aaa	Porifera%Demospongiae%Axinellida%Raspailiidae%Sollasella%NA	3
98a6864cbfe38539af5a4a543fa14afcd912ca9e	NA%NA%NA%NA%NA%NA	10
98b0f48367345e50889d2b82c4d89b0755192050	NA%NA%NA%NA%NA%NA	10
e3009d383a5111f0ac2918da87bce45e041f327d	Mollusca%Gastropoda%Stylommatophora%Camaenidae%Trishoplita%Trishoplita cretacea	1
e366a06f15f19db057dfa72a78c56a0578d9b857	NA%NA%NA%NA%NA%NA	10
e4cd793a970f6b1fe79a50b114430910770082cf	NA%NA%NA%NA%NA%NA	10
e46be0febc149f88eed22c9f00ec7da8792e596a	NA%NA%NA%NA%NA%NA	10
e4796a3a9c3cfdeb2537cd9db2bc0ae93b60b5a5	NA%NA%NA%NA%NA%NA	10
e4ac920a804ce79978e1a9db09163618a6c0c6f6	NA%NA%NA%NA%NA%NA	10
e4d79c41a73cfd811f3bcad03e24c257b565d167	Arthropoda%Chilopoda%Scolopendromorpha%Cryptopidae%Cryptops%Cryptops pictus	1
e1b92160ad2455d5d7ee107566d3ed480217532f	NA%NA%NA%NA%NA%NA	10
e18f1c3b55fe2d7e965443a23ce20f6a94356c5a	NA%NA%NA%NA%NA%NA	10
e1566348ba6db8c5eb8af52b28b3090eeb08809a	NA%NA%NA%NA%NA%NA	10
ee2a170e371119a14963dee3879d49dd4df2bdb1	NA%NA%NA%NA%NA%NA	10
ee246a4e04b4e930f5c173d1e9f09ada8b7d67b8	NA%NA%NA%NA%NA%NA	10
83d25ba9d7906bc0b7f1f7d28b0ec88fc908e5c7	NA%NA%NA%NA%NA%NA	10
835dfd8b975662fa2661d52ef0e978d9e857a8a8	NA%NA%NA%NA%NA%NA	10
833dc54cb91023d4c3fd62a704445037b8570558	NA%NA%NA%NA%NA%NA	10
ee0c0b26601683baaf229c213cbae2ac5b8e220e	NA%NA%NA%NA%NA%NA	10
ee75058ba4412ae3c644ebc2cb78ae8e3a561f2b	Bacillariophyta%Bacillariophyceae%Naviculales%Naviculaceae%Navicula%Navicula ramosissima	1
eeafc1a9d60eee0959fb62e11f2c260333d13fd4	NA%NA%NA%NA%NA%NA	10
eede0aa97bff8dcbe44cb92ba00a57d5906cae17	NA%NA%NA%NA%NA%NA	10
9aca92aafb5570c363e4336711c9231b1c1de53a	Cnidaria%Hydrozoa%Anthoathecata%Hydridae%Hydra%Hydra viridissima	1
9aa2239c5e66259d5bfb95ec9366d494ae716e45	NA%NA%NA%NA%NA%NA	10
9a636817c0ffc86eb8f9aa151ebc36814aa310cb	NA%NA%NA%NA%NA%NA	10
9a0a6e193eaab54c3eb4f1e686b3aab465916631	NA%NA%NA%NA%NA%NA	10
9b08c9d0e3e50ac8e74a474f124d63e49b7caedc	NA%Phaeophyceae%Dictyotales%Dictyotaceae%Dictyota%Dictyota spiralis	1
9b82e2e0cc70850982d3a7832b60e4da9fe1ac93	NA%NA%NA%NA%NA%NA	10
9c0571350128c8755c9631bafb58dc4bdeb0952f	Arthropoda%Insecta%Hymenoptera%Braconidae%Meteorus%Meteorus sterictae	1
9c24d1479e39014e383e7dd6df84c4973b01855e	NA%NA%NA%NA%NA%NA	10
9c2e28e5c0191a1a83d2357216748e9830603ae5	NA%NA%NA%NA%NA%NA	10
9c5d214e2c4615b84a3e909a274af66453f13231	NA%NA%NA%NA%NA%NA	10
9cbdd2e920f67dc77db5fcb715ba06ebbd63a59c	NA%Phaeophyceae%NA%NA%NA%NA	10
9ce39308644ad24a51e5338c6791aed87f4edfe4	Ciliophora%Oligohymenophorea%Sessilida%Vorticellidae%Carchesium%Carchesium polypinum	1
ea26a6b6550f4f8b401c89f08afbaf33736d70be	NA%NA%NA%NA%NA%NA	10
ea910912fad6f15b0729c3395b0fa7c22b1f6fa4	NA%NA%NA%NA%NA%NA	10
eaefd75cee71408d05282c6e396a3f9a9921121b	NA%NA%NA%NA%NA%NA	10
eb9e795f657dba507640b410606081929e874a07	NA%NA%NA%NA%NA%NA	10
eb91b209e44df24765164908d37461cd9630a23d	NA%NA%NA%NA%NA%NA	10
ec8b91a348446414b2e62ff87bfdf4082ea48629	NA%NA%NA%NA%NA%NA	10
efa736bd8461b886af528bfea6cef3d118d41a91	Bacillariophyta%Bacillariophyceae%Bacillariales%Bacillariaceae%Nitzschia%NA	10
ef8a1d0bd8d26d1fe69e291127a8786e5dda8958	NA%NA%NA%NA%NA%NA	10
ef6f89759b48235293f206b47802d1ca55debaae	NA%NA%NA%NA%NA%NA	10
ecdbaf33f97d381f2d10457c16881261dddfffa7	NA%NA%NA%NA%NA%NA	10
eca9d92b7b01fb0ce8ddeb596aecf31ec25b1c63	NA%NA%NA%NA%NA%NA	10
ed1c0827a46f2f53ef0146ff56db890ff21cb006	NA%NA%NA%NA%NA%NA	10
eda2457706b4a40b4f437ba23efb89f1474f3d27	NA%NA%NA%NA%NA%NA	10
ede156f3d0233dc8eff5b228cc77c8192ce867cd	Arthropoda%NA%NA%NA%NA%NA	10
f62d27d2174706e6a8a8c101220773fd5bc2f79b	NA%NA%NA%NA%NA%NA	10
fa3d873d7cf4214c1d03f7d34f590ce292378d5e	NA%NA%NA%NA%NA%NA	10
f8e83adbd659327b804f419f95ed4c8cf6406a70	NA%NA%NA%NA%NA%NA	10
f835f070932a176795fdfd23b91aa75d82733cb8	NA%NA%NA%NA%NA%NA	10
f9621da7ddafcf78341136497fc00ac2b7aeb5c3	NA%NA%NA%NA%NA%NA	10
f917536b0fa9f8dbf333f2acf9e2f7f6404ea94c	NA%NA%NA%NA%NA%NA	10
f92cdf1233ee4cc2c4b370e1858565debb2ccf93	Arthropoda%Insecta%NA%NA%NA%NA	10
f90c9835baa6432971331e7c496e2b57bf87d14e	NA%NA%NA%NA%NA%NA	10
f6c7808edccbdb4ef565cd414bbc715066f9270b	Mollusca%Gastropoda%Nudibranchia%Chromodorididae%Chromodoris%Chromodoris willani	1
f62e6369fdb4adde8a7caf8bd8b937f33752f25e	Mollusca%Gastropoda%NA%Potamididae%Cerithidea%Cerithidea djadjariensis	1
f65928052a21f59313484b4f638b3cba2e2e140a	NA%NA%NA%NA%NA%NA	10
f6b9499965276542ab5adaecf91ade487ed25bb5	NA%NA%NA%NA%NA%NA	10
f3d79f2eab1c3d2c65dbe11fe334d76638cab34d	NA%NA%NA%NA%NA%NA	10
f382f35c290edf994cfcb29ffccb935d506c9db4	NA%NA%NA%NA%NA%NA	10
f39fdfd5d1603f145bf6795921512227a540b400	NA%NA%NA%NA%NA%NA	10
f7ee7b2ae6262f3f42dd985f71595b23d1008bb9	Bacillariophyta%Coscinodiscophyceae%Stephanodiscales%Stephanodiscaceae%Cyclostephanos%Cyclostephanos invisitatus	2
f7ef864df6ffe883dbb6b5600f5b461d93864973	Arthropoda%NA%NA%NA%NA%NA	10
f3667d4a9eff79635a08a1e9bfaed31e6d22cf43	NA%NA%NA%NA%NA%NA	10
f7d5d60be601af86d097c98e6d8b6a1a55cfd92a	NA%NA%NA%NA%NA%NA	10
f7b571b783128123fe34092f6eea8852c9f54daa	Arthropoda%Arachnida%Sarcoptiformes%Tectocepheidae%Tectocepheus%Tectocepheus velatus	1
f78eb2b46c0c29ee36ae5fbdf37f06429b0e2fc4	Oomycota%NA%NA%NA%NA%NA	10
f792a0d4c284d7c2ba5337324fb29ea548c5275e	Bacillariophyta%Coscinodiscophyceae%Stephanodiscales%NA%NA%NA	10
f7076843ca6a0b67a64e446c87aa446f5e5a0900	NA%NA%NA%NA%NA%NA	10
f324784fffec09685cd867ef2a5dbf158df79793	NA%NA%NA%NA%NA%NA	10
fd7a110a2a16a4ac0403eab2d8f9ec717a223cd1	NA%NA%NA%NA%NA%NA	10
f45ff2815c19623c7e2054509672503a7652a41a	NA%NA%NA%NA%NA%NA	10
fcaf8a6ae573847673c53f8968443b3c6217a592	NA%NA%NA%NA%NA%NA	10
fca4b96c4575dd76636100a3f7af1508e1ef6d45	Oomycota%NA%NA%NA%NA%NA	10
fcbb2c0242325bcefe7f2c34a44de1b093a04d3d	NA%NA%NA%NA%NA%NA	10
fc8f3906425bf86a5d06d2722377c63243be6317	NA%NA%NA%NA%NA%NA	10
fc0363e60fcd4f0b00db8c6912377fc7dd49d7aa	Bacillariophyta%Coscinodiscophyceae%Stephanodiscales%NA%NA%NA	10
ff1ad20bf306fc6f59eb5297175c2f5467fad148	NA%NA%NA%NA%NA%NA	10
ffe18e07749805a7ec23f11dcbf820a074ee2584	Oomycota%NA%NA%NA%NA%NA	10
fff2576a25067de5e4ab1413b5ab98684feeb0df	Oomycota%NA%NA%NA%NA%NA	10
c7cd986d4254bd93fc8c11c6a1e1235e625b4c77	Arthropoda%Insecta%Diptera%Chironomidae%Corynoneura%NA	3
feccaf6661eb333cca48c7b58d99643a9e3a6084	Arthropoda%Arachnida%Araneae%Salticidae%Marpissa%Marpissa sp. BOLD:ACS6720	1
fa9ed285fbd52d9967eebde28346e956695d4fa1	NA%NA%NA%NA%NA%NA	10
fabfe71bd89dae1a627017fca1d4131ff105a94a	Mollusca%Gastropoda%Stylommatophora%Arionidae%Hemphillia%Hemphillia burringtoni	1
fb1dbcb654e32a109385bb6c47043516c0870044	Bacillariophyta%Bacillariophyceae%Naviculales%NA%NA%NA	10
fbde1304ee4930f24c49f44adec2366be5148b73	NA%NA%NA%NA%NA%NA	10
fd320dafe6c15c89d467552d42d9d8695c9d2438	NA%NA%NA%NA%NA%NA	10
feaf7730759c74925d5f408ed45bb26f85fb70fa	Bacillariophyta%Bacillariophyceae%Bacillariales%Bacillariaceae%Nitzschia%NA	10
fe2ac93e4311be5b349e86fe0778278c01e2b9be	NA%Synurophyceae%Ochromonadales%NA%NA%NA	10
925075f9eaeab35fc311391ca691b062ef1a2c98	NA%NA%NA%NA%NA%NA	10
96c4ea77edf29aeac39035b7a3191affd407ec1a	NA%NA%NA%NA%NA%NA	10
964aff6e9e4d8496578ade4d84a17335c79a649d	NA%NA%NA%NA%NA%NA	10
9625eab7a18d0ef4fb2b971dba99553bd1bac492	NA%NA%NA%NA%NA%NA	10
920d8aeaeb28e87f4b2cf13b053336ddb7bb228f	NA%NA%NA%NA%NA%NA	10
9216b63d5c172fad29dd9e9830d23221b419ffd1	NA%NA%NA%NA%NA%NA	10
924789541030df9bef685441e46e50d6022b36fb	NA%NA%NA%NA%NA%NA	10
96c8f03ab7e10ade3bcb19845e035af71b3029c2	NA%NA%NA%NA%NA%NA	10
9259aa6207e30c75a99670222524431e252452f3	NA%NA%NA%NA%NA%NA	10
92e6fb2c6d8319a3a82a5d09b409aa62d5b5d87e	NA%NA%NA%NA%NA%NA	10
95f016e53affee63c7f0eed79776ed64daca3710	NA%NA%NA%NA%NA%NA	10
95ad0227a7de9f0d09b4ab66a78caa196918b9cd	NA%NA%NA%NA%NA%NA	10
954077a24677c481b1b028730fa78704d242ac55	NA%NA%NA%NA%NA%NA	10
fffb80417dc1a2f4d1eff573d69e96d25ea48de0	NA%NA%NA%NA%NA%NA	10
991e669843b494211d5099ee1957c0b6ff3d65dc	NA%NA%NA%NA%NA%NA	10
992969bf344521bc3fc29e9529e0bd98e016d44a	NA%NA%NA%NA%NA%NA	10
9934d1294ff10411422982000de31a1af65cd2de	NA%NA%NA%NA%NA%NA	10
99d7b4172838c19f2e91c4ab1d3910d3ca9b2535	NA%NA%NA%NA%NA%NA	10
99dda01e791df192b035c9134a10372796e5a6ce	NA%NA%NA%NA%NA%NA	10
93f10ce2d0eb8d12bd3f526ef6ad442fa45429f8	Bacillariophyta%Bacillariophyceae%Naviculales%NA%NA%NA	10
980b1e6d8df207fb19a86b0070e9ce23857e6ac6	NA%NA%NA%NA%NA%NA	10
98032eab1b545a387b01839b9a70f341afec78fc	NA%NA%NA%NA%NA%NA	10
96fa12a6f62a04cdcc4b8bc8a8e41b243b614208	NA%NA%NA%NA%NA%NA	10
f26c0debea7436753a2aa5f3e9cdf2561d1c2b33	NA%NA%NA%NA%NA%NA	10
90accb7c7eaa1a96e633ab9ae4d55f3fadf370e1	NA%NA%NA%NA%NA%NA	10
f20108d5fefc6e100dba9bd47129278819200fc9	NA%NA%NA%NA%NA%NA	10
909d6fc69f7b39d404d7be6ff57772f9de43c2aa	Arthropoda%Insecta%NA%NA%NA%NA	10
909b34a74af36e38705be61cd3ade1231ec99782	Arthropoda%Collembola%Entomobryomorpha%Isotomidae%Isotomurus%Isotomurus maculatus	1
90473870712a6a0fd2cec7f27cb97797d9caa4c3	Chordata%Actinopteri%NA%NA%NA%NA	10
f2439a105a397db8bc24c0ff998fe3572c09eb48	NA%NA%NA%NA%NA%NA	10
90e4d2bb087b9fa69799bb499706b9e3abaf3317	NA%NA%NA%NA%NA%NA	10
98a622f29bf5c3cf876d47615716c415fc8d5571	NA%NA%NA%NA%NA%NA	10
f489457466a7f71ac50ec5a67a9d59b6db961b20	Discosea%NA%Himatismenida%NA%NA%NA	10
f4a97fd458b39186fab5318df23e934f1a2ba98f	NA%NA%NA%NA%NA%NA	10
f52d36e791a088e6998fd949d06839acdf348ccf	NA%NA%NA%NA%NA%NA	10
93ddf786dabcd24368216905ac53b38d3e9a30f0	NA%NA%NA%NA%NA%NA	10
f57fe8f0d6d0e9eee54f5b07792d4714b8aadb60	NA%NA%NA%NA%NA%NA	10
912ff50869bd0684a2c050afcb1d22f508efb471	NA%NA%NA%NA%NA%NA	10
910a5b47899103c92292fe6a86f44284b66acf03	NA%NA%NA%NA%NA%NA	10
94cfeecddf782eabb3c2cd4b07da4ea8175dfe24	Arthropoda%Insecta%Diptera%Chironomidae%Micropsectra%Micropsectra atrofasciata	1
945384a16984ee625413e0951f8f53c18c8d7336	NA%NA%NA%NA%NA%NA	10
941c31e4c76faa5b3680ba044e349136603302b8	Arthropoda%Arachnida%Araneae%Linyphiidae%Scylaceus%Scylaceus pallidus	1
90ed77cecd0853a51d99416a8a08c1f34c875830	NA%NA%NA%NA%NA%NA	10
cc33fb49ba9d400e41909345bf677cc4d5260904	NA%NA%NA%NA%NA%NA	10
cc4653490ce0d3f53d11132d36fc8c8b8793a4fd	NA%NA%NA%NA%NA%NA	10
cd27e488dc7b4438129fc35d477aac1546ad5a28	NA%NA%NA%NA%NA%NA	10
cd2c394c128412f6cbadf6a5c403a51b56e90e56	NA%NA%NA%NA%NA%NA	10
cd69b679994e26a43d96eea1c913e7463e213e7c	NA%NA%NA%NA%NA%NA	10
cdcf601502361c985bfc807100bff688a4248f46	NA%NA%NA%NA%NA%NA	10
ce2be3b28de78c022ff70f8167c8daf46153c6f5	NA%NA%NA%NA%NA%NA	10
ce669bf6d00b928b1245ee4f0904bb403304440b	NA%NA%NA%NA%NA%NA	10
cec23611ecd621db706edf3be61165c4cc51a493	Arthropoda%Arachnida%Araneae%Linyphiidae%Microlinyphia%Microlinyphia pusilla	1
ceee756b3202b1dcc47558a276e0686319c2bbfe	NA%NA%NA%NA%NA%NA	10
cf09c577223f74c1cf5d82239ce0bbdff1fa2fb3	NA%NA%NA%NA%NA%NA	10
cf76fa69f0b420f00fb48024e40a5d3d2a5ecb97	NA%NA%NA%NA%NA%NA	10
cb37cca277ed1354339a8073892d4cc9c260422d	NA%NA%NA%NA%NA%NA	10
c83932c20702eacdc40bad3448786e2b72128723	NA%NA%NA%NA%NA%NA	10
c84249b68a0e49ae779f56e3bc1e76b7b368d151	NA%NA%NA%NA%NA%NA	10
c8780eb939bfccf3c36eb390a25c401265fcd6bb	NA%NA%NA%NA%NA%NA	10
ca79c46bcf37e9eff90404d0b4696482a4573302	Arthropoda%Malacostraca%Amphipoda%Calliopiidae%Calliopius%Calliopius laeviusculus	1
ca327d72b0e473446132a1f54d677ec813496672	NA%NA%NA%NA%NA%NA	10
c900d6b3c12d45ec23785709608f48c7002eabc2	NA%Chrysophyceae%Chromulinales%NA%NA%NA	10
c930fd0d5f34773faa20c57b68632e5354a44348	Cnidaria%Hydrozoa%Anthoathecata%Hydridae%Hydra%Hydra vulgaris	1
cb08ae2a47908815eef9bae10ce329358dc2398c	NA%NA%NA%NA%NA%NA	10
cb04d1c053078f0488b2fefe64c31593e293e792	Echinodermata%Holothuroidea%Elasipodida%Psychropotidae%Benthodytes%Benthodytes sanguinolenta	1
c9e949b975518da6e1c436c9ac7d4f6d1bf77520	NA%NA%NA%NA%NA%NA	10
c9bcbd8251613feaf2da9d34105b568942cc18c1	NA%NA%NA%NA%NA%NA	10
d3752c9ecf98ee9381415d9de743ad9cbcc5cc17	NA%NA%NA%NA%NA%NA	10
d3ab4c60749811a8279fefd147cc1b37eb146dc5	NA%NA%NA%NA%NA%NA	10
d3bb4da2e8a13b14640afb537e4f720ef824b905	NA%NA%NA%NA%NA%NA	10
d3d34858170ed5766e5bb237d6a2366f5d423892	NA%NA%NA%NA%NA%NA	10
d3e260485b3d539cd79304c2566de941aa3d1b94	NA%NA%NA%NA%NA%NA	10
d3f69075b67351fa9c9e0d602151a9463b8287b4	NA%NA%NA%NA%NA%NA	10
d4c167b0f51907825db78c17428d11de818e7103	NA%NA%NA%NA%NA%NA	10
d40443f7ca995f48e02fbc8dc771dda7fb1012a8	NA%NA%NA%NA%NA%NA	10
d4e47adbf436d2b8a7a6caa22471559b1aa90689	Arthropoda%Insecta%Lepidoptera%Tortricidae%NA%NA	7
d4f0096f3543e1b9929a3a67adc9c922b5fbb849	NA%NA%NA%NA%NA%NA	10
d50580f952b4378562727313fb39a7b4b8f38b16	NA%NA%NA%NA%NA%NA	10
d57523008658131394a9fb019e0bd44cbae15d5c	NA%NA%NA%NA%NA%NA	10
d592b31181ae7130f37ea0d5bf1356555558383f	NA%NA%NA%NA%NA%NA	10
d5ca49a3c321250c7cdafbeefa2a11bc807030aa	Arthropoda%Insecta%Coleoptera%Zopheridae%Zopherus%Zopherus gracilis	1
d64542881dd73211882749bf13fb86ff845ee26e	NA%NA%NA%NA%NA%NA	10
d06c0e87faf8f2f7eda9fb732dbf2488980fab96	NA%NA%NA%NA%NA%NA	10
d06f946a2653d00ac4f5a4b4ec2029e8d6d3c5b2	NA%NA%NA%NA%NA%NA	10
d094679baa801d30262a565a7572a4f3b25a5624	NA%NA%NA%NA%NA%NA	10
d0e92b9d852ef56ec4c4d783319d1c9c1fc130cd	NA%NA%NA%NA%NA%NA	10
d0f4c9efaf2222750be1f4e0be467e45a040c10a	NA%NA%NA%NA%NA%NA	10
d10626eb59256e747334c07509c1912829235be0	NA%NA%NA%NA%NA%NA	10
d1e45de074da07b296086c5c21754ab78a87e094	NA%NA%NA%NA%NA%NA	10
d217c7e163a31602b436c673ea2d0d9ccdffa04a	Ascomycota%Leotiomycetes%Helotiales%NA%NA%NA	10
d2840cc63f0ecbb10fd3f561abe19c74a7ef70be	Basidiomycota%Agaricomycetes%Agaricales%Hygrophoraceae%Ampulloclitocybe%Ampulloclitocybe clavipes	1
d2b7e60a21c3d184370acef5caddf6214b10bb7a	Bacillariophyta%Coscinodiscophyceae%Stephanodiscales%Stephanodiscaceae%Cyclostephanos%Cyclostephanos invisitatus	2
de956191395c78081c3763c46a16175fe803f641	Arthropoda%Insecta%Coleoptera%Staphylinidae%Quedius%Quedius nitipennis	1
df5c54d710121322dd44ff2476bea50c248397b2	NA%NA%NA%NA%NA%NA	10
db2fbf2f181245f1ff38833c64675db996846f42	Bacillariophyta%Coscinodiscophyceae%Melosirales%Melosiraceae%Melosira%Melosira varians	2
db377419e39f834d5d681b3f376fa197b01edd52	NA%NA%NA%NA%NA%NA	10
db6a5d08106b78a5f8051a91f6f52c62c6b9e026	NA%NA%NA%NA%NA%NA	10
dba0a2ccbaff0465847299542e7c18a012265bff	NA%NA%NA%NA%NA%NA	10
dc8a0b4bd5cca2a38a0e740c4e9f67e51386472b	NA%NA%NA%NA%NA%NA	10
f0efb8057c4b00e423e435f85bf96ab7cb767a28	NA%NA%NA%NA%NA%NA	10
9d194b1a1fbf4eb7a2592eaadcc71a57c34f89da	NA%NA%NA%NA%NA%NA	10
9d8744d9718ee29d1d85d236cd944d2baf83d811	NA%Eustigmatophyceae%Eustigmatales%NA%NA%NA	10
9e014a13ad6de236ae0e9277213a94ee912f3a9e	NA%NA%NA%NA%NA%NA	10
9e20a2a64f819110f55d638d14fea97458c76886	NA%NA%NA%NA%NA%NA	10
dc1a041025f18a8d37171b73a3f054f643289dfe	NA%NA%NA%NA%NA%NA	10
f0eed7b876c85d2fc19b7dbd48113670b15888da	NA%NA%NA%NA%NA%NA	10
9f95014fb0dff4b7872c68a2b011c22ae3a633a4	NA%NA%NA%NA%NA%NA	10
f0a69e923c8ed0ceef6e47f75568839c8a243f46	NA%NA%NA%NA%NA%NA	10
f060652d83ecd05632d89ffa7557f56e0eee1a9f	Arthropoda%Insecta%Coleoptera%Dytiscidae%Agabus%Agabus didymus	1
f009d36603259c2daee14ea996d93473fed5e299	NA%NA%NA%NA%NA%NA	10
dfc71369120d7f5c98fb9cabd4b5f16817246ab2	Oomycota%NA%Peronosporales%Peronosporaceae%Phytophthora%NA	4
d8ef08ec505cb531672c149f2c0836d2e6e900c3	Arthropoda%NA%NA%NA%NA%NA	10
d8025dc4f8e2e358a0ec91854d31db6e8989b8b9	NA%NA%NA%NA%NA%NA	10
d8321ae147a1331bdf6e612b497a0e9743a06d05	Arthropoda%NA%NA%NA%NA%NA	10
d847392f82a8d661a82fd1f722c66bf5401a5eac	NA%NA%NA%NA%NA%NA	10
d85063a653751873de88b42328ebdb7eca80b099	NA%NA%NA%NA%NA%NA	10
d8a631ed5417ed0eda2a337f01e7e8246b802116	NA%NA%NA%NA%NA%NA	10
d97d5a6400ad91071782b82338068b770f5d1620	NA%NA%NA%NA%NA%NA	10
d919190c5589a1f9416d6b58c506b44749a2136e	NA%NA%NA%NA%NA%NA	10
d92b944ec561b238abeb6100632ead4c2b880cb4	NA%Phaeophyceae%Ralfsiales%Ralfsiaceae%Ralfsia%Ralfsia fungiformis	1
d927dbd68b22a8d147b934b2f73eb4cfa2f37644	NA%NA%NA%NA%NA%NA	10
d6c649a8339b88dbde9421dcadb39854a5228e4f	NA%NA%NA%NA%NA%NA	10
d6774c449cf4b99435dab9a43aaaefad1f07e30f	NA%NA%NA%NA%NA%NA	10
d7b7c4fcb1ed53e399a7cb5b3d741a0e11e338f7	Arthropoda%Arachnida%NA%NA%NA%NA	10
da8a7c9255196653d80717cf4924c236c4cd3885	NA%NA%NA%NA%NA%NA	10
dc419deb54ecf38098a13698053975bc34ffbb79	NA%NA%NA%NA%NA%NA	10
9cf4637dbe7df8b2fd9fd5cb53c3dbdd30142230	NA%NA%NA%NA%NA%NA	10
dd0ea94379e177d7b85d8344bcc5473e14b2bb5a	Rotifera%Eurotatoria%NA%NA%NA%NA	10
dd7f268743cafdb2f8dd5d0cc7f0386194daf35b	NA%NA%NA%NA%NA%NA	10
da7153bbd031eaf697350a59063bb053fd6c652d	NA%NA%NA%NA%NA%NA	10
dd9efd39d94a65f669e195a94ad6b8335c5317cd	NA%NA%NA%NA%NA%NA	10
da802f48c1171302b53cecbce7501c5897123aca	NA%NA%NA%NA%NA%NA	10
da4641fdfc7129f10fee1ee620d927c1e9cab66f	NA%NA%NA%NA%NA%NA	10
da2fb0eadeada129a6254fb5901680db1241a33d	NA%NA%NA%NA%NA%NA	10
d9ff60a10cd990fa2c6f2856f22855c2754dbe55	Chordata%Actinopteri%Perciformes%Scorpaenidae%Scorpaena%Scorpaena agassizii	1
d9f5537bdd9394d69d8a9cb58b515c783e5e2a10	Arthropoda%Chilopoda%Scolopendromorpha%Scolopocryptopidae%Newportia%Newportia stolli	1
2a4631626f9232c9fec840383c011c8ac8f7da48	NA%NA%NA%NA%NA%NA	10
2ad9ac6294366e3de8fabe3eac565e0032b1691d	Arthropoda%NA%NA%NA%NA%NA	10
2a925a2a51174ee685969ea077982304a47fe298	NA%NA%NA%NA%NA%NA	10
2b6ac724474a5fa5721eba32a9d68ae71fd15b55	Arthropoda%NA%NA%NA%NA%NA	10
2b2640b24af2dcda3deb644a80d487111aeb077c	NA%NA%NA%NA%NA%NA	10
2b68e175ce421a9449a384da5a2e3f06e7a9703c	NA%NA%NA%NA%NA%NA	10
2b746adc36d6e208611234c1ae26b9a9af906cb0	NA%NA%NA%NA%NA%NA	10
2b76be7d9b88a8227002ab7406fb76b93f8b6464	NA%NA%NA%NA%NA%NA	10
2b188847aae989d81e14963ed11f879211175da9	NA%NA%NA%NA%NA%NA	10
2739b15bfe3f582fd277b3f241f1d6451a874983	NA%NA%NA%NA%NA%NA	10
273fab71d427a9a4d633b72a5eae730fd299031f	NA%NA%NA%NA%NA%NA	10
278e81aae7853fcc2d6d8cea89cdb4ab6f5ade0f	NA%NA%NA%NA%NA%NA	10
27919686565474133961e9044bf6f286fa5c6d22	NA%NA%NA%NA%NA%NA	10
27ddd24da4049ff680046c2b1b85a0895e1896a8	NA%NA%NA%NA%NA%NA	10
28ff72ce2b334bada13b644eeac3de3282c47d48	NA%NA%NA%NA%NA%NA	10
2ed53dae0b3abe97f0f298f23f6c61e6adc62f88	NA%NA%NA%NA%NA%NA	10
2eb77c83bacd0f36977f4b1c64bdf072a4add4dd	Oomycota%NA%Pythiales%Pythiaceae%Globisporangium%Globisporangium okanoganense	1
2e5d88d3da7a8d66c9fcf27b859e6fab1ce4c0e5	Oomycota%NA%NA%NA%NA%NA	10
2e65504c6bcecd5216bf95617ef663e5c24ed22d	Rotifera%Eurotatoria%NA%NA%NA%NA	10
2e85a5cae3204d3f112018d5c643e3007d188abc	Arthropoda%Insecta%NA%NA%NA%NA	10
2ea13d589a262800806bdcb0cf429bf1d11df303	Arthropoda%Insecta%NA%NA%NA%NA	10
2f83475c7afc73aef8edd4d8eaa04333c7e573a3	NA%NA%NA%NA%NA%NA	10
2f0541faf4f25e9e93eff1a7cc52df204db5a3df	NA%NA%NA%NA%NA%NA	10
2f109d6223e66699187697c49054dc5a3a0d600b	Arthropoda%NA%NA%NA%NA%NA	10
2cfaaf14ba9c94d5759112e2257866f672c76f26	NA%NA%NA%NA%NA%NA	10
2ca4d847e49ce0aca39afffdc2fc57e84830413f	NA%NA%NA%NA%NA%NA	10
2c4862b9e90a3c9649fb91de5be0d7e6824cf15a	NA%NA%NA%NA%NA%NA	10
2c2ec00fc46342dae79b7853a69fb5c304b04b28	NA%Phaeophyceae%NA%NA%NA%NA	10
2c263c772f75d23c6eccd138aa34f359ff2e67c0	NA%NA%NA%NA%NA%NA	10
2d8f570a44a757d4097430d07242387a620d0d8d	NA%NA%NA%NA%NA%NA	10
2011367fa8ce98dda732154626687d0e0da90379	NA%NA%NA%NA%NA%NA	10
22b1277a8baf99741a99fc142f7e11585f92916a	NA%NA%NA%NA%NA%NA	10
222f01dbeb5c5805db4297574f9168d219d9eb89	NA%NA%NA%NA%NA%NA	10
2232af4012dca31fd28964ca5cbfac0dfd903afa	NA%Phaeophyceae%Ectocarpales%Chordariaceae%Dictyosiphon%Dictyosiphon foeniculaceus	1
2393833d43acb46edc933aa517da3aa3275c32aa	Bacillariophyta%Bacillariophyceae%Bacillariales%NA%NA%NA	10
237cebc065dc00e6f17cbbdca8863dee14d7d28f	Arthropoda%NA%NA%NA%NA%NA	10
234dd3577c21629e94110430bcb5a58b3d2dcb81	NA%NA%NA%NA%NA%NA	10
2312288b6de0320c8538697aad23907f144d9cb1	Arthropoda%Arachnida%Sarcoptiformes%Trhypochthoniidae%Trhypochthonius%NA	3
213381eb0c229efea9a6e3b7470442458a7bc77e	NA%NA%NA%NA%NA%NA	10
23f7f00466397d5bf54400c0dbfe09040553a957	NA%NA%NA%NA%NA%NA	10
20513b24d0f7123d5f0c729b2e0321030273cc65	NA%NA%NA%NA%NA%NA	10
207238c126c05ffeef314e2d27a1c4006812c3ef	NA%NA%NA%NA%NA%NA	10
207648dd05569901d9ba707d700300eb4ac3ef80	Mollusca%Gastropoda%NA%Pachychilidae%Sulcospira%Sulcospira paludiformis	2
207de7373d03a685a80082727871a1b97154ef5b	NA%Phaeophyceae%NA%NA%NA%NA	10
212740979b9cce2ac6d43a735e8c845bfb50d20d	Arthropoda%Collembola%Poduromorpha%Hypogastruridae%Hypogastrura%Hypogastrura macrotuberculata	1
21e1b3b83fe5de0b7bc80693d1bba85666fcadd6	NA%NA%NA%NA%NA%NA	10
214ef3cc28f6e3b298eda7df26006ebbc55ec3eb	NA%NA%NA%NA%NA%NA	10
242ed980daeb4802dd5371b37789a6e0187a0790	NA%NA%NA%NA%NA%NA	10
281d533787107b826cecb54465f759a2b8735196	Bacillariophyta%Coscinodiscophyceae%Stephanodiscales%NA%NA%NA	10
291a89b76f6abfa366cb454c96f697fe8c0fa8ca	NA%NA%NA%NA%NA%NA	10
29620a78e6e67d82e877192c843a42a066f00152	NA%NA%NA%NA%NA%NA	10
29915162939f5d2008d7d27f8273752f860b387e	NA%NA%NA%NA%NA%NA	10
29c988b0aac4f801ff669a6b10b951d0d7b75ae9	NA%NA%NA%NA%NA%NA	10
29f8972af3ca154951c39eb9e507a438595687b9	NA%NA%NA%NA%NA%NA	10
25bc65db923a2f3c8dc10451bf9ec1ceecbd7b1c	NA%NA%NA%NA%NA%NA	10
2580a495774214d58f703cecc8a56285f1039bb7	NA%NA%NA%NA%NA%NA	10
2591d1aa953665e8f7d1918b760884fc030bd4db	NA%NA%NA%NA%NA%NA	10
250c4620ee95bfbfbf26e2ba4428a8c683516a3c	NA%NA%NA%NA%NA%NA	10
26b2d84a10164956f02b87cd6600a45c3d259e86	NA%NA%NA%NA%NA%NA	10
24a4f44a0583d1560e83babde0b21b02f54d1d74	NA%NA%NA%NA%NA%NA	10
24497079adb8573fca75bd5175b85387a0b894b0	NA%NA%NA%NA%NA%NA	10
3a7256ae713214a2f95f5a3b9ecac8237828e6f3	NA%NA%NA%NA%NA%NA	10
3a50d0e0d160e43d952d944f29e13f827dfef2f1	NA%NA%NA%NA%NA%NA	10
3cfdd4b1ddcf3e0d439a1ea3aa582776e34f3e17	NA%NA%NA%NA%NA%NA	10
38df08b4acf288de9c7eeaf83fe1402a4133d54e	NA%NA%NA%NA%NA%NA	10
38d17bfe8fafa9d8cb0042c341427acbb4984f0b	NA%NA%NA%NA%NA%NA	10
39a51b84d5adc1c9cb75ac302c5391b81b84f4b7	NA%NA%NA%NA%NA%NA	10
3988ae99c08afa4884fd72c05801a9a7e4c3d44b	NA%NA%NA%NA%NA%NA	10
3b54e1de64eca716656692b8ee335992f9b722d1	NA%NA%NA%NA%NA%NA	10
38b3f33597c398ce78c616fb260c14f7e40d20f8	NA%NA%NA%NA%NA%NA	10
38b03250e49234de037ef31a57f86d6c175755e8	NA%NA%NA%NA%NA%NA	10
38c8a150d62d3220a85d8486fac85916a0391340	NA%NA%NA%NA%NA%NA	10
3d0ef6de0d5b421b333a1612750b5ffa5f9167fb	NA%NA%NA%NA%NA%NA	10
3d122f936ae1a56ec51f7dfa7cee529cca05f71f	NA%NA%NA%NA%NA%NA	10
3efa6f8448a859c887b9ad4d739cdfe5c64f918c	NA%NA%NA%NA%NA%NA	10
3ef8c3118a54ba8d51b84c149323164751a93063	NA%NA%NA%NA%NA%NA	10
3e9a58c845f9a83a663b36a675f1877cd3dc1e98	NA%NA%NA%NA%NA%NA	10
3f3f5a0aaf1908b0b1ccacae6d99afdd2f0a3d46	NA%NA%NA%NA%NA%NA	10
3fb50075a30de83b5235f6d2b5217c101a5e0dd6	NA%NA%NA%NA%NA%NA	10
317303fa73850027adcdc356672e204eec3e1bd3	Bacillariophyta%Bacillariophyceae%Bacillariales%NA%NA%NA	10
33569570309ea7ef2e236e25371db438d259e9c7	NA%NA%NA%NA%NA%NA	10
3336a011f41d09ebcf06dcaf0efffc196f395c25	NA%NA%NA%NA%NA%NA	10
307d900daa452aadfcab0c28c3ef4f4d32ac2e08	Chordata%Actinopteri%Cichliformes%Cichlidae%Telmatochromis%Telmatochromis dhonti	1
31a663b655708052d42cf47d447912636da64272	NA%NA%NA%NA%NA%NA	10
37e7e3ea743d057047e7d799d6cfe1fa81aa02f3	NA%NA%NA%NA%NA%NA	10
317213d160b36a73439496973c928e1c7f41b9f2	NA%NA%NA%NA%NA%NA	10
3141be083890bbd95a625d2a669b5710b6e85e81	Oomycota%NA%NA%NA%NA%NA	10
3622ac3e452b00fe6a561a64194d89af58da7df5	NA%NA%NA%NA%NA%NA	10
36b7176835e1c9025881fe8073b539f5b3f78121	Cnidaria%Hydrozoa%Leptothecata%NA%NA%NA	10
3207873c8ec5e6154c7dcf8c6d8ef8ebf303a445	NA%NA%NA%NA%NA%NA	10
323a1a5fff4350377f4d1ac51250a9d5185df182	NA%NA%NA%NA%NA%NA	10
327fd32cb7bc6bc1b1eef01886dfac37e217dbdd	NA%NA%NA%NA%NA%NA	10
32c7beff02b7f7e6cddfee3f1b55f6a8fb451f69	Arthropoda%Malacostraca%Decapoda%Diogenidae%Dardanus%Dardanus deformis	1
32c916aa931b36934089002df50f5db250f8239c	NA%Phaeophyceae%NA%NA%NA%NA	10
37e6f7c7b161c038c61006de30faab5395f81da0	NA%NA%NA%NA%NA%NA	10
37b25bde11515c1a34249b757800eb49f4e08b4b	Arthropoda%Insecta%Hemiptera%Flatidae%Metcalfa%Metcalfa pruinosa	1
378efe482c8ed3a0bf919f6aa2b640adae9faffc	NA%NA%NA%NA%NA%NA	10
34aae0f75f73f5ec458203e997a5047c7e30f330	Ascomycota%NA%NA%NA%NA%NA	10
35b901b2ab0445c5f5aa05384032b6a7256dc621	Mollusca%Cephalopoda%Myopsida%Loliginidae%Uroteuthis%Uroteuthis edulis	1
35b306614f0478c0d70feeea642aff9ed38535bb	Arthropoda%Insecta%Hemiptera%Cicadellidae%Gyponana%Gyponana sp. BOLD:AAG2878	1
3583bfea74f5185a0dc1c593bebfa73cdcf50eac	NA%NA%NA%NA%NA%NA	10
359c382a33950b094f0e62d0056a1842f258ad87	NA%NA%NA%NA%NA%NA	10
4260b77a83852b22688a5f6dd8e71da08e330635	Streptophyta%Magnoliopsida%Lamiales%Plantaginaceae%Plantago%Plantago maxima	1
42258c3428b75f39f9087b8cb79e793968e9e6b4	NA%NA%NA%NA%NA%NA	10
42e4f06faa757e676f3f8f25c2eb845ca4f36484	Oomycota%NA%NA%NA%NA%NA	10
435fb0c2937b40193e609a8e81049b403eeaad73	NA%NA%NA%NA%NA%NA	10
436892e3511fd77e1809ad72344b2a6dac71c708	NA%NA%NA%NA%NA%NA	10
437fec2698def26d35e60543db922904d5ed7acb	Chordata%Actinopteri%Siluriformes%Loricariidae%Schizolecis%Schizolecis guntheri	1
43e944e1f5e4d8f6e2f0b7d55428522c959dc2fb	NA%NA%NA%NA%NA%NA	10
40b8791adf13528a40dccd6d110a8a12855425c5	NA%NA%NA%NA%NA%NA	10
41fab65ca363509c4655add2437900123d04738a	NA%NA%NA%NA%NA%NA	10
4191a2a060bcec871f47e80f9f5669e4e80edc0c	NA%NA%NA%NA%NA%NA	10
0ae9190fb59069f62518759f871a370b7cafc27f	Rotifera%Eurotatoria%Ploima%Brachionidae%Keratella%Keratella cochlearis	2
0a5a69d8b6b0c16e4cddb4e3fcfdff25998cb3ef	Bacillariophyta%Bacillariophyceae%Bacillariales%NA%NA%NA	10
0a650d4548b82f7390a40b17b15f1e0cac3a2b5d	NA%NA%NA%NA%NA%NA	10
0a185f2319334bfeea6b8e86f486035e024da6aa	NA%Phaeophyceae%Ectocarpales%Acinetosporaceae%Pylaiella%Pylaiella littoralis	1
0bc2ae1c8012073a1d26ac08a9b6e191d3eac62b	NA%NA%NA%NA%NA%NA	10
0b742b8bfa5e1a0093e9c41926262e015db0a5ec	NA%NA%NA%NA%NA%NA	10
0b19d5d87e5b7669e73783b93dc9573228268463	NA%NA%NA%NA%NA%NA	10
0b232f48e5631cc4b1f63f2b0983c12ae90add39	NA%NA%NA%NA%NA%NA	10
070f71941cdf4cf14df5ffdeca734f19639842d5	Arthropoda%Insecta%NA%NA%NA%NA	10
07162ba2fad25cf833513d4f53030f3f8ff06f0d	NA%NA%NA%NA%NA%NA	10
074c695a093f837cc5f88239ef0f65654b2ad6f2	NA%NA%NA%NA%NA%NA	10
075b5fdfe2a4ad2e151fd9af145ae978974c4394	NA%NA%NA%NA%NA%NA	10
07e93b1ef99a9cff26c26369190e116c56b09138	NA%NA%NA%NA%NA%NA	10
08e663e4c469c66d54c6fb5f3aa5aea9c90883bb	NA%NA%NA%NA%NA%NA	10
0efffe38579851a7f3b5959cda0bd50567850c98	NA%NA%NA%NA%NA%NA	10
0ebabeb8fa430f2b18879dc268edb326549ac334	NA%NA%NA%NA%NA%NA	10
0e8d15569124c2c7e75e200e4a7694eb17db2dbf	NA%NA%NA%NA%NA%NA	10
0e0aacb42195c6a5437acb869246ceb44c631b24	Arthropoda%Branchiopoda%Diplostraca%Holopediidae%Holopedium%Holopedium acidophilum	1
0fc13b6732b1ee34a3373c261a8171131a79d638	Arthropoda%Insecta%Coleoptera%Scarabaeidae%Onthophagus%NA	3
0c89ec266e5a3a20a4311eba8dd532d84973b91c	NA%NA%NA%NA%NA%NA	10
0c92e4a2eb6d0e5475a18391e39dbbe3c7bf1438	NA%NA%NA%NA%NA%NA	10
0d7dca3eded83c141441966806adade3be04672a	NA%NA%NA%NA%NA%NA	10
0dcabc4c36ed245a7f7ee399dfe216bf88ec7b41	NA%NA%NA%NA%NA%NA	10
0df711707517ea7f2f060418b4d0d0070b926330	NA%NA%NA%NA%NA%NA	10
0d61dabaae87b1844e55339cd9bcd3e66cef52dc	NA%NA%NA%NA%NA%NA	10
0d14fff87e0410675badd103f84481cdfb351a93	Oomycota%NA%NA%NA%NA%NA	10
0038f3f83b0c4d223f3ce00518b1530cc11c0e60	NA%NA%NA%NA%NA%NA	10
005fa68cccc77b04b77ea6b7095d5332ba7a31c1	NA%NA%NA%NA%NA%NA	10
0064976aaeb16b6301867f84d91cbeb252232f6f	NA%NA%NA%NA%NA%NA	10
035ac8732e0dee4c3e72eea7ac4ce8d5bacca32b	Arthropoda%NA%NA%NA%NA%NA	10
03582e20d4590b5f642e79a442c5dd3e2b3f1d23	NA%NA%NA%NA%NA%NA	10
01fbd1e448872495cf71444660a0b720ec3e206f	NA%NA%NA%NA%NA%NA	10
013815047ea8b59f5b7e7833776b4a09b291f82c	NA%NA%NA%NA%NA%NA	10
020a5c4abc3e87732997579f8c01c95d025cb8af	NA%NA%NA%NA%NA%NA	10
022a4270c9c4836054d346b081583b5681399422	NA%NA%NA%NA%NA%NA	10
022b8779b06a8eee59e021eef1efad442405a3e4	NA%NA%NA%NA%NA%NA	10
02312fceb2267b3767130727d0ab949a6434071e	NA%NA%NA%NA%NA%NA	10
023dc3fe3a5b6335d74274098ce0de8ed783a438	NA%NA%NA%NA%NA%NA	10
0448ad84a81a26826ced9a0861b4b25c61ffcf21	Arthropoda%Insecta%Diptera%Chironomidae%Orthocladius%Orthocladius sp. BOLD:AAG0991	1
081df12432046c483bb0eed93ab0b0862637161b	NA%Phaeophyceae%Sphacelariales%Choristocarpaceae%Choristocarpus%Choristocarpus tenellus	1
093b6169477ee777803e8dd39962319b78052b7e	NA%NA%NA%NA%NA%NA	10
05d894b2315c73ff93e75995d1c80d4a9e2d4d8f	Cnidaria%Hydrozoa%Leptothecata%Aequoreidae%Aequorea%Aequorea macrodactyla	1
05859debd42b01fb4f19972fb4c889b6d79b840d	NA%NA%NA%NA%NA%NA	10
0531333bebba44788e12d5ef51b5dd47263cfd9a	Oomycota%NA%NA%NA%NA%NA	10
067a70e3b4c2d6cf9632c3532fc34fae6ef2ed30	NA%NA%NA%NA%NA%NA	10
0655733d24b2a2d93275ac1d845f437e023d584b	NA%NA%NA%NA%NA%NA	10
0880bd5657498e95d6dfba96d65a86aea4136d49	NA%NA%NA%NA%NA%NA	10
1029209b144a35399dff06a03eeda42abd24a859	NA%NA%NA%NA%NA%NA	10
103293f9c8d1658e3a85c26044832d4d37c19681	NA%NA%NA%NA%NA%NA	10
115068de33e490e3934ca3f0229e5fc2c62cee86	NA%NA%NA%NA%NA%NA	10
115cb5aea5fca3537b59481f932b057d690824fc	NA%NA%NA%NA%NA%NA	10
1115b8a84afca7b4f30910d63c1811c84d3c16b6	NA%NA%NA%NA%NA%NA	10
1cdc3bbf60451309320befdaff0413057f9dc829	Arthropoda%Insecta%NA%NA%NA%NA	10
1cd80ff5c662456000046c9d16a882d2c5a040b6	NA%NA%NA%NA%NA%NA	10
1cb157c929842bd155a37a1cde50260bfc93c430	NA%NA%NA%NA%NA%NA	10
1c8935ea0c08edede9f197d5747731a84224c2a9	NA%NA%NA%NA%NA%NA	10
1c1e9ada07cd453df5beaacc3b71d817ae7c5afa	NA%NA%NA%NA%NA%NA	10
1c01f9be3b2093e429275ce1bd9e7b27e90ba11b	NA%NA%NA%NA%NA%NA	10
1d36dff3ab7a9242964697f0cf8877d7f64022e8	NA%NA%NA%NA%NA%NA	10
1afba06614e55ccec3db81512089f33909465913	NA%NA%NA%NA%NA%NA	10
1ab9e64824d911998b7a9b418dfab73e2d08673e	NA%NA%NA%NA%NA%NA	10
1a6f8c7fde2691d9820a45c295d524c24afdf73b	NA%NA%NA%NA%NA%NA	10
1a60e0597706d6e3ae039c31865a9ea98f320272	NA%NA%NA%NA%NA%NA	10
18ef8a2025aff2134f854d60e9cea33462ae7c42	NA%NA%NA%NA%NA%NA	10
19f3078485296d41f6e9215f01ffce8c4cd556e8	NA%Chrysophyceae%Chromulinales%Dinobryaceae%Poteriospumella%Poteriospumella lacustris	1
19a93d7dc5319c84820407f76ac1751988396ce6	NA%NA%NA%NA%NA%NA	10
192d2d650fc0872ad4a621ea926a48ff47427247	NA%NA%NA%NA%NA%NA	10
1da4b96a9c10e943d98f0cda38df9e6200f88ef0	NA%NA%NA%NA%NA%NA	10
1e52d78c44d1087c010a82dd6ffe8cfc235398bf	Oomycota%NA%NA%NA%NA%NA	10
1e3cede74eecee3582a8d27da8ab7d4191da8202	NA%NA%NA%NA%NA%NA	10
1e19257670a93249850d6af6dd87f9b04ba50fdd	NA%NA%NA%NA%NA%NA	10
1e111c8018810710ad9416f66cd52d1048fb75e9	Arthropoda%NA%NA%NA%NA%NA	10
1ead5a27a29e7d77f84b4a772a75f807aec8a6af	Bacillariophyta%Coscinodiscophyceae%Stephanodiscales%NA%NA%NA	10
1f68e7721f1dc6439ab4403b44e7e3bc488a1e05	NA%NA%NA%NA%NA%NA	10
1f6df66fe435cc9fd94e9b190a6b2692f58ade3f	NA%NA%NA%NA%NA%NA	10
1f9fe8e076267a7e46a8a4d4685a6db2c9f26ba1	NA%NA%NA%NA%NA%NA	10
1fb037385da222ccf8aff8f1fd5c217b8220af1a	Arthropoda%Insecta%Diptera%Simuliidae%Simulium%NA	3
1df79a6ae1eaf7dabbcddb48d7e9186f1428b86a	NA%NA%NA%NA%NA%NA	10
1a013b09b17b604eac24e1fa20204c5e568c680c	NA%NA%NA%NA%NA%NA	10
1efd5065deb0ad3dc2b30f8aef20537f9c5e5243	Arthropoda%Insecta%Diptera%Chironomidae%Smittia%Smittia sp. BOLD:AAG1020	1
1ef6a54f8c43d52ebd9a1d1b184ec524b61bd164	Chordata%Actinopteri%NA%NA%NA%NA	10
115d27fcb280bbda00bacb2e967eafa0d5a40aaa	NA%NA%NA%NA%NA%NA	10
13dac81c944859f6c7ee9ccc00755976a4684deb	NA%NA%NA%NA%NA%NA	10
13d9fba35bc37c2f4ba27a877e6ed46589b4a739	NA%NA%NA%NA%NA%NA	10
13d79db3563ddc357b5d457d7c499a24310abe14	Chordata%Actinopteri%Labriformes%Labridae%Choerodon%Choerodon cf. gymnogenys BOLD:AAJ0249	1
13e74730a44e2770effba7ef09de9aad7d0a879e	NA%NA%NA%NA%NA%NA	10
133fa287bfa9319e16889fab566b2b3fc26c03d9	NA%NA%NA%NA%NA%NA	10
1348361848e20d53919a320e0841bde68394577f	NA%NA%NA%NA%NA%NA	10
1475f2fddf8d82128574a9f9b21ab14a5c4a9253	NA%NA%NA%NA%NA%NA	10
14706a90a228c72a9c424d2f8f969203566a444f	NA%NA%NA%NA%NA%NA	10
143e3fd33a35976f5b6bcbf00ec8b9ea7d1f024d	Annelida%Clitellata%Tubificida%Naididae%Tubifex%Tubifex tubifex	1
14459e929103dc42e199d553719d18d5a127d845	Arthropoda%Insecta%Lepidoptera%NA%NA%NA	10
11e34b2042de223157a3ca43d2505490df9cdd54	NA%NA%NA%NA%NA%NA	10
11ba82bec681dc18e689dc68e0df5064de4e7035	NA%NA%NA%NA%NA%NA	10
12e40f97f2561819a70d0473e66bc9dd4b713dbe	NA%NA%NA%NA%NA%NA	10
12bf8ff5abfe8dddc707be3372ad9daf773a2e8a	NA%NA%NA%NA%NA%NA	10
12bf43dfa990529aa7fb2e6077c7ee4410f23c8a	NA%NA%NA%NA%NA%NA	10
129aa40c1cb2cb96e958df6c814269f13ef12dd2	NA%NA%NA%NA%NA%NA	10
120377f475fcbd2a80492ecbcec243472e4b60e5	Cnidaria%Hydrozoa%Leptothecata%NA%NA%NA	10
14e5db1a35fe8141c707981ac94422bd55f0682e	NA%NA%NA%NA%NA%NA	10
1b4294dfaaada63754f2a4f5119789d83b8e167e	NA%NA%NA%NA%NA%NA	10
17f1839905e397fca2803983a3adcd7f126a8ad6	Arthropoda%Insecta%Hemiptera%Cicadellidae%Erasmoneura%Erasmoneura vulnerata	1
15c69e161fca7f48a2a2f83df712d6e5cce50d4c	Arthropoda%Insecta%Hymenoptera%Formicidae%Temnothorax%Temnothorax schoedli	1
15d8fdd3666bb9b8644b53125aed2b1a653a8054	NA%NA%NA%NA%NA%NA	10
16f142937e18b52d75d0d72922d4a1b662116cbb	NA%NA%NA%NA%NA%NA	10
16504794cb76a453ac4e39f118d1034828995ea9	NA%NA%NA%NA%NA%NA	10
163387d28c32bd08278c8258c06cf88c0ee79eb4	NA%NA%NA%NA%NA%NA	10
1b29d419896877f99cc3a7fc6af6627975bf5897	NA%NA%NA%NA%NA%NA	10
18bc0c776f15f7e867ac7a3939f0b3b5284667c2	NA%NA%NA%NA%NA%NA	10
1b8b3f7812e92e488ff816834d41e657524b1a84	NA%NA%NA%NA%NA%NA	10
1b98ecc084cd0daa86ccc755652abd80cff7fe71	NA%NA%NA%NA%NA%NA	10
1ba8b8875b79fe37ebcd97a629eba8ddab6a0da8	NA%NA%NA%NA%NA%NA	10
1bc49ac9acf4d7bddc4de146799f2acf48c20eae	NA%NA%NA%NA%NA%NA	10
15be2ed7bf413ba216c4e80cc1d33baec0501e62	Oomycota%NA%NA%NA%NA%NA	10
154c5e5d42c1daea46252f80ee9bd9206d2fb8f6	NA%NA%NA%NA%NA%NA	10
1514b29c5de94b5164596102155638844419d107	Arthropoda%NA%NA%NA%NA%NA	10
54ae5c0770dc8aaa65649915a3f191303a1344af	NA%NA%NA%NA%NA%NA	10
55770139aadcc05b23d8fc5047971477e971b5c8	NA%NA%NA%NA%NA%NA	10
55695957015d5e86bdb68b492d955836ff1d577f	NA%NA%NA%NA%NA%NA	10
55c570602682ae1a93a1c620699d83fe83879bf6	NA%NA%NA%NA%NA%NA	10
5528f09b1d26ee6a9116b981ab95b5e2882ef680	NA%NA%NA%NA%NA%NA	10
562f141342643388fa1a16a157d088dd9e0a0e5f	Bacillariophyta%Coscinodiscophyceae%Stephanodiscales%Stephanodiscaceae%Cyclostephanos%NA	10
56b221f242ef0443906c3ee3c419b6ea32476d70	NA%NA%NA%NA%NA%NA	10
56ed6fee6a61be2268313854b952653f49ff098d	NA%NA%NA%NA%NA%NA	10
51ed2a7e95e89b7aa58bda820ae349ffd6f8a632	NA%NA%NA%NA%NA%NA	10
51f35159bc737fed90fc0159c0e7ddf6e22acc35	Arthropoda%Arachnida%Sarcoptiformes%NA%NA%NA	10
5177aee28558248f83996a8870b0c67d7d11bcb7	NA%Dinophyceae%NA%NA%NA%NA	10
51198da8cec6cda1f462a1fccbdb5b55966010a0	NA%NA%NA%NA%NA%NA	10
512b5ec91152e5e7863acc0cff32c6101a0b848f	NA%NA%NA%NA%NA%NA	10
51248ae15105fa64b89edcdd1d3e30267279ad3c	NA%NA%NA%NA%NA%NA	10
56ed1756464581f6b1008ae46750633a73f16d30	NA%NA%NA%NA%NA%NA	10
56be66103a93c235c6306c0562786186c0cd0aa7	NA%NA%NA%NA%NA%NA	10
56cbefe2e12331be0dd4b039217840d4c9af1ebb	NA%NA%NA%NA%NA%NA	10
578f0ecdf92487e81f31fb7b291d044ff4835806	NA%NA%NA%NA%NA%NA	10
501a85729de00624bc5851a5406120ed3ec0f6ba	NA%NA%NA%NA%NA%NA	10
57c9a62d084dc05a313005d2f498e4c06950e0a8	NA%NA%NA%NA%NA%NA	10
5236a05ced02c19aca840778034f6b3b01104d88	Arthropoda%Insecta%Ephemeroptera%Ephemerellidae%Serratella%Serratella ignita	1
521cfc36e917fa49a1abecafd55acfebf62a8623	NA%NA%NA%NA%NA%NA	10
50ea736f825dddfbb3b9f351e4d7b1b9add42cbc	Bacillariophyta%Bacillariophyceae%Naviculales%NA%NA%NA	10
5078d9e4af8eeeee00e17f62f78d203902c67ca5	NA%NA%NA%NA%NA%NA	10
5082794f9194bbb4138f64eead7a6fcfe3982e63	NA%NA%NA%NA%NA%NA	10
500c9acf8c25bc35843fe53d3e34f6c46e67a206	NA%NA%NA%NA%NA%NA	10
505117e3ea349de381f54f8ff67b1bfb546765e5	NA%NA%NA%NA%NA%NA	10
5264e16a54186b4308ffd12092e5db5d692237ee	NA%NA%NA%NA%NA%NA	10
5271e2cdb9af660f71779b720ece7c8385c29f4b	NA%Phaeophyceae%Fucales%Sargassaceae%Sargassum%Sargassum horneri	1
52786f6e0cc541bce8083f396c3149797b1a8391	NA%NA%NA%NA%NA%NA	10
530c87a35d2bd958025f77d50489cc8b60fc6fbc	NA%NA%NA%NA%NA%NA	10
533f3452aa292435595ded724fbd7e77a4be14ba	Arthropoda%Arachnida%Ixodida%Ixodidae%Ixodes%Ixodes ovatus	1
5396c18de627e5092061d329ad129d2460c60481	NA%NA%NA%NA%NA%NA	10
5e4310e87b79106cbd414689e3fa4c60936590cd	NA%NA%NA%NA%NA%NA	10
5c687530097134d366717e45cc616053b541ecae	NA%NA%NA%NA%NA%NA	10
5c714b1b9e934a9fb67750d375faebf38016106c	NA%NA%NA%NA%NA%NA	10
5cb6455271583e1cfc656ff0e28e7304322a07aa	Rhodophyta%Bangiophyceae%Bangiales%Bangiaceae%Porphyra%Porphyra capensis	1
5d0eba7c16f6d760e6dfb9470d0773d1253961a1	Arthropoda%Insecta%NA%NA%NA%NA	10
5d8762ea429322c73370f2ac119eff9db1eec4a3	NA%NA%NA%NA%NA%NA	10
5e706dbb4d2d0a9b2570f8c0833f9803b2d8481a	Bacillariophyta%Coscinodiscophyceae%Stephanodiscales%NA%NA%NA	10
5ea6565045d0b14fd8b483a4c117ba2c193ace69	NA%NA%NA%NA%NA%NA	10
5f01b59529c9172c726043ea090f31b7a1fa4867	NA%Phaeophyceae%Fucales%Sargassaceae%Ericaria%Ericaria amentacea	1
5f2eb35755d517e2d1d23512cb6554e8d0c1da3b	NA%NA%NA%NA%NA%NA	10
5f4506539d601c522bcc01db82e587313304f92d	NA%NA%NA%NA%NA%NA	10
5811dd62aaa003d84a1e26cd2740e862a2b4d7bc	NA%NA%NA%NA%NA%NA	10
5a2ead6dd5c9e4966b51a5f5b6c5840173cf5568	NA%NA%NA%NA%NA%NA	10
5a4af50801c855f194ddac01f4768a4d61ef870f	NA%NA%NA%NA%NA%NA	10
5a4f2f5f9f027f58e5f2668f21a0c3ef2a72537b	Arthropoda%NA%NA%NA%NA%NA	10
5a6196d38f72214022252b98cad3d32e939d97c0	NA%NA%NA%NA%NA%NA	10
5abac3a96c47a6250c250335767424ba1718c3bb	Mollusca%Bivalvia%Unionida%Unionidae%Monodontina%Monodontina cambodjensis	1
5abdc29ff8cb746c6007f4d10cd96f6ae893f936	NA%NA%NA%NA%NA%NA	10
58ca9c7bd5da0b4673a45ea12928a8e55750846f	NA%NA%NA%NA%NA%NA	10
586dc232cec5a0e2ea24374e1254b65298f68543	NA%NA%NA%NA%NA%NA	10
5848049bb495e2b69fed4c685904e6fb9fca5fb2	Bacillariophyta%Coscinodiscophyceae%Stephanodiscales%NA%NA%NA	10
58139d343b9c96eb6794d7903c7c47f161efdbb5	Cnidaria%Hydrozoa%Anthoathecata%Eudendriidae%Eudendrium%Eudendrium rameum	1
5bcb1489510fd80ffa4bf8ba519658712710edf1	Arthropoda%Arachnida%Araneae%Leptonetidae%Neoleptoneta%Neoleptoneta paraconcinna	1
594810473faf15004fa174bf493985a1a45a7e4c	NA%NA%NA%NA%NA%NA	10
59b15d01b6f41a3152da10703ac3d34f2887d1ae	NA%NA%NA%NA%NA%NA	10
5b43ac17894ca68123d67ac117680e7e6d0f905f	NA%NA%NA%NA%NA%NA	10
5bf3e527b5bc05bc85da01374872eae6533cdeea	NA%NA%NA%NA%NA%NA	10
60c2fa1e10855e78ea99b3dc1cf32f5e80f14932	NA%NA%NA%NA%NA%NA	10
607c415403aff18b988c70864aec57aced730754	NA%NA%NA%NA%NA%NA	10
6c4cb87a9ac901c4cff49396e940110d72d6f559	NA%NA%NA%NA%NA%NA	10
6eca5ee02ce375fc44621b2f0f7a06d270c13c1c	NA%NA%NA%NA%NA%NA	10
6e356aa55ba81602c81431c088b6bc8c4fbb350e	NA%NA%NA%NA%NA%NA	10
6e12843b68a9883f9ece3343f30ddebbaef64ad4	NA%NA%NA%NA%NA%NA	10
6c0c62737f8ec484e4adf8d4905f1e65d61b659d	NA%NA%NA%NA%NA%NA	10
6d168b4718687758980f98fdd9d234204fd733f9	NA%NA%NA%NA%NA%NA	10
6d19f29dff7997b743791451074fa08774076220	Arthropoda%NA%NA%NA%NA%NA	10
6acaf779c16cc07c3e4a4a4bdd33bb56e748caec	NA%NA%NA%NA%NA%NA	10
6a31f1bb5a2bb91cca1b0e1b3b85ad3876988d3f	NA%NA%NA%NA%NA%NA	10
820d765070e95b2231649c34c47f487e9a8e945f	NA%NA%NA%NA%NA%NA	10
80fc737610b9383eddfb6eff3f2cd6b75aa94e65	Bacillariophyta%Coscinodiscophyceae%Stephanodiscales%NA%NA%NA	10
6a5db0aecc3c7c7ee9ceab9dc853c4ed056325f4	NA%NA%NA%NA%NA%NA	10
80ea840e2ecfc3fbe52f05170667a0d785ab841a	NA%NA%NA%NA%NA%NA	10
80131f4bda8e1298703131f276266a7770652b56	NA%NA%NA%NA%NA%NA	10
802be9379712e25b17713a4d1b9ea6424a9e6d08	NA%NA%NA%NA%NA%NA	10
6fedfe92b2e3391c9c1a3dcd1ca57b7cd6f7f60b	Mollusca%Gastropoda%Littorinimorpha%Vermetidae%Dendropoma%Dendropoma gregarium	1
6fbab65cdd7986e5e1013b752bb9c14b4472d486	Oomycota%NA%NA%NA%NA%NA	10
6fb5a3f534c800021bd13acd9229ca0cd6bd5ccf	NA%NA%NA%NA%NA%NA	10
81321e60a1e62d1c8f459fb84b0a080873e5dfa1	NA%NA%NA%NA%NA%NA	10
814036c2a011316d643d85850290147d4cc95d4a	NA%NA%NA%NA%NA%NA	10
81e6354ece9c4dfce621654db7f24740452751cf	NA%NA%NA%NA%NA%NA	10
6f7b1101c26704779953bc2da52cbcba002b952d	Chordata%Mammalia%Artiodactyla%Phocoenidae%Neophocaena%Neophocaena phocaenoides	1
64d90c5fa746a87fad5514e938ddd2fa621e3e93	NA%NA%NA%NA%NA%NA	10
669deb9b165b3ca6bdd51828a54f8ce4ea5b0f97	NA%NA%NA%NA%NA%NA	10
6322e0f69557b4d9fcb93094f21422f1aab7ce18	NA%NA%NA%NA%NA%NA	10
633fbdbfb7a6fa0f1c8155fe51bcee0c1ef3a07d	NA%NA%NA%NA%NA%NA	10
63dedea641a3036c4a6293d44ec6d137d73af6ea	Bacillariophyta%Coscinodiscophyceae%Stephanodiscales%Stephanodiscaceae%Cyclostephanos%Cyclostephanos invisitatus	2
665000b64800a69414ccdacfff4b2c6db3a2b44f	NA%NA%NA%NA%NA%NA	10
6632ad587a0178c414ff2fdcb259e3d6ab7666bf	NA%NA%NA%NA%NA%NA	10
64cc9d4d266283030df7affa49f966bed53247a0	Arthropoda%Insecta%NA%NA%NA%NA	10
654f0907b8410aef4ed8da6e150792a4a61642ee	NA%NA%NA%NA%NA%NA	10
65bbb0575ff48fbfdd000df9859f39bd9e79f344	Arthropoda%NA%NA%NA%NA%NA	10
661a3d3140191971da9b9da1c453fc5786ba2909	NA%NA%NA%NA%NA%NA	10
64a67e4665381a2e6567e0270ff3fc44b3215ee1	NA%NA%NA%NA%NA%NA	10
62cef27f8617550e05eda5677d1bcd9acb9c66b4	NA%NA%NA%NA%NA%NA	10
625ab103a97a54c7ab1a24f496d82b15c6f93e97	NA%NA%NA%NA%NA%NA	10
6bda0266eebb418ab5cc2e5eebee5d5d89285133	Ascomycota%Leotiomycetes%Helotiales%NA%NA%NA	10
694954927f3e4f6042594272102562725d63861a	NA%NA%NA%NA%NA%NA	10
6a6219d4c386b2f2d908ddeab3b55387c7cf8543	NA%NA%NA%NA%NA%NA	10
6937f4708e65817bc6acdb0af33245b7fe91d4a3	Arthropoda%NA%NA%NA%NA%NA	10
6bd57b806dde5e5379e380b284185cc73dfe6e23	NA%NA%NA%NA%NA%NA	10
67cae94a50730ce1493b2f110d8035e3fd274fe0	NA%NA%NA%NA%NA%NA	10
68b286a96084f842bb131cfb90047ee3fbc38c3e	Arthropoda%Arachnida%Sarcoptiformes%Proctophyllodidae%Proctophyllodes%Proctophyllodes vitzthumi	1
68813c2111c23f6b52d4f83250a76cdd30feb07d	NA%NA%NA%NA%NA%NA	10
684a3170733bb9ef81cc281d2a23bcf9fa543ec0	NA%NA%NA%NA%NA%NA	10
68199eb5e1e01fe084fbe3617d9ecaf5f07cfaf6	NA%Phaeophyceae%Sphacelariales%Sphacelariaceae%Chaetopteris%Chaetopteris plumosa	1
66ae871753aceaef6ce726ba210ad1db34714e31	NA%NA%NA%NA%NA%NA	10
66b9ef5c7ce9df333d8d251141b693ec9edbeaac	NA%NA%NA%NA%NA%NA	10
4a221275fda34f992bf8977b59d8889927af3f24	NA%NA%NA%NA%NA%NA	10
47ec5a30591c80a63e58d7a424003b4f70233e15	Oomycota%NA%NA%NA%NA%NA	10
47b9e2414221ab0d2135e7885a38777f37d5fa77	NA%NA%NA%NA%NA%NA	10
47cf42fbb3f15fb3c1a4a55b49ed43e80dfcb555	Arthropoda%NA%NA%NA%NA%NA	10
479311d98756772c16486d3623fa48eec6386ef4	NA%NA%NA%NA%NA%NA	10
477afcf1268b691cc5e380ab14d07a634e5bbfb9	NA%NA%NA%NA%NA%NA	10
48abebe2c47a5ebecfdbc4f464f00eab32ecb09a	Ascomycota%Leotiomycetes%Thelebolales%NA%NA%NA	10
48b6d3b210571a67df47ed07fe628aafccc17c7c	NA%NA%NA%NA%NA%NA	10
48e49134aad80a69f9af7986f7dcd9d775f8008b	NA%NA%NA%NA%NA%NA	10
4869541b9ee1ed6ae75127e9488c06da50b0567c	NA%NA%NA%NA%NA%NA	10
4a414e7ae3bbf9280f2828423f5c958256cf4ae7	Oomycota%NA%Pythiales%Pythiaceae%Pythium%Pythium angustatum	1
4a9557f657aaad1df7d3dfa28545a551a536f3f5	NA%NA%NA%NA%NA%NA	10
4aa18987d5be5eba8e0158a9c344e193d0d3e647	NA%NA%NA%NA%NA%NA	10
4b0e74b01439d9b3d5a68a18f140ba12688fe6dc	NA%NA%NA%NA%NA%NA	10
4b25a2795a131bba4fdee50cc9e1b4ea8de51439	NA%NA%NA%NA%NA%NA	10
4b3161fb37ad814bd54a88e51dd1349bd03c3aee	NA%NA%NA%NA%NA%NA	10
4b7fb4f4e077d064741b7a58e1162c98becf0646	NA%NA%NA%NA%NA%NA	10
4416af174c8c6449e09f6253f255f97d593e5fa8	Bacillariophyta%Coscinodiscophyceae%Melosirales%Melosiraceae%Melosira%Melosira varians	2
45576f989d59d162ac388f80742ee769e9ccf6b3	NA%NA%NA%NA%NA%NA	10
45e7898ccdefe8e6d1c07973fd4fc2493d84db76	Ascomycota%Sordariomycetes%Hypocreales%Nectriaceae%Macroconia%NA	10
45ef189ab82730768507f5820f9f1fd0feb594b6	Nemertea%Palaeonemertea%Tubulaniformes%Tubulanidae%Tubulanus%Tubulanus linearis	1
60855fd0f3f55be09fb6aba6f815041d8b118efc	NA%NA%NA%NA%NA%NA	10
4625f29a6f5f073bdd4debf20339e83a2bf0396b	NA%NA%NA%NA%NA%NA	10
464574eedeeecf250a5e0e2c91a07fb17d37833a	NA%NA%NA%NA%NA%NA	10
49e2bd69c9657a4e689f282a34997169588a8f55	NA%NA%NA%NA%NA%NA	10
49a125d06e4f3e17ddbbfa50c917f7766ce7144e	NA%NA%NA%NA%NA%NA	10
46b9ee39f0abff1fd996158f5b2e3370e206246c	NA%NA%NA%NA%NA%NA	10
480216f35505a4f060e12dd853423b2efaff3d73	NA%NA%NA%NA%NA%NA	10
483922b7e2619a4ad327e91c245f2ee4214e7643	NA%NA%NA%NA%NA%NA	10
60807f1181f8a1cd17b5d5c4ff0a21cb506fc619	Nematoda%Chromadorea%Rhabditida%Strongyloididae%Strongyloides%Strongyloides stercoralis	1
60681f7a872fc7ce89e1719bd71f893547e41fef	Arthropoda%Insecta%Lepidoptera%NA%NA%NA	10
611935255704a9e75d10f464551afeb84ff4bf46	Annelida%Clitellata%Crassiclitellata%NA%NA%NA	10
6132aeb893b2c62427ec3ae7b027d32aa73d6dc9	NA%NA%NA%NA%NA%NA	10
617284ad89fd71b57480db531ded4836aa9c18a5	NA%NA%NA%NA%NA%NA	10
61e538ee6d01d6a32f2fabc14aa0d1b65157378d	NA%NA%NA%NA%NA%NA	10
71107d95437b2b78c8f64295bf55d9867cd21336	NA%NA%NA%NA%NA%NA	10
715c0af460047b2290c89b3f238b77720197f9b1	Porifera%Demospongiae%Tetractinellida%Geodiidae%Geodia%Geodia gibberosa	1
7621af4de14b3e18e5800c266b44c4837bded050	Arthropoda%Insecta%NA%NA%NA%NA	10
75f32ab9807b97dfb2c8d9c53d64ae2d45e2cea6	NA%NA%NA%NA%NA%NA	10
7826f904fee69d3157ca5107ecf511fe0d0c9c0f	NA%NA%NA%NA%NA%NA	10
7884da80cdebeaae2ccc0b6eae1243d5bddd1ec3	NA%NA%NA%NA%NA%NA	10
767a0cbddf918ff25227cf0da085180901f5e940	NA%Phaeophyceae%Ectocarpales%Chordariaceae%NA%NA	7
760826de88b7620f9e482abc7d00d4acdba4e912	Arthropoda%Insecta%Hemiptera%Cicadidae%Tettigettalna%NA	3
770e89829e4455a3610423e424eb848cc6f45bc2	NA%NA%NA%NA%NA%NA	10
776e283d6bfbd0134205c4601305e46052651f64	NA%NA%NA%NA%NA%NA	10
778412b8b3dcd7401cdb2d437de868b4f9bbbe87	NA%NA%NA%NA%NA%NA	10
74ce206ef4ad429e328076150e67948fef53c1ca	NA%NA%NA%NA%NA%NA	10
79196ef255b08a8b6ab20832e0b6645a0e1e624e	NA%NA%NA%NA%NA%NA	10
7a538b552dd53dd44842c05e596cb1087fbf5573	NA%NA%NA%NA%NA%NA	10
7a3a8d9e40f79abc81523358501fb7c75db30b5c	NA%NA%NA%NA%NA%NA	10
7c5551c05a6246afcc6be450e405b356edc37f98	NA%NA%NA%NA%NA%NA	10
7c8ac4efa7907215b0824f819952ad2375c3adef	NA%NA%NA%NA%NA%NA	10
7c4029eb905bead37dfd3a8348684f3aeddaf408	Cnidaria%Anthozoa%Actiniaria%Hormathiidae%NA%NA	9
7c58dc4a9e2434f95d7ff9943d9508b062278334	NA%NA%NA%NA%NA%NA	10
79b69aaa9c63e3e35ff124e44fd832a077dd32b6	NA%NA%NA%NA%NA%NA	10
792e46ac566067d07f28e4fda685db753c85f22e	NA%NA%NA%NA%NA%NA	10
79a3af98f46fee39ccb398292bc000c7b830a381	NA%NA%NA%NA%NA%NA	10
7dd64ef968b17e9713d100257a5dbc961bf9e13b	NA%NA%NA%NA%NA%NA	10
70102d469cb5d854f4a00acd6ee408e8c5ccdaea	Bacillariophyta%Coscinodiscophyceae%Stephanodiscales%Stephanodiscaceae%Cyclostephanos%NA	10
70102813f89bb6dd425c2bae107c132d76a152bb	NA%NA%NA%NA%NA%NA	10
7d6b22d5278df5ee522c9e49301dab9decd32ea7	NA%NA%NA%NA%NA%NA	10
7d7105d7cf2d67797165e5f8f16cb7ba1c7060b7	Bacillariophyta%Bacillariophyceae%Bacillariales%NA%NA%NA	10
7f9962e89492e490c5a76f0f36b4d52df161dd89	NA%NA%NA%NA%NA%NA	10
7fd33b7130a6ffca4c9b7f5e1b99d246836ad939	Oomycota%NA%Peronosporales%Peronosporaceae%NA%NA	7
7fe508772ee0b856b616ab1fb7b35a55571d2e16	Oomycota%NA%NA%NA%NA%NA	10
7fe86a0b8f624c33d3d067e46a3b8a9cdb68daed	NA%NA%NA%NA%NA%NA	10
7e4991f214d204399215468388fb3744d5e16353	Chlorophyta%Chlorophyceae%Chlamydomonadales%Volvocaceae%Volvox%Volvox carteri	1
72cd99ddf128ece27db4bec9b9ae5ff26eab9a8d	NA%NA%NA%NA%NA%NA	10
72c6fc1aeb40eab63570852f812a6a61e30f4973	NA%Phaeophyceae%Ectocarpales%Scytosiphonaceae%NA%NA	7
72a6c3888d98dc48d7ee54536cd65b9f4e51df3b	NA%NA%NA%NA%NA%NA	10
72a447f1acadaa63ea342dd221e1d882a0c82708	NA%NA%NA%NA%NA%NA	10
7266f3bd80246ccf347f4ded0cac878c32787a64	Cnidaria%Hydrozoa%Leptothecata%Obeliidae%Laomedea%Laomedea calceolifera	1
73f0490c126b86cb49255af8dc934f815d091674	NA%NA%NA%NA%NA%NA	10
7edf31f93cd189674baccc9f68eb5a9dd2ca2366	NA%NA%NA%NA%NA%NA	10
7eee76229f9178ad090ffccc5cefa2e569b8880f	Arthropoda%Insecta%Lepidoptera%Geometridae%Phaselia%Phaselia algiricaria	1
703a1ae0ab57ad24c439d5a4ba0ddd2a3c54edf6	Arthropoda%NA%NA%NA%NA%NA	10
7e04021e43ca96d56ac40154d87348001cc444c9	Ascomycota%NA%NA%NA%NA%NA	10
721cae48c1b627e698824aaf491225ace3e2eae9	NA%NA%NA%NA%NA%NA	10
70833706e64a878b27d02e4081344c94d04d8607	NA%NA%NA%NA%NA%NA	10
709a28434a7f751b5bdf1e8e952b96b00e3efa47	NA%NA%NA%NA%NA%NA	10
70425fd789419c86326e4dadb162c6e6125cf2b4	NA%NA%NA%NA%NA%NA	10
4bce333d95e7993b1024f50dcbc9fb199b32374d	Oomycota%NA%NA%NA%NA%NA	10
4be8917346de1f788d2541879d80ce17186edd24	NA%NA%NA%NA%NA%NA	10
4be9061f9d22f3e2593137131a12e8a748da06de	NA%NA%NA%NA%NA%NA	10
4bed29a6b0706c88b55a4ceb65e91bc87ccc2e9a	NA%NA%NA%NA%NA%NA	10
4ca3c127ba5157b85869485142f22bb6d27648a5	NA%NA%NA%NA%NA%NA	10
4c43c1b23668759b128e8a3d4591b357d7bcb22f	NA%NA%NA%NA%NA%NA	10
4d744f9ef13a075b92c7bd98922e130036cd87ab	NA%NA%NA%NA%NA%NA	10
4d0c70bd9a659d08c943f848f51d9d00ca888ba7	NA%NA%NA%NA%NA%NA	10
4d1e31e7adf5881a35818d39b5e833c1b9e2e254	NA%NA%NA%NA%NA%NA	10
4d24f4550997e2281a2d8e02d3edc6658fec95d3	NA%NA%NA%NA%NA%NA	10
4d60df2461ae2c3b353b7d017503c02115fe4c13	Bacillariophyta%Coscinodiscophyceae%Stephanodiscales%NA%NA%NA	10
4d893d2d8480a97771cce3a9fb4e113709992e2c	NA%NA%NA%NA%NA%NA	10
4da40df27093751603fa670aea267d288f7a3c50	NA%NA%NA%NA%NA%NA	10
4dad503e51b5c89014776f291f216d7dc29f4f6b	Arthropoda%Arachnida%Mesostigmata%Laelapidae%Hypoaspis%Hypoaspis sp. BOLD:AAM8006	1
4ed382169dd40cfdee4af5256cc5fbe3c9288ab1	NA%NA%NA%NA%NA%NA	10
4efe4c92c7c9fd7563fea5d4477392094e52f831	Bacillariophyta%Coscinodiscophyceae%Melosirales%Melosiraceae%Melosira%Melosira varians	2
4e156e176a3a3843b3612154b89bb014ef06ee29	NA%NA%NA%NA%NA%NA	10
4fc776712f3862c9a2ed77277f483400eb272f3f	Arthropoda%Insecta%Coleoptera%Chrysomelidae%Cassida%Cassida denticollis	1
4f017157ba42da8b490665436a1fb76574a9bafd	Oomycota%NA%NA%NA%NA%NA	10
4f0d4fb12df1dcad01a77008ad30b08d1326324f	Oomycota%NA%NA%NA%NA%NA	10
4f496474c794acbd243e77c7df5a995dd7a778e1	NA%NA%NA%NA%NA%NA	10
4f6795240485e9b263c7008a261e23ba993c1de9	NA%NA%NA%NA%NA%NA	10
f5bc2484d604e3497d87d04a1d9d6bc0b8d381a6	NA%NA%NA%NA%NA%NA	10
46923619c4f63f84dd38a529299a65e981fba664	Arthropoda%Arachnida%Sarcoptiformes%Proctophyllodidae%NA%NA	7
7418b322c134b237ab862e0fc838adb847d9505a	NA%NA%NA%NA%NA%NA	10
d6ef921a907aeb3a1dc0625b15f7f529a778be4f	NA%NA%NA%NA%NA%NA	10
745f9fe63694eda5f2769c8fe1c26111a489669a	NA%NA%NA%NA%NA%NA	10
0c193ab7cc88cfbe2ba79b6f51d98805dd2d102c	NA%NA%NA%NA%NA%NA	10
71ef8e47b69aa46b5c748487514881c3303331eb	NA%NA%NA%NA%NA%NA	10
64f964e8d1308140e2dccc44b7022bbae8e26404	NA%NA%NA%NA%NA%NA	10
4766a5d3c8c68a758c49f740a951b1ba2f55b913	NA%NA%NA%NA%NA%NA	10
48a380a179a01c62c3575dd6af17f8aeeb236378	NA%NA%NA%NA%NA%NA	10
5e3bf014e754523bd9115a7dadf0a10c140c5d8f	NA%NA%NA%NA%NA%NA	10
7bbe64fe46981180b5bd39619fb3d4b3472b9f23	Chordata%Mammalia%Primates%NA%NA%NA	10
8cfad0a95278cab7c44be6f55080d2b4925e76d4	Arthropoda%Hexanauplia%Calanoida%NA%NA%NA	10
a83f9a108feca1cd5dbcd7631b58c876b50e248d	Ascomycota%Sordariomycetes%Hypocreales%NA%NA%NA	10
8a04ec24820992e18c88b514302a601784759830	NA%NA%NA%NA%NA%NA	10
c6e630e80bea7573c60026b9623ce16bb1851f20	NA%NA%NA%NA%NA%NA	10
0d101a9ba88087c162632dfc91af6cf03cea317f	NA%NA%NA%NA%NA%NA	10
2730bdac475e3166561d3046bbebb3c47ce774f7	NA%NA%NA%NA%NA%NA	10
0a05897b3d201e5d20b10becd592b87436bbbd10	NA%NA%NA%NA%NA%NA	10
75ccf2741ebab63d9afaa870c7414a96336a8ccd	Cnidaria%NA%NA%NA%NA%NA	10
7077c3cbd4a5d20a86467d7e86820b8382b2683f	NA%NA%NA%NA%NA%NA	10
c0e8e3cb64ec3c41269041c3fe9a8b6e004271e6	NA%NA%NA%NA%NA%NA	10
cb3fa482b145d5cc4cde40483110e464785f2f3f	Arthropoda%Insecta%Hymenoptera%Agaonidae%Ceratosolen%Ceratosolen bisulcatus	1
d335ad8cacd6c5520ab66947795b0efa3d754e61	Bacillariophyta%Bacillariophyceae%Naviculales%NA%NA%NA	10
e3cb07223271142bdcce3ccd3197b6eabddd4df9	NA%NA%NA%NA%NA%NA	10
9806d7ee1079e9ffc4a5fc2267663dc4b5b48774	NA%NA%NA%NA%NA%NA	10
94df5efc5561403ed7681829249b0b33218f34e2	NA%NA%NA%NA%NA%NA	10
039c929ff5ea845bed691a7e7afaee02b6b06530	NA%NA%NA%NA%NA%NA	10
73f92d63ea8822c7b5430294b66a4d1b4bf79cb4	NA%NA%NA%NA%NA%NA	10
1630a82b5405e844a92d0c17f856d3259f0745b1	NA%NA%NA%NA%NA%NA	10
2df675bfa624472d823ba0b8928c7dcb67f6be2b	Ascomycota%Sordariomycetes%Hypocreales%Nectriaceae%Fusarium%Fusarium decemcellulare	1
35d190b4405b6f0687c34f57542f3adb57fe9ce0	NA%NA%NA%NA%NA%NA	10
36e72523b19bbf45acd88e5399822cb961092f3d	NA%NA%NA%NA%NA%NA	10
4bc219c86275d843c074319a76b8ea0435a26715	Ascomycota%Eurotiomycetes%Eurotiales%Aspergillaceae%Penicillium%Penicillium waksmanii	1
4d12656b6ec7b9c9e1a74b12d13f6a3a16ecfd6b	NA%NA%NA%NA%NA%NA	10
694736ee24a026546aa1894a2012745297b37474	NA%NA%NA%NA%NA%NA	10
43cd035e1b0d40a3f290dec89fff3705b641de2d	NA%NA%NA%NA%NA%NA	10
653466d28caeb4113ca6cafaa053fac3ce339730	NA%NA%NA%NA%NA%NA	10
ac3aab9a233af73c73a73abfffc0e24f999163bc	NA%NA%NA%NA%NA%NA	10
b6efd7e96da52978bc13d0da8c77dd245725d8e0	NA%NA%NA%NA%NA%NA	10
b9c46aa410c8964a31e26f66e767176ca3e67e4a	NA%NA%NA%NA%NA%NA	10
ba663fab2e4c1fb388ef4677ac0a4b270aadb315	NA%NA%NA%NA%NA%NA	10
bc442b104697e12ee724026524cb87d7d7efe8f6	NA%NA%NA%NA%NA%NA	10
c07a0c4b317749fcc30a58b9461a89083e1848a2	NA%NA%NA%NA%NA%NA	10
8e11b435f641d7c6b2c70c1e8d7f963a88c4a550	NA%NA%NA%NA%NA%NA	10
8c7b849868ca6a19f95aae688cee0516c831e705	NA%NA%NA%NA%NA%NA	10
81e7a2940c638aa2e84bf60a222a377e837a9761	NA%NA%NA%NA%NA%NA	10
9bb8acaadae2be4ac7adefa3127be32ef941014f	NA%NA%NA%NA%NA%NA	10
93812bd892dee123f94a8105f04152bb0bbe0eb5	NA%NA%NA%NA%NA%NA	10
9323815e4ec40cfc4f55a00f2ec5c065b1171c18	NA%NA%NA%NA%NA%NA	10
917e207954996164ecdd168cb2550080cdffc61f	NA%NA%NA%NA%NA%NA	10
f1517b7beb8913ce429cd6041475ed5c33f31ef7	NA%NA%NA%NA%NA%NA	10
fe6bdd8e3d597d9c09ae9cdd3bd079cc9183f5ad	NA%NA%NA%NA%NA%NA	10
7d080677c15aa915c9c2a80fb16f1125c168085f	NA%NA%NA%NA%NA%NA	10
e16309dd4f57dd69f836f0a2ff4873ce510315ac	Oomycota%NA%NA%NA%NA%NA	10
e449ba2ba375347717688f94f02f45cfe06e729e	Chordata%Actinopteri%Cichliformes%Cichlidae%Cribroheros%Cribroheros longimanus	1
7a0d4665c05e7a49c4717faad2125203cdc5c228	NA%NA%NA%NA%NA%NA	10
799611f4b1f2e2a373380d689f8cb60289504e44	NA%NA%NA%NA%NA%NA	10
72446dd64792ec7e80fb07ff809c3047bef8fedc	NA%NA%NA%NA%NA%NA	10
70386042235fc28e9aa9af915ffe98447aaf41d4	NA%NA%NA%NA%NA%NA	10
ff4cf66420c2978599bc2a69eb83a0b5b0ff2978	NA%NA%NA%NA%NA%NA	10
fb3386f2ac2c9eac92a0328bce4802ceeda46c96	NA%NA%NA%NA%NA%NA	10
fc7c8d62639e38f8019036d7340bccb2eb089ad5	NA%NA%NA%NA%NA%NA	10
fc495ccd925eac04c0a5485aa0f72c14f62f9762	NA%NA%NA%NA%NA%NA	10
f65c362d52d191c5662be5192eabcbb3a6b85fee	NA%NA%NA%NA%NA%NA	10
cd62388aa819b43e1840c9ea9a8dd5c84e5649b4	NA%NA%NA%NA%NA%NA	10
ce8f740292fc8112393d97682541cce5d4618070	NA%NA%NA%NA%NA%NA	10
2f598144f2a221c08bbf90cce77bfa0b6f79a1d0	NA%NA%NA%NA%NA%NA	10
20421c0784d34ccc6df8895cc7aff71ae4b11111	NA%NA%NA%NA%NA%NA	10
31969b1a042d94f2af99aecc4661b08a919869b8	NA%NA%NA%NA%NA%NA	10
30df7b07d9f761a2d012d0ba8e4f3a6fb10b2d8d	NA%NA%NA%NA%NA%NA	10
0b78f21b743baa6f0b370f1338f9f4b8a8a43803	NA%NA%NA%NA%NA%NA	10
06971cb3bb24cc6a785eca022e550198d24c4a81	NA%NA%NA%NA%NA%NA	10
07a7cab4ebc6fd897640f0ee435767ee60cca192	NA%NA%NA%NA%NA%NA	10
1ada05cc9f1a09984ed1174b26512227e86956d7	NA%NA%NA%NA%NA%NA	10
16606bdbf77facfc0b70aac18c96b31bf9dfcc26	NA%NA%NA%NA%NA%NA	10
120d4d5840b0cd0d8c91b66bcfe171b06c49a5d8	NA%NA%NA%NA%NA%NA	10
136bc6ea542614624a2ed14f1c15619c481c8e42	NA%NA%NA%NA%NA%NA	10
33442bb1d25bfe860cf764befb2a20fd28c391b1	Arthropoda%Hexanauplia%Calanoida%NA%NA%NA	10
5b0f539d28010a198703e41d351c58fd7bc3e433	NA%NA%NA%NA%NA%NA	10
596f09deb110647eb40f3ff446f00d5a304e03cc	NA%NA%NA%NA%NA%NA	10
594ec9a17aa9826ea162e8c24cbca2cdfab7de0f	Oomycota%NA%NA%NA%NA%NA	10
55b7a18aa6c52651c5af0795ef94d767f244a6ee	NA%NA%NA%NA%NA%NA	10
3e435d589d334ee075be50410ca70b713bf643e4	Arthropoda%Malacostraca%Isopoda%Cymothoidae%Livoneca%Livoneca redmanii	1
3a16dcd0afaaf221b8da629132e4b127611f03db	NA%NA%NA%NA%NA%NA	10
3bde40a351581d8823b043524b635fed4376ae64	NA%NA%NA%NA%NA%NA	10
39520736411e775e58067ad6df00e31ee95d92c6	NA%NA%NA%NA%NA%NA	10
46606c78c1187873488d4c2cc9a541dded27271e	NA%NA%NA%NA%NA%NA	10
4265b94d72be1e932b9d07b0e5ccc214df760e99	NA%NA%NA%NA%NA%NA	10
1d66c460eb3d3aa78b73aee8659b90484f9c14e9	NA%NA%NA%NA%NA%NA	10
f5bbce56e427c25f46f4be8ac471cba88818b336	NA%NA%NA%NA%NA%NA	10
10fa42d8269987a4804e761e5479cfa1ff45859a	NA%NA%NA%NA%NA%NA	10
25842717a15367e4f8309c600e8f259766c565e1	NA%NA%NA%NA%NA%NA	10
c869587ec04d552e5e45598619da9af8c9b1c150	NA%NA%NA%NA%NA%NA	10
e36be6d62377da127c2ae23e857e8ff9a6256b54	NA%NA%NA%NA%NA%NA	10
67beb4da2948bf476d7f852841084e46a38c3fd9	Bacillariophyta%Bacillariophyceae%Naviculales%NA%NA%NA	10
61f1eb4b1353f6201a44410168935a712bcd2409	NA%NA%NA%NA%NA%NA	10
ac7ade8071ad8590d825ccf720335c3f0ac12417	Bacillariophyta%Bacillariophyceae%Naviculales%NA%NA%NA	10
ad9404c7e51601b3ff7067e17f69ef99e7508f07	NA%NA%NA%NA%NA%NA	10
c361e3516cc3841c06c03a0f96802b43b2d17cbd	NA%NA%NA%NA%NA%NA	10
514cdff16a5451c09b8a1d9262a9e4aba9c9b051	NA%NA%NA%NA%NA%NA	10
709b4a2b59d0eeab780cd25f40d674a26f256e46	NA%NA%NA%NA%NA%NA	10
a942c4351506207c85f80bc8e81eac96db8b564e	NA%NA%NA%NA%NA%NA	10
c503c6b71802930ebce71d7175f9ea8adedac0ad	NA%NA%NA%NA%NA%NA	10
fb485456f7a9eae793a5e80bb6555e433bb87e33	NA%NA%NA%NA%NA%NA	10
c1911c89823789ba1d3447d6a23e3be031658658	Discosea%NA%Himatismenida%NA%NA%NA	10
fdc84b38b579fa829f41b37dc32487752b190b75	NA%NA%NA%NA%NA%NA	10
137f723b92bee2295de317228466664e812d477d	NA%NA%NA%NA%NA%NA	10
73a76874c1400774d5c4dde76ed92764d7521c96	NA%NA%NA%NA%NA%NA	10
8d6f426b7cfa315e118abc1769cc527775c7c36b	Streptophyta%Magnoliopsida%Lamiales%Plantaginaceae%Plantago%NA	3
31b1eda58eb8d5c135146df205037cfe667f4fb1	NA%NA%NA%NA%NA%NA	10
e864f10017a429d22b05fd81095bcd3408b5cbc5	NA%NA%NA%NA%NA%NA	10
25f098597658830e65d233c12fca001172795877	NA%NA%NA%NA%NA%NA	10
27c4d726d96e2880572a09c39e5f87351d1e92a5	NA%NA%NA%NA%NA%NA	10
925ca2c1b704d8d2da2a0cc41b2130d0a1bc5b6e	NA%NA%NA%NA%NA%NA	10
a23c3e739fff48eda5b58dac63dfbf5dd22e9846	NA%NA%NA%NA%NA%NA	10
6c2dd466c7c094d168b894b59a69fab2546b7ce0	NA%NA%NA%NA%NA%NA	10
c948d6dd0d05e7832d90a282e20ad414ceaf98ec	NA%NA%NA%NA%NA%NA	10
254377cd719d413315b60fd3bad880058cbe5acf	NA%NA%NA%NA%NA%NA	10
75f6c0ea71e75e73d2de446f5b081abc19ebe1c6	NA%NA%NA%NA%NA%NA	10
797410464ffc95ea55b732ab2ab4308e7d14cfc9	NA%NA%NA%NA%NA%NA	10
5e08160636e3f51d3a496a738943f3d742842c6b	NA%NA%NA%NA%NA%NA	10
c4f60384bc797d0b18be43102a78832158d86770	NA%NA%NA%NA%NA%NA	10
cf7fa59523ba304b837cc204b7df2cab7875ae6a	NA%NA%NA%NA%NA%NA	10
400af24aa5d3933c454646f8ee68909e393bf8fb	Rotifera%Eurotatoria%Ploima%Lecanidae%Lecane%Lecane crepida	2
d1f4bf847faefa74009ad2ba9449c5ddef535ed0	NA%NA%NA%NA%NA%NA	10
df1fa71d08fe1382616fb398d55fec3724b3cf05	NA%NA%NA%NA%NA%NA	10
20cf920b465e0d7a958ed4849c03e17049117b70	NA%NA%NA%NA%NA%NA	10
9b25e504e6f5e66db6e0be7bac60a0b27f83d0b0	NA%NA%NA%NA%NA%NA	10
7dae50b503c46b66a01023509480a3326aad38dc	NA%NA%NA%NA%NA%NA	10
cba0838c00bbc5e628a3e38f371ce2b5fcd69705	NA%NA%NA%NA%NA%NA	10
9398168ba3d003476fcc293f875e0a1ff09d47c3	NA%NA%NA%NA%NA%NA	10
b15a37b07bbe07655165b4771fff4c1de73566ec	Bacillariophyta%Bacillariophyceae%Naviculales%Naviculaceae%Navicula%Navicula cryptocephala	1
fcc4a3e96eb08538a7b94624f2362c19a4890aa0	NA%NA%NA%NA%NA%NA	10
7bf1cc5ca03508603af25ce6f39b72ac41f1d208	Arthropoda%NA%NA%NA%NA%NA	10
08d59906ad0eeec9d70afe813637419cec8a531f	NA%NA%NA%NA%NA%NA	10
49e4f3661cb27ee90e86932994ff106dbce6d8eb	NA%NA%NA%NA%NA%NA	10
45c72b071cbd2d6ac868571a62993f4c37b58087	NA%NA%NA%NA%NA%NA	10
9f8ef25e169cd21d0fe41b51a3268aeb49b22e75	NA%NA%NA%NA%NA%NA	10
1081a059a3be895e001bd5be30a78f96f44e2205	NA%NA%NA%NA%NA%NA	10
77d2f0cebc4793bc3a0f98c6a2328e15b5785b70	Discosea%NA%Himatismenida%NA%NA%NA	10
3e628cbf6328d4861f264431ab2ea13f00c957d7	Discosea%NA%Himatismenida%NA%NA%NA	10
96ebb53eb01b3b5e7a3dd35ddb6c3a0803be4312	NA%NA%NA%NA%NA%NA	10
7fb0528f49d4efb8ba94d2e02b41e55a829ef211	NA%NA%NA%NA%NA%NA	10
fdf0e4e02b9c8de2c446d1bfbdc9172c749405df	Arthropoda%NA%NA%NA%NA%NA	10
69cce70a68337324b061f32728a6cf1fec58b4a1	NA%NA%NA%NA%NA%NA	10
4df947d67e3e9594112bf5157c7b3d02736bc336	NA%NA%NA%NA%NA%NA	10
17a26415bfcbae74f1894a66414f43b6bf4e1c7d	NA%NA%NA%NA%NA%NA	10
caf5eaf5a9c9b3f12e5000e955986894aa72d662	NA%NA%NA%NA%NA%NA	10
24a8842a6e3be87d2c7736d4dec1ea59d915e8c9	NA%NA%NA%NA%NA%NA	10
b62f9f28a595df00591902122da666fb8d280da9	NA%NA%NA%NA%NA%NA	10
2a37685a8daac1f128a53fcf218c3bda3920d885	NA%NA%NA%NA%NA%NA	10
a90e6e97d62e5c6bf94bdde6eeff496d7fde2751	Arthropoda%NA%NA%NA%NA%NA	10
cd2f5c7932da8d8392a6b12a752805cccc8ccdac	NA%NA%NA%NA%NA%NA	10
bbfa244f7f8819aa9f687ceb3b0bdc6a27c14732	NA%NA%NA%NA%NA%NA	10
7cad25635905c233891fd35cb05afd96a4f767db	Oomycota%NA%NA%NA%NA%NA	10
1ba33caeaf624975ba49ee19dcb4979fc1dcfb4d	NA%NA%NA%NA%NA%NA	10
40da473b4147b9b94e4842df395df810d42aa9bc	NA%NA%NA%NA%NA%NA	10
7f2a6e44d610b03b4bc9a3cf83e42df27105b226	NA%NA%NA%NA%NA%NA	10
9a0a77db4d91437f76e9fae2b862dcdcb59a058d	NA%NA%NA%NA%NA%NA	10
d82dfb1cfa9c97a1188291bc2f63bdff8a5bdea4	NA%NA%NA%NA%NA%NA	10
7102f24363456674e4c58ccec5e7ea08f1d74510	NA%NA%NA%NA%NA%NA	10
f8d3945a29f3d3f2ffeb8037bc52edd78b4efe30	NA%NA%NA%NA%NA%NA	10
fe63d7b43956bc37174eae658d4d856fcf973380	NA%NA%NA%NA%NA%NA	10
f745395b11838c5844771f5db8be726e9ccdb717	Mollusca%Gastropoda%Nudibranchia%Tritoniidae%Tritonia%Tritonia tetraquetra	1
2194d1b2365b824cf84e7c431d474e584bbf5c25	NA%NA%NA%NA%NA%NA	10
202039281a736207444f3e226defc892c1230688	NA%NA%NA%NA%NA%NA	10
c94b42910911eccc228d1257a463a667a0bbb0a2	NA%NA%NA%NA%NA%NA	10
7a9fc2997547c01b45656d2a72736be0cb878b68	NA%NA%NA%NA%NA%NA	10
5f7e40dc10435e39089174e6cc7b7c210c7b6e29	NA%NA%NA%NA%NA%NA	10
2d38a16f73830a7c9485e9da0bc8bf2ed2272ea1	NA%NA%NA%NA%NA%NA	10
7748784af02c2744598fc7033695c3ed64e6cd26	NA%NA%NA%NA%NA%NA	10
9f95863401533d12a54a9afe55f67340065f87cf	NA%NA%NA%NA%NA%NA	10
0d27bff1dbeedbc025a7fa83b20482805f9e1c8b	NA%NA%NA%NA%NA%NA	10
4da90a22d37ed821066177d280cdfc6c0152c324	NA%NA%NA%NA%NA%NA	10
eb6e00902089ac1f59c567fd2b1a5f419ec6bfdc	Arthropoda%Insecta%Diptera%NA%NA%NA	10
4d3cdf87c93eead60c422a36fe9dcebad4a64766	NA%NA%NA%NA%NA%NA	10
3b4f498211ddfd5b59ae7e07da980759505e351f	Bacillariophyta%Bacillariophyceae%Naviculales%NA%NA%NA	10
4a5d0e3691638d9f6a7da4d18c1cab175b5824f4	NA%NA%NA%NA%NA%NA	10
2a0964f34d4d55ac2ec5de0768e8a71ed88a6ccd	NA%NA%NA%NA%NA%NA	10
7ef617ee0085dd25c1688fdc1be752c8883e4403	NA%NA%NA%NA%NA%NA	10
81aae45521a4672ff1abae941b7e6afb9208d660	NA%NA%NA%NA%NA%NA	10
0804074564d88cf548b7d71cf6ed17ef832bfa92	NA%NA%NA%NA%NA%NA	10
876fe99f363b831e49d8209092c73c3c743fe4d2	NA%NA%NA%NA%NA%NA	10
eb2d2542d19a2e09c035bcfa3dcf63b215f6a893	NA%NA%NA%NA%NA%NA	10
f94e07d585fdd6a308c210096a2a0d8127c9e497	NA%NA%NA%NA%NA%NA	10
b85039f4e541f81baec7e075dd6da12bc87e68be	NA%NA%NA%NA%NA%NA	10
a46befa835ef58822b46e727d83f23bb940839c3	NA%NA%NA%NA%NA%NA	10
e95094ffcb764ad4279582cf124ba5ca3f0a19d3	NA%NA%NA%NA%NA%NA	10
256915a60a5aede142a382dde3b834e4722d30b5	NA%NA%NA%NA%NA%NA	10
117d3de1aa7e3c730a1905c1ddee92492b5b8ebe	NA%NA%NA%NA%NA%NA	10
1845896ecd8e747ef9c6c3f6a8bac0a258bfc846	NA%NA%NA%NA%NA%NA	10
7ca1f9f7e80aefadaf19be053861761eaa3a8bde	NA%NA%NA%NA%NA%NA	10
488c5d1b0eba92ba0a6e370f58ed73020f08bd71	NA%NA%NA%NA%NA%NA	10
4a6eab07bcb287809425b880df8dac23e7aac107	NA%NA%NA%NA%NA%NA	10
4b625d69107de96335b03fdd69ba8945c110a24c	NA%NA%NA%NA%NA%NA	10
594eac2233d33aaa3cefc41a17491eda450fa1a6	NA%NA%NA%NA%NA%NA	10
6fbcb19d42d435bf40a188b904f60380742a6d12	NA%NA%NA%NA%NA%NA	10
7646d5e066e7f141a68cdb5269f45c4007474350	NA%NA%NA%NA%NA%NA	10
dfa7cb919e496c4070959c4d126eff4832a526da	NA%NA%NA%NA%NA%NA	10
928c7a8ca11b2f74ef7f47222c8ef05d0f4d8d89	Ascomycota%Leotiomycetes%Chaetomellales%NA%NA%NA	10
d0d8d7c894cbe41ef066bdd93c1069eaef5f4365	Oomycota%NA%NA%NA%NA%NA	10
29ea246306fa65203a679686bc350e8cd89bcb0c	NA%NA%NA%NA%NA%NA	10
ade11cb76e377fc5b411b5df67e010114a563c88	NA%NA%NA%NA%NA%NA	10
bbbc5c4fc4b60248296b0adce577ad9272b9c17f	NA%NA%NA%NA%NA%NA	10
9dbff0448d9c8976ae1ef7e34320d2cec26bb962	NA%NA%NA%NA%NA%NA	10
ac71c25df75a0ce5b605586431dc03170fb1eafe	NA%NA%NA%NA%NA%NA	10
f6e1a39c6ecd8f83b1f05ad5c4b136142d2a9c61	NA%NA%NA%NA%NA%NA	10
61c145e15ca5626e4e155d3606f64f8a113e0cb3	NA%NA%NA%NA%NA%NA	10
f6814566f1849616a828d6df91e3fc8dd59def70	NA%NA%NA%NA%NA%NA	10
d6615ec1cdbd6faaae23c451955cb372c7a102c6	NA%NA%NA%NA%NA%NA	10
f3096432d37510227e00d09cb6bf474ca31036a6	Mollusca%Gastropoda%Systellommatophora%Onchidiidae%Paromoionchis%Paromoionchis daemelii	1
de1ab05c700d4dee6e5d1299855f04fecef038c6	NA%NA%NA%NA%NA%NA	10
f798ceba6b82d7bd00315c88c654d94758d67e54	NA%NA%NA%NA%NA%NA	10
c15989833282c2152e075534475d1f342f72978f	NA%NA%NA%NA%NA%NA	10
77217fd05a35142b5d8fd4a956fd5c4cceb9e6cf	NA%NA%NA%NA%NA%NA	10
3fb7a4b7fdeb219c34b5b93100b11427c211feb6	NA%NA%NA%NA%NA%NA	10
2c1fd79a9ebfaa1da5e6cf87b6bfc596aae872dc	NA%NA%NA%NA%NA%NA	10
081e619e0ca6d2678720f6b23faede2fcb0642a5	Mollusca%Gastropoda%Nudibranchia%NA%NA%NA	10
304c052b7996665ab0908b1f05a0f6ce962464a3	NA%NA%NA%NA%NA%NA	10
31c986049f52e1da669cfdec8c564a7bf4d73838	NA%NA%NA%NA%NA%NA	10
77af8088fd284fd48b1eca82c7ae5e9633b29f16	NA%NA%NA%NA%NA%NA	10
87141de7f3ff3033094530572c455b9ae07b7d7a	NA%Phaeophyceae%Ralfsiales%Ralfsiaceae%Ralfsia%Ralfsia fungiformis	1
85ac25fda831d8c00a45c899af81e37dea9f95b4	NA%NA%NA%NA%NA%NA	10
9fbb6da935d91b20cede5bcb134fae3c7c955922	NA%NA%NA%NA%NA%NA	10
9620e9ff7eb70cb587196f45a53f4e7d34795cf6	NA%NA%NA%NA%NA%NA	10
b872a6e580524a42826dff1d1bbba2b9f10c7b28	Bacillariophyta%Bacillariophyceae%Naviculales%Sellaphoraceae%Sellaphora%NA	10
a4779dd568f36cdc7e1467f1f8709c183650a52a	NA%NA%NA%NA%NA%NA	10
aa50e42ce48d6b051dc946e09c6cb1d725bd8dc1	NA%NA%NA%NA%NA%NA	10
ab43f56ec4913816c44567f03b355797fe39a7da	NA%NA%NA%NA%NA%NA	10
903570c767d9c1e16e5e43ad6834e1a70e8666b2	NA%NA%NA%NA%NA%NA	10
aec486ccb578b3f3f3b27755171677e1e2e419a6	NA%NA%NA%NA%NA%NA	10
b83a47fae34ea6d43044eef363b91e94bac2655c	NA%NA%NA%NA%NA%NA	10
c4982630522050bcee53a0387f0e4b7a20b66515	NA%NA%NA%NA%NA%NA	10
9743567af2fa914706028357b69a1436b4e4b8ab	NA%NA%NA%NA%NA%NA	10
970e72e9cbd9674313383657f5135bf8d53181ea	NA%NA%NA%NA%NA%NA	10
eb031d5c50eb8989a10361dcf5598bca664e40d4	NA%NA%NA%NA%NA%NA	10
ec09dc9b9f989ddad7f038909717d20d0eef3a9d	Discosea%NA%Himatismenida%Cochliopodiidae%Cochliopodium%Cochliopodium marrii	2
e221024c9b6c8d201aafe132baf36f2c445a89c1	NA%NA%NA%NA%NA%NA	10
e0295b7ffe54c2f24b077fb5902986d64be8004b	NA%NA%NA%NA%NA%NA	10
e161c0bc99dff82c778686feed11196683f6bc72	NA%NA%NA%NA%NA%NA	10
f40d40ac75436f6d15943ce1581c056d75287a4d	NA%NA%NA%NA%NA%NA	10
f62f6256b7b621fcf3b9327b4fca1fe0622e22f5	NA%NA%NA%NA%NA%NA	10
b83adc5003d188576a9d82e8a93c60d9993e5df7	Oomycota%NA%NA%NA%NA%NA	10
bf6104a52ae09e2429b7f220fff489f21320b1ed	NA%NA%NA%NA%NA%NA	10
ce7834937623c74acee2ecde35c2b1c13de4f3be	NA%NA%NA%NA%NA%NA	10
0d55637f11368525fa051f4285f6ac1ef0129e02	NA%NA%NA%NA%NA%NA	10
0e62518602a3e049d4f69241b545de34ad98720b	NA%NA%NA%NA%NA%NA	10
3c5c97418426be5df181e92a21bc10bbccd95598	Arthropoda%Insecta%NA%NA%NA%NA	10
3e57a2904767344f9fcfcec74f5415809e8e4f30	NA%NA%NA%NA%NA%NA	10
45df5d9673c64792853766923d843cc167bdbc21	NA%NA%NA%NA%NA%NA	10
463bda06e6bb6311206f2c0f1368e5fbaac8429a	NA%NA%NA%NA%NA%NA	10
4746edeb05f05de38c2a76fe49c355332101104c	Rotifera%Eurotatoria%Ploima%NA%NA%NA	10
8a21aea4023476bc97a84930a1cbe09936f10add	NA%NA%NA%NA%NA%NA	10
1e0ba5ab2a80b6b1e319dff2907dad61ca98b60e	NA%NA%NA%NA%NA%NA	10
1a0c724c131b3a222e22b3588f5038f1b3a61819	NA%NA%NA%NA%NA%NA	10
7f97b7e90d9b6dbcfcc0bad9fe0a00585d45d2ee	NA%NA%NA%NA%NA%NA	10
70d3cdbad9ca29914959a38081b4d728900cf2c0	Nematoda%NA%NA%NA%NA%NA	10
7156e941a9aa6bd6b8162efbef921f0c1d6f762d	NA%NA%NA%NA%NA%NA	10
7982113c43872d4e32c00208698fcb3b169c9d67	NA%NA%NA%NA%NA%NA	10
7f1bdb3c39816136030b1f7c49edb342410e2179	NA%NA%NA%NA%NA%NA	10
1e2589c61bc6e6fe77d2eb710ff78699aa67d55b	NA%NA%NA%NA%NA%NA	10
17ba9b384cb31402e22ea771cf037ce59b456072	NA%NA%NA%NA%NA%NA	10
82fb9d1f37fc620849aa1157edcdadea6d0b1415	NA%NA%NA%NA%NA%NA	10
699183532ff6f1cba128268b653c335714526119	Annelida%Clitellata%Tubificida%NA%NA%NA	10
804f47492e629cc6d6e86faaa0c8d3b0a49536da	NA%NA%NA%NA%NA%NA	10
5e76c50681ffc487377c63e25e828a7677c26537	NA%NA%NA%NA%NA%NA	10
4b55e75dd6c1fb0743ae9f99c16f1b56d7908e6a	NA%NA%NA%NA%NA%NA	10
c5ba3d0756844662de9cbf2d4c77c57704b1bf61	NA%NA%NA%NA%NA%NA	10
4edf44a0cdbd2b457844788ceab6d4c8a441f9fb	NA%NA%NA%NA%NA%NA	10
504bf6a8a2d502f74cc67080f8556fdf0c8ebe12	NA%NA%NA%NA%NA%NA	10
c530f2ed78cffebb4517dc228327d22ccc33226e	NA%NA%NA%NA%NA%NA	10
ddc3f99871df5784a22b0162fc1fcec9233bdfe3	NA%NA%NA%NA%NA%NA	10
de07cb5249b18febe9517e11c19b4c019ece1787	NA%NA%NA%NA%NA%NA	10
d8acbba59b072dc4753d2209465f7033125d01f5	NA%NA%NA%NA%NA%NA	10
d58c6cd03992e741eeee96588c8e112476e1f152	NA%NA%NA%NA%NA%NA	10
53c17d7e8b9ec5ad4f7f07b5c32942ff3e703f36	NA%NA%NA%NA%NA%NA	10
a9012583773399bbe17ab0e17c790b28dc523955	NA%NA%NA%NA%NA%NA	10
7281fb3f96766afa973ec422ab38b728ac8e9710	Arthropoda%NA%NA%NA%NA%NA	10
ada379483ca0900a82d996e49ade9bd5db762c77	NA%NA%NA%NA%NA%NA	10
aadef142828f0280fd19b8f4946d46406736c9a5	NA%NA%NA%NA%NA%NA	10
aa7a49ba7649fd3541822bcc9f3afb75b155c45c	Arthropoda%Insecta%Diptera%NA%NA%NA	10
aa035f1b89e5ede4d3ec9e20659944e1a19ccaad	NA%NA%NA%NA%NA%NA	10
bc7af827d3e5edadd4b10c53c03db37136045baa	NA%NA%NA%NA%NA%NA	10
b8745579b6c51251aa80e935e8ef4914c4674b1b	NA%NA%NA%NA%NA%NA	10
b6d93e99bc2b315d2b73f6a913536db2de68dc7a	Bacillariophyta%Bacillariophyceae%Naviculales%NA%NA%NA	10
b65b57a3d7a8d6966f091ab159d2357da51c137e	NA%NA%NA%NA%NA%NA	10
b5c49d1686afb055cb647f2108da39fa2ed76e65	NA%NA%NA%NA%NA%NA	10
b4cc43903b2d630d1ac04232a63362a7fe6b94d4	NA%NA%NA%NA%NA%NA	10
b5ab40be59a0d3d790b03793e6e42eb3d3b741df	NA%NA%NA%NA%NA%NA	10
9714692c4792147a31239b563dcef425ada83fc1	Ciliophora%Heterotrichea%Heterotrichida%Spirostomidae%Spirostomum%NA	3
94141ec3094d272d0149163391345ec7abe6c1fe	NA%NA%NA%NA%NA%NA	10
93057ace4f216a1aa2ef9f9486758bbe228186a2	NA%NA%NA%NA%NA%NA	10
90cbe5e5ecf98080cfa5b57a3cc7dcb975cb48e7	NA%NA%NA%NA%NA%NA	10
91594ad179c46c934557a65e360ef232e12f2e52	Bacillariophyta%Bacillariophyceae%Naviculales%NA%NA%NA	10
912b0c0e55e304bd57f54663e251554954a74b71	NA%NA%NA%NA%NA%NA	10
7c4afbf2fc6051d4667e0e2148df88b2ff76d8a3	Discosea%NA%Himatismenida%NA%NA%NA	10
7c6e677d960fc576eb4e60609bfec905795e1645	NA%NA%NA%NA%NA%NA	10
7fe54452fdf18436888ae87e3e735151d58818f7	NA%NA%NA%NA%NA%NA	10
7be434f8a4a6a2d017485bbd5ff963428a1c9596	NA%NA%NA%NA%NA%NA	10
77ff9967258ce104eb411220d0d082daca34fe90	NA%NA%NA%NA%NA%NA	10
72c391a4b213fd4ebacc70bf27aad442f89ee19b	NA%NA%NA%NA%NA%NA	10
a49f93c20784586ebc59c41542f0180cb7060297	NA%NA%NA%NA%NA%NA	10
a46d3f127a592dc7467ee9904cf1c11488c843f7	NA%NA%NA%NA%NA%NA	10
9fb351fc7dda6c225aeed5499b16eb7ecc607487	NA%NA%NA%NA%NA%NA	10
9ab035bcd518829d5871e1926b54702ebbfb93f2	NA%NA%NA%NA%NA%NA	10
99123f959c215508b16ae2c4d2b7ec768d74402c	NA%NA%NA%NA%NA%NA	10
e882a6f6dee8cb16d3ebb8aa04c4d62b75ec121a	NA%NA%NA%NA%NA%NA	10
e438d0999bbdf131f149c21f9d5c66fe46bfbc1c	NA%NA%NA%NA%NA%NA	10
eae91d5e5070f4e35137fdff5f369cfef5b182cc	NA%NA%NA%NA%NA%NA	10
eb4d279a13d7301b1c0ad69fed4c853cad4ce9e7	NA%NA%NA%NA%NA%NA	10
eca6738cd129545d1d3fd8ca91398a9286d831b7	NA%NA%NA%NA%NA%NA	10
ecb9c5cace6be73dc8bb68dbdb1ca602eeea5f75	NA%NA%NA%NA%NA%NA	10
736ad15a7b068b3346ef211b37023947f9482a3e	NA%NA%NA%NA%NA%NA	10
739a23c3cec006c7c421ac21f8a1d0f299c90888	NA%NA%NA%NA%NA%NA	10
ef7754239050915f3ee49f232b14a00992251523	NA%NA%NA%NA%NA%NA	10
ecba232769adcc276b4560bc429f4e950b1fa141	NA%NA%NA%NA%NA%NA	10
ed83eb462524fc96b881ea0694c40d68d47aee45	NA%NA%NA%NA%NA%NA	10
e9259af2b73879fb8a6b75349535d5fd1e5a126a	NA%NA%NA%NA%NA%NA	10
ed1e43d9ad935329d92befb7321a60e8769a996d	Bacillariophyta%Bacillariophyceae%Naviculales%NA%NA%NA	10
f0cfbb042bf99aacd9399d6480134ca8955b2356	NA%NA%NA%NA%NA%NA	10
f11453fd8ca1eed158f76cf202954a3178428341	Mollusca%Gastropoda%Littorinimorpha%Cochliopidae%Pyrgophorus%Pyrgophorus platyrachis	2
f3550d11fe67577465d3d15cda5f734cf0979441	Chordata%Actinopteri%Characiformes%Acestrorhamphidae%Astyanax%NA	4
f4494e54bd4bca94475dfd5a1e68813ecff9fed4	NA%NA%NA%NA%NA%NA	10
fb3580a1d96653c650a51791456944f82e96c8fb	NA%NA%NA%NA%NA%NA	10
f86487b20af7eca591388af65b2c42e3f325dd68	NA%NA%NA%NA%NA%NA	10
f87694b327b319464784b6be4be5c3e3194f7d78	NA%NA%NA%NA%NA%NA	10
f8ca8fe8cfb9d4b14b107dcfb3d40f9e6f004b3d	NA%NA%NA%NA%NA%NA	10
fadcbc585a0f40573b27ca8a55ba5b7595037a72	NA%NA%NA%NA%NA%NA	10
8101a3eaf465ebacd549097b6736ac9b5db70807	Chordata%Actinopteri%Characiformes%Acestrorhamphidae%Astyanax%NA	3
fb50896580d8b12fab08c016dba97a2c80f00f13	NA%NA%NA%NA%NA%NA	10
fc229a18d3644e83d1e9c70fb3f13616bb055987	NA%NA%NA%NA%NA%NA	10
8ea7f52e6bb67f096183179cfba5d8ef8b0cee6f	NA%NA%NA%NA%NA%NA	10
84b9047cf52a7c61706bbb3469b1b2f4ee65f761	NA%NA%NA%NA%NA%NA	10
86dbed624c799871a684aedb4a127cc10f916852	NA%NA%NA%NA%NA%NA	10
8799be2c65fcc3366088211a8e925e31246e2501	Chordata%Mammalia%Primates%Hominidae%Homo%NA	10
884d439ba878f4caf4daf1e4a6ba9bc136a36ad3	NA%NA%NA%NA%NA%NA	10
896037433bc8abe7d4abd68870c68763732e375f	NA%NA%NA%NA%NA%NA	10
cec863054d98c156ec17c8e60efd4aece28b32d5	NA%NA%NA%NA%NA%NA	10
cfb84e7db1f14931a6d386e1075b5d2f9d028cde	NA%NA%NA%NA%NA%NA	10
cbf5c312b640c83de89b184c2bee5cd47a0d5f65	NA%NA%NA%NA%NA%NA	10
c9ddbb8979c42a377fa9ac5eb5acec8850525667	Platyhelminthes%Trematoda%Plagiorchiida%Haploporidae%Saccocoelioides%Saccocoelioides orosiensis	1
c6df5fbb3fe7d039cb3d5deeb10e95138d38afa4	NA%Phaeophyceae%Ectocarpales%Chordariaceae%Laminarionema%Laminarionema elsbetiae	1
c635a0dd550797aec07e4ce095b3ea56e1bf5df8	NA%NA%NA%NA%NA%NA	10
c724de21e2d73e024a69f4d54c8dd4475be26037	NA%NA%NA%NA%NA%NA	10
c5344b3068a5a1c38d059d5e02e1d30764d426ba	NA%NA%NA%NA%NA%NA	10
c32a159fa2b0c73807db7505a45f0dc4c0ddaa18	NA%NA%NA%NA%NA%NA	10
d0622a0fd724b18025ab7935dee41cb7a45389c7	NA%NA%NA%NA%NA%NA	10
dedd7de76bbe07ccbd1ff21345d231a09c8378fe	NA%NA%NA%NA%NA%NA	10
dee95672ab3604e5bfcc88e67a24f76fabe973bb	NA%NA%NA%NA%NA%NA	10
de8d5d101b04e91bd7d24b542c34c23c1fe24b30	NA%NA%NA%NA%NA%NA	10
dfb5a5fa8a46d1e956fb7b6eb7116610dca55f5b	NA%NA%NA%NA%NA%NA	10
d63b6da99fcc691b0bfa244c1220f58233b4ff41	NA%NA%NA%NA%NA%NA	10
d65ddca70c6a614253b20364f8d9084c9054ea29	NA%NA%NA%NA%NA%NA	10
dc3f54c9b3b696de2f4f170a02fe1d135ac052ee	NA%NA%NA%NA%NA%NA	10
d9918b99d9b2e7e789b6d43131df051ffa3ebb93	NA%NA%NA%NA%NA%NA	10
d49f3f161ab3267424169c44bee9c9b500854dfb	NA%NA%NA%NA%NA%NA	10
d5a6dfaa265458f7b73d6e2ca2871529c78143d7	NA%NA%NA%NA%NA%NA	10
d1ff9e6d69c145b62323a478ea2c2711073318f1	NA%NA%NA%NA%NA%NA	10
d177f24df851573dbc8322786cdcddaf836bbcc5	NA%NA%NA%NA%NA%NA	10
25f42f8dc673884bf9246e8f7cf3b3855736fca5	NA%NA%NA%NA%NA%NA	10
25fbabbe4b5f85ecd4232ea16ad8bd344e6207cc	Bacillariophyta%Bacillariophyceae%Naviculales%NA%NA%NA	10
203ac9c8c778ea1fb9b8fae5907c761fa9c56e5c	Arthropoda%NA%NA%NA%NA%NA	10
21e1d1e2874b9c8234779ab1b3f61b4e4c7b7944	NA%NA%NA%NA%NA%NA	10
2c1750f16054130d816b45de9a0233304b0e28bc	Arthropoda%NA%NA%NA%NA%NA	10
2a4f515aa564e93839a17f99124397e790573b08	NA%NA%NA%NA%NA%NA	10
0000d2c35b0418b146f9e7f33c1ff4baf809ce83	NA%NA%NA%NA%NA%NA	10
301ff3809005030ef52b69c43bcb1bc87882834c	NA%NA%NA%NA%NA%NA	10
0af3d3cb01ab61a90eab56141e6f999718a00f56	NA%NA%NA%NA%NA%NA	10
06b07e2f3767119115a740bc5462c779da6d760e	NA%NA%NA%NA%NA%NA	10
07084996f3244e3db1565b089a719c4c1048ccb2	NA%NA%NA%NA%NA%NA	10
094c4a0b35484d4de13f241767a40dcc6e9fe3bc	Rotifera%Eurotatoria%Ploima%Lecanidae%Lecane%NA	10
097d5ff5945a479778deb0aae3e95880ea17942d	Bacillariophyta%Bacillariophyceae%Naviculales%NA%NA%NA	10
0a5e2be0ea1aa7af8ced2cc964dac44ea0884a3e	NA%NA%NA%NA%NA%NA	10
0c7e2cef5bb374ee8678609c53ef2088aec8377f	NA%NA%NA%NA%NA%NA	10
0c94068e0421be9321c6df3ade7e48b934e7e1f5	NA%NA%NA%NA%NA%NA	10
0d15fd91e8d009f02c949357a71a7e55ee4d368a	Arthropoda%Insecta%Hymenoptera%Agaonidae%Ceratosolen%Ceratosolen bisulcatus	1
0df00ea855fc71eef0143960b41ae317236b18b8	NA%NA%NA%NA%NA%NA	10
0fa99463738c42e3a95924f7fdcdede242fef5ff	NA%NA%NA%NA%NA%NA	10
055bb9a4b7f8b0d24c4c2e6ddf9d38fcc1f0562c	NA%NA%NA%NA%NA%NA	10
028883033ef43f4369869f1c58789347e0ec3594	NA%NA%NA%NA%NA%NA	10
022db4761f087effc7b9b51251de20b755c6097c	NA%NA%NA%NA%NA%NA	10
038f67dc8f3a829da3269e102b42c5ec495727fd	NA%NA%NA%NA%NA%NA	10
00ecea30d1e2d63592aef58120fa3ce20780d35e	NA%NA%NA%NA%NA%NA	10
00486cdafe269f66aef94f6fc8e414253ac0ac29	NA%NA%NA%NA%NA%NA	10
1bcb3c6b19369aebbe548e53fdc25d90c256c048	NA%NA%NA%NA%NA%NA	10
17875162625905dcb890793708a23b19dc7f1445	NA%NA%NA%NA%NA%NA	10
17e475097c0a7a9a5ca2d6476346952bfb8732c4	NA%NA%NA%NA%NA%NA	10
193cfee2892f1b4968e9ba78f67da5075f05b42a	NA%NA%NA%NA%NA%NA	10
1ad3146317bf80f64e1785459d800b9cf31e6cb2	NA%NA%NA%NA%NA%NA	10
14112edaca089ea5450f39b742048fc401cbf440	NA%NA%NA%NA%NA%NA	10
1efb4ae0ab677a6679a32219986573bcf3d62a92	NA%NA%NA%NA%NA%NA	10
1efeb3d593aac03af3c193dcc0216dfc75cd299e	NA%NA%NA%NA%NA%NA	10
105e5e7163ceb6eaf4a33370f611a32123c17f66	NA%NA%NA%NA%NA%NA	10
11ec5ef86c0db9ea7b731ea51eec4dbffc9484b3	NA%NA%NA%NA%NA%NA	10
11b2e1b85d48a718f885389561fa88dc2a5837ec	NA%NA%NA%NA%NA%NA	10
113d77c3093c2fb148ecf2da008569c0ab3a6482	NA%NA%NA%NA%NA%NA	10
401e121dea82fb8581424977daa0e3b575e7cb8c	NA%NA%NA%NA%NA%NA	10
4321d9cb07ee4a4b582fdd08e22e46d5c0de0c34	NA%NA%NA%NA%NA%NA	10
444cf29c06927782b809c9bf9a42faf35a8d4fb6	NA%NA%NA%NA%NA%NA	10
4471f9e268a8fcc7eecdfa655a9a63f3107b61f0	NA%NA%NA%NA%NA%NA	10
4489d09eae7dcf3a2e7431a5d0539cad8cf7df8d	NA%NA%NA%NA%NA%NA	10
4e417d7291b932dbe7eeac8bdfa49b53f2936190	NA%NA%NA%NA%NA%NA	10
4be537521b93a14034f79253598fbd4b96bf37ea	NA%NA%NA%NA%NA%NA	10
4b52cb2219c0bc37b01e5049de339f5b06ea4d48	NA%NA%NA%NA%NA%NA	10
4c87353aaa1de0c8ee1a521fd30144a97085e456	NA%NA%NA%NA%NA%NA	10
4ad550408d1ed437759adf0ced0d955b1d619fbb	NA%NA%NA%NA%NA%NA	10
525d944e773ef0c2a862c0859e8c37e7df0b2b98	NA%NA%NA%NA%NA%NA	10
7079be280a5a904d02a6bd31466060878764e35d	NA%NA%NA%NA%NA%NA	10
5f2b5840ce51993b180a1876d4e0a10656fb882c	NA%NA%NA%NA%NA%NA	10
5a8c1f64b31082e3ebe627c8cb0605ccf03aa72d	NA%NA%NA%NA%NA%NA	10
5a6acb41b183e2416bcbb260f1eb6815ce40ab10	NA%NA%NA%NA%NA%NA	10
56fd1250cc11221a8f4adc17e19b341bbc380b38	NA%NA%NA%NA%NA%NA	10
350e634077e0f0ffa0cce6acfb82bc644476c035	NA%NA%NA%NA%NA%NA	10
36f750e634dd34360f52be75ec81cb1fd6974d0f	NA%NA%NA%NA%NA%NA	10
3764369144f3aa1c056dc9386b98dacebd67e81e	NA%NA%NA%NA%NA%NA	10
3794ae7856c36f8b4cb99317205e2df749ea0b91	NA%NA%NA%NA%NA%NA	10
384113a0888152eb0a2bc9fa126a84644be10535	NA%NA%NA%NA%NA%NA	10
3a4d0d3f30fbcda0a935aa64fb4ba5d723c76451	NA%NA%NA%NA%NA%NA	10
3b997e90da40bfa5f2dd8e0e2e589c55498a29b5	NA%NA%NA%NA%NA%NA	10
66adb6964631617cf3be3aa5a966cdb6cda67c8e	NA%NA%NA%NA%NA%NA	10
66b3f6590296f997a0b81f489e72eb24e0ff96a8	NA%NA%NA%NA%NA%NA	10
66d4e9d6615c1088fdc3728579bc029d8cff8e01	NA%NA%NA%NA%NA%NA	10
63ef76da5556ff02f15fbe5fbf9f3f4919be5e7b	NA%NA%NA%NA%NA%NA	10
6912b6c3872915972a133e3177c0c0b808d258f1	NA%NA%NA%NA%NA%NA	10
6c1a0a308b8e3a758c9904469e3365e6f01ccf2d	NA%NA%NA%NA%NA%NA	10
613d8084048c50d80850e314d065b60776839200	NA%NA%NA%NA%NA%NA	10
6145a873a418837a8bf0ac771c6bd00ef8f2500d	NA%NA%NA%NA%NA%NA	10
6c50250ca9c0ec0392b7d358b37135b065b837a4	NA%NA%NA%NA%NA%NA	10
6e3894ae505c42c00012d74c3a081e519eb7c0dc	NA%NA%NA%NA%NA%NA	10
3c4f1943f1753fe7f44457329f5b67242f0bf7ec	NA%NA%NA%NA%NA%NA	10
3ec625e175c3c18083b94a9df0314f5b93a2c995	NA%NA%NA%NA%NA%NA	10
3f8b19bd52991a15d51ce847fcdd0b363ee68849	NA%NA%NA%NA%NA%NA	10
3d2818b6733397806e3577d2b64d57c478d59deb	NA%NA%NA%NA%NA%NA	10
9eecfd87710cd5704bd780c117efacfd5ca5c9fc	NA%NA%NA%NA%NA%NA	10
d95b42eb52cc1e0cdee1507361ef892bf83d1df5	NA%NA%NA%NA%NA%NA	10
d512919008e3afc9f1b91d387fbb1d2e73430e42	NA%NA%NA%NA%NA%NA	10
b58bea35db782ffd7c17c6d7279b37c5c65f80b2	NA%NA%NA%NA%NA%NA	10
7d735f8411f0808f0615397ef02b3b551b96170f	NA%NA%NA%NA%NA%NA	10
a657fc09b2819b094d3c6f9a2f758a6063310d60	Bacillariophyta%Bacillariophyceae%Naviculales%NA%NA%NA	10
c78844a3c5ad6ed2cfd9de7a2677720b521cb2c6	Arthropoda%Insecta%NA%NA%NA%NA	10
2214b306e5c80936bac37ec2dd4b67a147e5d3c1	NA%NA%NA%NA%NA%NA	10
5a032fcf7ec71384565bc87c11427a9339d9d9bb	NA%NA%NA%NA%NA%NA	10
ef3186a78fcc8a696dfbf8ae2a23ceaf9db3d9ab	NA%NA%NA%NA%NA%NA	10
97a4d17be214a3a7710f1bf9b52c80e46519f114	NA%NA%NA%NA%NA%NA	10
dc605a31371892fd280147d9b7fb2a6d9712d9fa	NA%NA%NA%NA%NA%NA	10
cce3f23c066f852f86d80201bee680cff9ae0da0	NA%NA%NA%NA%NA%NA	10
27371c8ce5dff7a1d75ecc95cf94277dcf670826	NA%NA%NA%NA%NA%NA	10
deb1ca9ce21278e08530a41714738cddec051589	NA%NA%NA%NA%NA%NA	10
6db449fe10936c943c84cc3ee6aca70543aed00f	NA%NA%NA%NA%NA%NA	10
0e2e4255dfacc9faea8af7e2989889d05edac86a	NA%NA%NA%NA%NA%NA	10
7a5c3712b0a843cc5d4d28b885658e7989610f6b	NA%NA%NA%NA%NA%NA	10
c91c415f97c5ad408017e2a33ef3e814dcce8561	Mollusca%Gastropoda%Systellommatophora%Onchidiidae%Paromoionchis%Paromoionchis daemelii	1
ac1c3bbbf633651574201d1ee62a05c796ff416f	NA%NA%NA%NA%NA%NA	10
a7de3fbeba9001178e3d6a0168ceda1bc1963a39	Chordata%Mammalia%Chiroptera%Vespertilionidae%Myotis%Myotis keaysi	1
a24a0b6bc13ad1ba31d3b6c5a1d50df128d0be83	NA%NA%NA%NA%NA%NA	10
db925749774b4c4b3fe53cb5cf457b336be35113	NA%NA%NA%NA%NA%NA	10
f9260d8a187b47d7538b9a25fe1721859df00f87	NA%NA%NA%NA%NA%NA	10
1a07ef771f68f7a71dc4cebd22a1ac027f9f1af2	NA%NA%NA%NA%NA%NA	10
e32d38db59c12d3dd9b3bcc279b23373a5d5d3e9	Discosea%NA%Himatismenida%NA%NA%NA	10
ef7090607fc454d727849ebf72fa523799e595e2	NA%NA%NA%NA%NA%NA	10
3982efe596d2030d39d49f701e6b625791bb5296	Bacillariophyta%Bacillariophyceae%Cymbellales%NA%NA%NA	10
36b4db23d16dec1ff91f3c50fe8869a0d1d4763b	NA%NA%NA%NA%NA%NA	10
723c9199fba4bb0ef8bbb8158a01b14ed3145533	NA%NA%NA%NA%NA%NA	10
4dccaac42f809619bbb01821497551121d98b118	Discosea%NA%Himatismenida%NA%NA%NA	10
5d100624513a9950d2440cae7cf81c12a3184dee	NA%NA%NA%NA%NA%NA	10
c6bf6f7a7383376cb370b65ce2976a2cc9ff3b86	NA%NA%NA%NA%NA%NA	10
af0e6548a1201da0fbff389aee0e0a231251ec7f	NA%NA%NA%NA%NA%NA	10
af3e51a450521ad8faa73175c04df91e4ac8f0fe	NA%NA%NA%NA%NA%NA	10
ae2f9f8ca349b3e173d1b2f499578b5d55ba777e	NA%NA%NA%NA%NA%NA	10
b0741fdef5ae925f466dcb6e73a643d56106d35c	NA%NA%NA%NA%NA%NA	10
be01dcf450d42f3de9c4472aaa82b60ddcb63199	NA%NA%NA%NA%NA%NA	10
b103aabbb69e2475f47de77b103dac0d396e46bc	NA%NA%NA%NA%NA%NA	10
b31ffd1c284e8abfbd188beecd422bdd85513aed	NA%NA%NA%NA%NA%NA	10
ba46c4ff6fb0fbcb05e152f143a463d62b1194fb	Bacillariophyta%Bacillariophyceae%Naviculales%NA%NA%NA	10
bb4e1f5dcd27189bef488d857f326f701947e0ee	NA%NA%NA%NA%NA%NA	10
bf26d13ca11838b860a223ac0551069ac4eb9d8f	Arthropoda%Ostracoda%Podocopida%Darwinulidae%Darwinula%NA	10
c41c35674ed96c839e22deda52e3b81e11f8f091	NA%NA%NA%NA%NA%NA	10
c63a70faeb0be05dd4496bd5d6cbc2fb547980b5	NA%NA%NA%NA%NA%NA	10
c648c1288d71d5a939c920a3d3effbf5827c0312	NA%NA%NA%NA%NA%NA	10
c66fba2e8a630a0c843750a9195b62f598da745e	NA%NA%NA%NA%NA%NA	10
fbf5301a73c80eaab70734e5375e677c8581798c	NA%NA%NA%NA%NA%NA	10
9699723a60281fa56391745fe6505f55f87005f3	NA%NA%NA%NA%NA%NA	10
96e10f339e65aa3e1bebd99f312cfe58cfd5dfa8	NA%NA%NA%NA%NA%NA	10
97d0904860f79f186907bc70ce92cc8d626fe5d7	NA%NA%NA%NA%NA%NA	10
99b4ad3d8076482f74e51b9737a4594f9a43b33b	NA%NA%NA%NA%NA%NA	10
adc406fe44ec223701a949062fdb3f32d82ceeb9	NA%NA%NA%NA%NA%NA	10
9ec50ee98ed78a2e098b33dadd530924e46dbc10	NA%NA%NA%NA%NA%NA	10
a31e0f5d30b00e9daa63eac2a11e112cb8c85838	NA%NA%NA%NA%NA%NA	10
ac5b399940e62ce82bbfaf5feabcfbdfcea52a22	NA%NA%NA%NA%NA%NA	10
adad07739870e4602bce679c88c869b7d568e613	NA%NA%NA%NA%NA%NA	10
e0e6f881f1f9bedcb240ec0a92064c7b8f42d9f9	NA%NA%NA%NA%NA%NA	10
e1ad953d83450b3d87641cbefa63f684bf503e31	NA%NA%NA%NA%NA%NA	10
ea731f69689c860dbd8593dfac500401f2f2994a	NA%NA%NA%NA%NA%NA	10
edf565d124894f187ea74419147dfe290533c85f	NA%NA%NA%NA%NA%NA	10
e01536c099f88cfe380bf5605c4e80b5fcc2ac13	NA%NA%NA%NA%NA%NA	10
f91a22622e7ac06b8ff9fc638cf9ccbe5348f03e	NA%NA%NA%NA%NA%NA	10
fabb6d8ff60de94fab53fe61def15b433fca111c	NA%NA%NA%NA%NA%NA	10
f9011dfae1381d62c9168ff98af0d1f09f35caf0	NA%NA%NA%NA%NA%NA	10
85273a4894f5ca82b50620404a800af0ecd90fb6	NA%NA%NA%NA%NA%NA	10
fb955667801d2aca402c5287bd894a51d41f1659	Arthropoda%NA%NA%NA%NA%NA	10
872fc6740787cb91cb5bd99ca5c9e5e6e9b00a8a	NA%NA%NA%NA%NA%NA	10
8b85e35a9aceec82ea8d9aeca8ee156fc50e664a	NA%NA%NA%NA%NA%NA	10
8bc91b6013c8420dd4e446a2ac68275af1a841ff	NA%NA%NA%NA%NA%NA	10
8dace0b329433e9d437eb37cb05515f461024d95	Discosea%NA%Himatismenida%NA%NA%NA	10
8f670dbc0f00818b3634e726d9fe71d9717b8b96	NA%NA%NA%NA%NA%NA	10
8fe1fbe4819dc75dbf8c5c118667ef9d9653be17	NA%NA%NA%NA%NA%NA	10
c9790c95166a55fe72175798393a80666573c1e5	NA%NA%NA%NA%NA%NA	10
d726367554f0c5135550eb86e596e3f805f50c3d	Cnidaria%Anthozoa%Scleractinia%Caryophylliidae%Gardineria%NA	3
d70c102df2f95db6e79d7c4bd724d8f3d93c0f55	NA%NA%NA%NA%NA%NA	10
d260cef936721b872f577e1668dc294b06a34e2b	NA%NA%NA%NA%NA%NA	10
d23bc2fb1cf44978b96d66d5724d3fc5f767a1b2	NA%NA%NA%NA%NA%NA	10
f3e5efae30410d247cd077fda7bd7e6794c750a4	NA%NA%NA%NA%NA%NA	10
ddde10232b1b5fec69f1b21b46859a98a453b0e0	NA%NA%NA%NA%NA%NA	10
f55df64b5b3f12e576320d4a8f91aae217a9047b	NA%NA%NA%NA%NA%NA	10
df3f957fdd5321eaa698ce4c9e57e7647da800a5	NA%NA%NA%NA%NA%NA	10
dbcc4dbe634cdd182c10fa9daed7f64f7b237d16	NA%NA%NA%NA%NA%NA	10
1773b5a49de18ec8a7fcf3d21f41f2fd0e49d519	NA%NA%NA%NA%NA%NA	10
169821d46186469f1b7ca2f714fdf0f775e5705a	NA%NA%NA%NA%NA%NA	10
11ac2647104f047ca1537d643cee4bdedc9a6fbb	NA%NA%NA%NA%NA%NA	10
1a24a350c6ebc18565bbc44a7f91dceebdee400b	NA%NA%NA%NA%NA%NA	10
1c1e7936e90b451b14df7db92a765b654aae0ecb	NA%NA%NA%NA%NA%NA	10
1e937e8f95fd0b36dd39b88ae4522d9285e4851e	NA%NA%NA%NA%NA%NA	10
1f71d98f6cdb97844a04b6621844ee5ea1f760c2	NA%NA%NA%NA%NA%NA	10
28fbd7fd89bc0558af57a90eabd9ff34e4700b05	NA%NA%NA%NA%NA%NA	10
041239fc7af6a373b15e7149a838d7fb4df18b10	NA%NA%NA%NA%NA%NA	10
073b9e39327bd28116dd7afd58c8dd36010d6fc8	NA%NA%NA%NA%NA%NA	10
083e67852d80084987fa94d14223e98d9e9d6328	NA%NA%NA%NA%NA%NA	10
08e0aa717697f9ec97e59acb6b89365b925b3be4	NA%NA%NA%NA%NA%NA	10
223a6c48a44ebbafdba3146243b9e5b97440ff2e	NA%NA%NA%NA%NA%NA	10
39c9702121b67e330247a701c3141c5c4c937c52	NA%Dinophyceae%Peridiniales%Kryptoperidiniaceae%Durinskia%Durinskia baltica	1
35a71f4b893b9ff62de48ca5e74b6a377c9e44ad	NA%NA%NA%NA%NA%NA	10
3f890b7398e19d97653926c68b32bc4056d3cd9b	NA%NA%NA%NA%NA%NA	10
384c9e39a9afbd503971dc883fa4a11abb4f53c9	Bacillariophyta%Bacillariophyceae%Naviculales%Sellaphoraceae%Sellaphora%NA	10
33d7669e0d358f62f27a2bfb039d458a8bfcb96a	NA%Phaeophyceae%Dictyotales%Dictyotaceae%Dictyota%Dictyota humifusa	1
33ae243b2fb06957d3b5dcdb3887960cf533a15b	Bacillariophyta%Bacillariophyceae%Naviculales%NA%NA%NA	10
316e4b681f122ecab7a45a284da97bf6b1a69f20	NA%NA%NA%NA%NA%NA	10
32ff0e8214fcf05875349b1bc8d5b5702df1e5bf	NA%NA%NA%NA%NA%NA	10
68a4aed094df410532909b4324b3cfece95f7fcf	NA%NA%NA%NA%NA%NA	10
6814a270418d671aba7e9cce883bcb85ac62f887	NA%NA%NA%NA%NA%NA	10
63e064af5f7fdf898a81f8a349009c54a321f4dd	NA%NA%NA%NA%NA%NA	10
63fbbe269bd78e4809e94b31580342f5e2b634c0	NA%NA%NA%NA%NA%NA	10
67a95a8ccede7b46d67bff5a7f220eccb061e14a	NA%NA%NA%NA%NA%NA	10
62d65c67d4c3204966c63e5d756a339e211ba293	NA%NA%NA%NA%NA%NA	10
6b1c0e20feeae47ea063dc0c3f570059fc59918f	Arthropoda%Insecta%Diptera%NA%NA%NA	10
7cebce975710f3fe12ba7a03428fa648ca88a633	NA%NA%NA%NA%NA%NA	10
7ca24e370f1d3d4d6490f24c59763eaf93a5999e	NA%NA%NA%NA%NA%NA	10
7bb01ee7af2ba659cdcbb9c89a018dcb6943ffb0	NA%Phaeophyceae%Dictyotales%Dictyotaceae%Dictyota%Dictyota humifusa	1
79e3ff3bf036a433638afd5f1e99bbf8b160bf5e	NA%NA%NA%NA%NA%NA	10
7627d09c9aaccc4cc7b7edf49d77a7aea1278ef9	NA%NA%NA%NA%NA%NA	10
77b4447d6889f4a228074adb340f55fb5b42a3ff	NA%NA%NA%NA%NA%NA	10
758a1ee829a6e3bf6006011ec61441e5085b89b4	NA%NA%NA%NA%NA%NA	10
7e1d534ad35b3d50b367b5f24753c3bdf1a959e2	NA%NA%NA%NA%NA%NA	10
47b1954f0d54c4dd19246d0f75657549a7a5c9ec	NA%NA%NA%NA%NA%NA	10
4d05f8240466e5d9d9498e685147ebd125034b4c	NA%NA%NA%NA%NA%NA	10
4966da29d595bba092de857e227ebd4539bb3bba	NA%NA%NA%NA%NA%NA	10
44e67afba76d18dca0214a36ca3e6d824e3903c6	NA%NA%NA%NA%NA%NA	10
447f9ac90937e318294b8886e5b7abcd6e910488	NA%NA%NA%NA%NA%NA	10
503bf0d66413baaefa2103cbe7d76091e1260adc	NA%NA%NA%NA%NA%NA	10
50f44613295a9fe11eacf5a49d6faaed6b0cd2ae	NA%NA%NA%NA%NA%NA	10
7f4c683f1ffcb639670b2f311b8b9c81ade320b0	NA%NA%NA%NA%NA%NA	10
5dc3e5374e70201a258134bfdc493f9164c58967	NA%NA%NA%NA%NA%NA	10
5e6919d7b6f3d13c0862f8458519a82b47ed623f	NA%NA%NA%NA%NA%NA	10
58b2f7012d906a28c7631599a910c533be105416	NA%NA%NA%NA%NA%NA	10
565a6ca875a15809a424ea4ca98c6376059bd1c5	NA%NA%NA%NA%NA%NA	10
5639a7a467914a0156f6538c57742df2f645b839	NA%NA%NA%NA%NA%NA	10
54698a37fb65ff45059d354fbe317dce0c97b49b	NA%NA%NA%NA%NA%NA	10
52c0ec6f30d2bcc2c334d0c3f8ae98edb03cb6ec	NA%NA%NA%NA%NA%NA	10
bbb9f4c00d21dcabcb6f195a81c900f4d03b1cb5	NA%NA%NA%NA%NA%NA	10
c32d5ae5d832af659ae95464f16a3282faf90e0e	NA%NA%NA%NA%NA%NA	10
812cdda530935bf25dbe2fdcd4c8f14b681a9ecf	NA%NA%NA%NA%NA%NA	10
bf068ccd9ab35d5bbfe8fa60c705cd111a848a63	Bacillariophyta%Bacillariophyceae%Naviculales%NA%NA%NA	10
6a007755320ff67b8824625a042dc42fa9d8a60c	NA%NA%NA%NA%NA%NA	10
1b9f57fd82f42e376491d0a023c18263a04a94dd	NA%NA%NA%NA%NA%NA	10
e9dabf52048babcc5763aaf5fe44955705f63af8	NA%NA%NA%NA%NA%NA	10
3514aa0f4eba2730b2d84b9f834b4aedd1b6f3b4	NA%NA%NA%NA%NA%NA	10
aaa6cc92cd312186e2ed5e2412d991304217bed4	NA%Phaeophyceae%Ralfsiales%Pseudoralfsiaceae%Nuchella%Nuchella vesicularis	1
e95a3405998d0e2433ac898ff94bc7ed17a6ae68	NA%NA%NA%NA%NA%NA	10
2af40f7da854f1515155a0e93447768b806c930e	Bacillariophyta%Bacillariophyceae%Naviculales%Naviculaceae%Navicula%Navicula cryptocephala	1
996f2285cb04fd1453e39afcc2852aeb901fc7a6	NA%NA%NA%NA%NA%NA	10
7348d4ff1b150a6321087a398b1dedaecddae15f	NA%NA%NA%NA%NA%NA	10
4824ee2ee603ea053d223f90535ee02a41a075f2	NA%NA%NA%NA%NA%NA	10
5b80c5e1af47e08bb9e4bc1cb621feb06c77b7a2	NA%NA%NA%NA%NA%NA	10
a1cea624b0b19dc9af8103dd0e8eafee1bc01b3f	NA%NA%NA%NA%NA%NA	10
a993d84e0e0f50b13985c1591769a2a5db532970	NA%NA%NA%NA%NA%NA	10
b461dd42d888ec1594ff433324fded52c1cec3d5	NA%NA%NA%NA%NA%NA	10
b829042c9da1c6594357fe7bad80699b28e5c26b	Bacillariophyta%Bacillariophyceae%Naviculales%NA%NA%NA	10
7892f0a5be31dfb700154528bd9641843f6f565a	NA%NA%NA%NA%NA%NA	10
7a9b2e73ce8108480d509ce06f83c92cbaff19b9	NA%NA%NA%NA%NA%NA	10
7ac21b064a6e44440dd67c9c0c7225f1440d3769	NA%NA%NA%NA%NA%NA	10
8ed1262cdc35157fc9655a7d0694697bf1d13c67	NA%NA%NA%NA%NA%NA	10
866270e3798a77aeb296d72c76866b046b47cff3	NA%NA%NA%NA%NA%NA	10
9ee40f089f771e978c759da83489601e80beb550	NA%NA%NA%NA%NA%NA	10
959e08cae230556186ee1e3fa9499f2460000871	NA%NA%NA%NA%NA%NA	10
8874cb78b7602e305e15e19d72c5e336d5004ccc	NA%NA%NA%NA%NA%NA	10
8897eb61724d278a2074924db204930be26c47ef	NA%NA%NA%NA%NA%NA	10
899ae96dc3ff33a206f43bacc03d4a3e7b31a847	Arthropoda%NA%NA%NA%NA%NA	10
89d86f3f355b9af23a24af87f29163084b7b64c5	NA%NA%NA%NA%NA%NA	10
8d8f9dc604011679983997d89015786f3ef725d9	NA%NA%NA%NA%NA%NA	10
86722b195b6b77937b873e71f79d914c63d432bb	NA%NA%NA%NA%NA%NA	10
8ee8c6500a022b1cadddac85d399724a9ffc9230	Arthropoda%Insecta%NA%NA%NA%NA	10
e606b8069acca3026b385d0bb3fc47015ff28cb5	NA%NA%NA%NA%NA%NA	10
e0344d2da6c3c32fa1a8c4c1d00d2febe61a03f0	NA%NA%NA%NA%NA%NA	10
e2f0b48af2ad8bcfe3efce904b6f06a249c8aaea	NA%NA%NA%NA%NA%NA	10
f083ad9678fab08c6d0a6279141d1f35a5f87d41	NA%NA%NA%NA%NA%NA	10
bae3bdef65e16a446b05d54722f685c03fab7a35	NA%NA%NA%NA%NA%NA	10
ee22899c1c56d8d0341b433c23c338d686937c08	NA%NA%NA%NA%NA%NA	10
fcb14f17f2078e239cb136f006bbf41d8a35a5cc	Bacillariophyta%Bacillariophyceae%Naviculales%NA%NA%NA	10
fc2af36ff4bbc3c72434d9f442e8972706872c3e	NA%NA%NA%NA%NA%NA	10
fa37003f26daa10658952b2a077a2eff1ff71ed5	NA%NA%NA%NA%NA%NA	10
f7d334b1c9fdb3204c37c097d6041d816461fe66	NA%NA%NA%NA%NA%NA	10
84538123d7c7be0c3cf523471560357fa144fda5	NA%NA%NA%NA%NA%NA	10
f06a63e04f67759dffcdb4b427bfbb240f42f2a3	NA%NA%NA%NA%NA%NA	10
82e0e4d8b2e8082c85aeba1ffed4669d3a484f6c	NA%NA%NA%NA%NA%NA	10
875043d5909035b45ff332ecd7b22d76f4e3d84e	NA%NA%NA%NA%NA%NA	10
bed350ca8edab331dd559bdb52c15d73abe12611	NA%NA%NA%NA%NA%NA	10
cb8202f1f937186f65f1a6e427931879462ec716	NA%NA%NA%NA%NA%NA	10
cb1a9e6ee76792547b1416b32278f11a5990488f	NA%NA%NA%NA%NA%NA	10
ccb6d31848b0d283b7f18f61fcd653f54d40f0d3	NA%NA%NA%NA%NA%NA	10
caed4adaf96e1b86a660a12a031765c1f324158e	Arthropoda%Insecta%Hymenoptera%Pteromalidae%Walkerella%Walkerella benjamini	1
c4a13aa1f5ada2a198906247c93e5654504cf0b9	NA%NA%NA%NA%NA%NA	10
c5dcd5d79c5a400f53ba5c2fb25a3a80e6a6ab0e	NA%NA%NA%NA%NA%NA	10
c596bc8c8ad104f854bf1832912fdba2bfc04213	NA%NA%NA%NA%NA%NA	10
c39b1680db89331dd2a1285399f76b1a5bbe1395	NA%NA%NA%NA%NA%NA	10
cf7dfcade34c26e44afbc9e9a0e22d2adce8ebfc	NA%NA%NA%NA%NA%NA	10
de08b6824b95398fd0df0023c307b3972c5ea8d6	NA%NA%NA%NA%NA%NA	10
d532cb0a2f05fdf22e92a657d4d3e27c82a2f7cc	Bacillariophyta%Bacillariophyceae%Naviculales%NA%NA%NA	10
dfb54e526b0314616057eb3b9c424c8045403cb7	NA%NA%NA%NA%NA%NA	10
2ebfec32dab894db7fc81c6bed777ac2a6a7692e	Arthropoda%NA%NA%NA%NA%NA	10
202a880068dbe65a8086e1257461e54460546c0a	NA%NA%NA%NA%NA%NA	10
2178b8605f0c0ca93d898d3bcdbb1167dfee00c8	NA%NA%NA%NA%NA%NA	10
21d244a2bf11a1d80416d74c3231158992404bc9	NA%NA%NA%NA%NA%NA	10
24d92350e1ca7873fd7b579f7dab683a6a44b1b0	NA%NA%NA%NA%NA%NA	10
25b5f1b53bc2eae5ec075743f742e09fd64f7abf	NA%NA%NA%NA%NA%NA	10
2df71e9b78a73a387a5a8adb114c14ba72d882b9	NA%NA%NA%NA%NA%NA	10
2e66cfe9c76b3acff9d5a704f81125226e7f741d	NA%NA%NA%NA%NA%NA	10
00dc09901448bef4d3a9641ba4213c02c6ea5fc6	NA%NA%NA%NA%NA%NA	10
3039d10e8353f064e3852edc1c6125c433d3ba61	NA%NA%NA%NA%NA%NA	10
30e29421630b84648a4eaa71d754029632416d5c	NA%NA%NA%NA%NA%NA	10
320051c7ea0c96f6f55b33198cb3c6fe957acdcc	NA%NA%NA%NA%NA%NA	10
339b799f5449146be502669e45fe09ee3a2d5ff0	NA%NA%NA%NA%NA%NA	10
33c6a2fb452768327308bb1c2c656bce02735ec9	NA%NA%NA%NA%NA%NA	10
358021b0d8f91b74b723716a273b291c6120561a	Bacillariophyta%Bacillariophyceae%Naviculales%NA%NA%NA	10
0c14f1b270bf11ec9b020532ddb2d7eaaf0edc8e	NA%NA%NA%NA%NA%NA	10
0a9fdc03c6370c7341f6031dfc2c9da6f98a23e8	NA%NA%NA%NA%NA%NA	10
04ef7212f5665501889a7f6cc62e51b10ea84aed	NA%NA%NA%NA%NA%NA	10
02cae6c7c7983cf1d39178c3dc50fdcd8eba510b	NA%NA%NA%NA%NA%NA	10
35f15818ca4359e27aee5a12719e7057ea1ece1a	Arthropoda%NA%NA%NA%NA%NA	10
19713517717f2647f341af4a541966fb33cbc31e	NA%NA%NA%NA%NA%NA	10
1c347af9525e4e13f99b1ac40ae55ee675ac637d	Bacillariophyta%Bacillariophyceae%Naviculales%NA%NA%NA	10
1d9ce713d59ba416a688223a2e44a41664871082	NA%NA%NA%NA%NA%NA	10
1626428d38868b09ec8b4eaac17c2df58809a350	NA%NA%NA%NA%NA%NA	10
1538358f83b8f3bc7a5168411e153498efeafbad	NA%NA%NA%NA%NA%NA	10
4068406dc906ff2a1dba6bd042584f3af5f5c4e6	NA%NA%NA%NA%NA%NA	10
4881c2123fa4fa0de45fad128741426eb41e2778	NA%NA%NA%NA%NA%NA	10
43441b339a037bc13cf162406fd8f6597595aeb3	NA%NA%NA%NA%NA%NA	10
431801fe66754c35e8d47bd223cb8a36b2ff9fc5	NA%NA%NA%NA%NA%NA	10
4083bcdb6f187da8c23a011a5af72b52b391c05a	Arthropoda%Insecta%Diptera%NA%NA%NA	10
4befaafbf5714c450485882b0f05a0032f147cad	NA%NA%NA%NA%NA%NA	10
4eee6fc633522cfdb0672f34f678f0468c246102	NA%NA%NA%NA%NA%NA	10
580a45e7a4928e8a70be00f5fd200459ec25b5dc	NA%NA%NA%NA%NA%NA	10
5be464990c7c99fc8ed805f8eb1be7b0daac6a47	NA%NA%NA%NA%NA%NA	10
5c3a8e405a058148188f0da452e6df859cc9a6d7	NA%NA%NA%NA%NA%NA	10
72714c1f914ca977785f2d6dbef9db7afb178de9	NA%NA%NA%NA%NA%NA	10
55afc042ca225f051abe88da72f9ec35ab00694c	NA%NA%NA%NA%NA%NA	10
36f090965c3c3cb6501e94781ce05ceb6a93efd2	NA%NA%NA%NA%NA%NA	10
51295371665f33b85f61735d71cd5307699182a2	NA%NA%NA%NA%NA%NA	10
6e8188b6ee73c4d0deeb6e6f0f275dffa6d56efb	NA%NA%NA%NA%NA%NA	10
6dbe5b6f211e0ea9eaa64497c84a23aa01ea3f00	NA%NA%NA%NA%NA%NA	10
6ad4eea985e62ce8804031a8ab7be357fe05b4ec	NA%NA%NA%NA%NA%NA	10
3d095451a7fc476ce09ef45faa19dc1a98874eea	NA%NA%NA%NA%NA%NA	10
6817d577344d610b06b626235f029a50e866cc89	NA%NA%NA%NA%NA%NA	10
65dc511bc878f68a8ea24acdef041e4df14ac800	NA%NA%NA%NA%NA%NA	10
61c6c458656cfb8bb8c72bd8b3da71d75e743528	NA%NA%NA%NA%NA%NA	10
617bb3944f3420cce845aad74a49d43089c38ca5	NA%NA%NA%NA%NA%NA	10
60014446e55ecba40d2e803ebf645a0f73041b20	NA%NA%NA%NA%NA%NA	10
3d9133d9f0b0486d23017faebb8a6cc12cd4f2f3	NA%NA%NA%NA%NA%NA	10
763fa3c91b78a8d31eecc6fd7f9600a2530021e7	Arthropoda%NA%NA%NA%NA%NA	10
0f4e352a2cc933090cf6e1d9f80224cef6b9c767	NA%NA%NA%NA%NA%NA	10
20f6f91a33c19ac12f292622fae59874d732a106	Arthropoda%Insecta%Hymenoptera%Agaonidae%Ceratosolen%Ceratosolen bisulcatus	1
3113d8f8da6f1b987c56b0c508ecd8e378b07a4a	NA%NA%NA%NA%NA%NA	10
426294b8f857e144ed98439a77bcf4e08c1b9152	NA%NA%NA%NA%NA%NA	10
aa3b27468543916845f8aecdc8e39351bba13ae2	NA%NA%NA%NA%NA%NA	10
48bdf9260ddb7d94c823aa674a5f3a6d12c688e0	NA%NA%NA%NA%NA%NA	10
74d23b98404bb6867a3f6081c1514bbc7aa39b58	NA%NA%NA%NA%NA%NA	10
d5a624e1691b7ff1f45bc23716dcdde3d0f24f97	NA%NA%NA%NA%NA%NA	10
2aff54ac1d7bc625e05c1240b507856ee891b9cf	NA%NA%NA%NA%NA%NA	10
cecccced124049c5181690c3d7842548ba6b2584	NA%NA%NA%NA%NA%NA	10
9ed2904bf3b9a7f84c9da219c7608338bf65a319	NA%NA%NA%NA%NA%NA	10
6ab7d44c945e4bb1508531327b45a450dce400a4	NA%NA%NA%NA%NA%NA	10
afe416b0239f440690d09971319e513285d504a9	NA%NA%NA%NA%NA%NA	10
ff7deb92dbefc6c1a0d8fd065cc474da5b48ec4a	NA%NA%NA%NA%NA%NA	10
e0339442e71846999108a752607a1f6a18fa8852	Arthropoda%NA%NA%NA%NA%NA	10
62350acfc7239e1849a2af29cf8a3d9c73609f4c	NA%NA%NA%NA%NA%NA	10
524d2cb02523e6a8c3cfdf90a48f923180eee98a	NA%NA%NA%NA%NA%NA	10
b18765bf671c411a6828b23a7bae9ea17c8c7805	NA%NA%NA%NA%NA%NA	10
c3238948d5f83a5354bbe49e3c8678dc15558729	NA%NA%NA%NA%NA%NA	10
007142a735fecb82b5e6057dd5af25a0a583d03c	NA%NA%NA%NA%NA%NA	10
12683878c80f0050debfe5f0d5f1adabe2c2ba71	Arthropoda%Insecta%Diptera%NA%NA%NA	10
8d37ad6a8ec8edc01e60a239da43ed9eaa50fb72	NA%NA%NA%NA%NA%NA	10
6cacbb2290785e8a4bc7d5bad48372e887b2fe11	NA%NA%NA%NA%NA%NA	10
505b035f52da89de88af9e9d2d4cdf044336a8fa	Echinodermata%Asteroidea%Forcipulatida%Asteriidae%Asterias%Asterias amurensis	1
52b76bc19c3ce5371436eed2d6278ed34157fc9c	NA%NA%NA%NA%NA%NA	10
82486240f7537733134e7244f64dceb14ff899e6	Oomycota%NA%NA%NA%NA%NA	10
33f92f4d36321a842b58b74aab93c1933fc50681	NA%NA%NA%NA%NA%NA	10
4fe3b7e266b6f89a66a8d8128b935e9b4d7b1ba0	NA%NA%NA%NA%NA%NA	10
e45bb3f7de066023520f46410e9cdb17a4ba69c0	Arthropoda%Insecta%Diptera%NA%NA%NA	10
12ecf0fb38c6f225c5d9fde34db89171a9b0b849	NA%NA%NA%NA%NA%NA	10
e37e2ce12002e9108bbeb1199c2753d293afcbef	NA%NA%NA%NA%NA%NA	10
f5a1770107b4e8ab60e7e2ff9a7e79d3ed403cec	NA%NA%NA%NA%NA%NA	10
ca80cfca6d853761eedacda792fc7779d3625841	NA%NA%NA%NA%NA%NA	10
ce47e969317c560f4d630d1e0f88a9fc03417869	NA%NA%NA%NA%NA%NA	10
039238784fb676ac4ba2fbeda49cb912eb113d8d	NA%NA%NA%NA%NA%NA	10
8841d49dc3accd2790e715b1bf8ded4f917fc5ba	NA%NA%NA%NA%NA%NA	10
eecf986a056fef6b70b8724a993126bc3ac76a86	Chordata%Mammalia%Primates%Hominidae%Homo%Homo sapiens	1
d2b0dbefd601b968153ce58d0e8296b2fd9e0490	NA%NA%NA%NA%NA%NA	10
71399578cea869db68ff123a050a09d762e142a1	NA%NA%NA%NA%NA%NA	10
cc822dc800448660ef920d4ff4fba6b2d5f9b320	NA%NA%NA%NA%NA%NA	10
55b16f882847b3c03f04018f92de34be5bf0bf19	NA%NA%NA%NA%NA%NA	10
8f756ed9eef559fc4609899c8e8e997bb578e04c	NA%NA%NA%NA%NA%NA	10
a123b0e2a7b43ff8745fe5bde7798471cbe702ae	NA%NA%NA%NA%NA%NA	10
d6d0fb46a273ac81de6f8c85962c8733eec49bad	NA%NA%NA%NA%NA%NA	10
9846a17f3ee6907fbd8e01d90c9eab61ffef1826	NA%NA%NA%NA%NA%NA	10
fb2625f414b8d0847a218118c1b50b84cf044c53	NA%NA%NA%NA%NA%NA	10
751a0a5a61dcc09c1a2151cf379b52ad56865a65	NA%NA%NA%NA%NA%NA	10
844b0fde68b95f1ef1c6d74f2663836e146e8ace	NA%NA%NA%NA%NA%NA	10
b7a8f4f79992d498f86589bd4dd077e6ffebe199	NA%NA%NA%NA%NA%NA	10
c0af7023a3adaa8e5dcc16549b1ea619324b6e88	Ascomycota%Sordariomycetes%Glomerellales%NA%NA%NA	10
fad25c4703462d79025cc52bde50d0e4b9aa54bc	NA%NA%NA%NA%NA%NA	10
543a042788c01d37c25df6d0c5640a860ab874e8	NA%NA%NA%NA%NA%NA	10
c305a1556ddea3d346da17f632ee2e56e017056d	NA%NA%NA%NA%NA%NA	10
76f00309627c0aa32df035a0761822debc2d89f7	NA%NA%NA%NA%NA%NA	10
111f3092b248ecc34197274e09767be3037bc269	NA%NA%NA%NA%NA%NA	10
33e0abf69588c7beee60933e70b27a2b41105000	NA%NA%NA%NA%NA%NA	10
ec2cf2de60bdafe0d439a88b0d501b54ed0960a8	NA%NA%NA%NA%NA%NA	10
452a7e6a982032ba5cdea6bbf714c880baf18a97	NA%NA%NA%NA%NA%NA	10
92032dbb6839a3b2b8241cb036efa5a1f23fd981	NA%NA%NA%NA%NA%NA	10
b649bc1ff83add67a4cd411583a5da18cb1b99be	NA%NA%NA%NA%NA%NA	10
82247db9dd5393abc742749948a606a9cbedf23a	NA%NA%NA%NA%NA%NA	10
a716f9d7c0f0c059b9f0df6cc2b90604eac3e55d	NA%NA%NA%NA%NA%NA	10
4c70036c0e48e1583273eaa1ee6a1062cadef3b0	NA%NA%NA%NA%NA%NA	10
1ba5957caf5359b4bb24e28fec6ba50721ab9ffa	NA%NA%NA%NA%NA%NA	10
9790ee1a77b01ca24c7e31d13804ac79e1d1ad5c	NA%NA%NA%NA%NA%NA	10
77fa217218ec31a55ac0a71d01896301a8f3093f	NA%NA%NA%NA%NA%NA	10
d3049a9da703d8cd0912e86daf67d3a0cfa3d51d	NA%NA%NA%NA%NA%NA	10
9d18a006ccd72722bf55d22054381a21686ac118	NA%NA%NA%NA%NA%NA	10
890942df884f5d91402bcf96342f47ca3dca891c	NA%NA%NA%NA%NA%NA	10
394ab63be09a2bb82caa1b4fea06e58d2afb3c37	NA%Phaeophyceae%Dictyotales%Dictyotaceae%Dictyota%Dictyota ceylanica	1
6db6f98b64bbcb57c449fc9d1f6ab6ed60da6084	Ascomycota%Sordariomycetes%Hypocreales%NA%NA%NA	10
a121d4cb53544bd7b9a893ad00909d9be408f6a2	NA%NA%NA%NA%NA%NA	10
a15d8694f65ceb36bb308a368decd9ea3a7b5f5b	Ascomycota%Leotiomycetes%Thelebolales%NA%NA%NA	10
f3b4b03da4431d34867bf5655c1c97d321464a75	NA%NA%NA%NA%NA%NA	10
153043acd27d357b88eb33c8b3a3bee71aa8bec4	Ascomycota%Sordariomycetes%Hypocreales%NA%NA%NA	10
37bfe53e2462ea4ba1cd2c3034a0311248b873d3	Arthropoda%NA%NA%NA%NA%NA	10
d5e38e63b784156a18271b94c825771be0879459	NA%NA%NA%NA%NA%NA	10
1b4b4a95b2094be6ce51ccc09d84d8d09a935ee3	NA%NA%NA%NA%NA%NA	10
5c66129a232a73a464bb3be8d7233ae390621e9b	NA%NA%NA%NA%NA%NA	10
7f70f3b227f38227d34d404f1da4aa9fa69e9c53	NA%NA%NA%NA%NA%NA	10
606611cf1d7a8d9da1fb0405ada428f13ec0e198	NA%NA%NA%NA%NA%NA	10
e14132f7ba0c9e725c2c0bd96571895d469531e5	Ascomycota%Sordariomycetes%NA%NA%NA%NA	10
e91146c4a952a84802c8c4f9df9e629effd86775	NA%NA%NA%NA%NA%NA	10
263ac741f7908f0369e0d7107c41dd75a6f3ccf5	NA%NA%NA%NA%NA%NA	10
9536068a67209927a1c8f6b477bafa19c70657c4	NA%NA%NA%NA%NA%NA	10
369ccb89cb687d2a1ae6633e00ce3c64c424e391	Discosea%NA%Himatismenida%NA%NA%NA	10
96220fb063273ca4136f88a6a485f7c6eef795f3	NA%NA%NA%NA%NA%NA	10
5c8829b0e0fae13f4bd4a7b704a6f015f77499bf	NA%NA%NA%NA%NA%NA	10
331959432e8e6c56898666492f53099d4f905619	NA%NA%NA%NA%NA%NA	10
e1cd9b127cf8b0df118fb063d781274490a69bef	NA%NA%NA%NA%NA%NA	10
bea10c67178b62ac498fc671237fa69dd1b1cb7c	NA%NA%NA%NA%NA%NA	10
385f468a0a64552d9a759e17f612a9848c3afd46	NA%NA%NA%NA%NA%NA	10
b1dc197a7fa2dfe4cc2296f814c945b43d0cc2b6	NA%NA%NA%NA%NA%NA	10
0009488fc766ad53639beb154b541653a887eac6	NA%NA%NA%NA%NA%NA	10
6455a341a75cec2f1b79f9a01cd943786f73bcbc	NA%NA%NA%NA%NA%NA	10
4f30c0fd5e680e7a4a9ca74282f7da233aa7ce3f	NA%NA%NA%NA%NA%NA	10
537cea46162602a4da1d9278355518006d122c8b	Arthropoda%Insecta%Diptera%Chironomidae%Cryptochironomus%Cryptochironomus sp. BOLD:AAI6006	2
d1bae367a9e6563fce98a7c8beb66e6ad902b85b	NA%NA%NA%NA%NA%NA	10
7f27c4259d46472f3b635376a357b43f6ad819e8	Bacillariophyta%Bacillariophyceae%Naviculales%Phaeodactylaceae%Phaeodactylum%Phaeodactylum tricornutum	1
81dfdb53692c90df125fd90f33e3fdd59adb6dfc	NA%Phaeophyceae%NA%NA%NA%NA	10
dae0b77551bc91b060ee907e1e7153b816b59b73	NA%NA%NA%NA%NA%NA	10
f34f345582678dd3f3190739dec749716cca38fb	NA%NA%NA%NA%NA%NA	10
1b27b1c8edcf647d9bfbca360009279de694fb4c	NA%NA%NA%NA%NA%NA	10
2e263fa13f11e054acb663908bf23e1d2f0d1261	NA%NA%NA%NA%NA%NA	10
c8f5ddc2a18c63da873713ae6c2d08f65cc42649	NA%NA%NA%NA%NA%NA	10
539f64871c53b9944126ca74a650a9025faedff1	NA%NA%NA%NA%NA%NA	10
fe4828c49482f1c1aa4174560edb7d1a79883816	NA%NA%NA%NA%NA%NA	10
03e5f85b50dff37c384ee430f353aeaefaacb46d	NA%NA%NA%NA%NA%NA	10
15a1532886dc49c136430c922171f13383c913ed	NA%NA%NA%NA%NA%NA	10
25e1de940393a222980f7ff7a6e34c1877a90cab	NA%NA%NA%NA%NA%NA	10
3dd7228fb59c690b1e88487698f82ff11dc7140b	NA%NA%NA%NA%NA%NA	10
41be841ac0d4095a4b888410ffa0483ded976fb1	NA%NA%NA%NA%NA%NA	10
6a38bae7146ca43cbc5aaa70762721e18cfe1405	NA%NA%NA%NA%NA%NA	10
a43cd6b699723a14f9029f668018ef40336bfd50	NA%NA%NA%NA%NA%NA	10
dc20669eae5a276a21e5a904fd5e9336ec9ad4e2	NA%NA%NA%NA%NA%NA	10
de5e813031bdbb1546960114a2a5db03fc2d5541	NA%NA%NA%NA%NA%NA	10
ad1c898faa80eed62c9eff87dfeb13c0876ae4cc	NA%NA%NA%NA%NA%NA	10
45859bdcc6cb6b65a3a468db7881e35fb791c446	NA%NA%NA%NA%NA%NA	10
5e490b28a8eeebda20b9d0b404f3baeccc693615	NA%NA%NA%NA%NA%NA	10
29ef6fa5bab15a4ee4822a451249d748bb109ac2	NA%NA%NA%NA%NA%NA	10
5f4bbaa4ff4d1b73384a78df632203cfa8fb37e9	NA%NA%NA%NA%NA%NA	10
95a3fa68f8f277b808a48bb2bfef82ff29af1549	NA%NA%NA%NA%NA%NA	10
ef1f853cc68d323a326b74cfd423c9b54c64b87e	Arthropoda%NA%NA%NA%NA%NA	10
13736ad9cc034abfe5707ee682fa459a0361075d	NA%NA%NA%NA%NA%NA	10
2406da8156babf82c9811cfed20838afd7ac482f	NA%NA%NA%NA%NA%NA	10
e4133d9420fae061070f525c53c48cab9963aae1	Bacillariophyta%Bacillariophyceae%Cymbellales%NA%NA%NA	10
c1a344eaf4ca24c07e1a6f1baa5602dfe4b115f3	NA%NA%NA%NA%NA%NA	10
07882f1de2750481da03d6b3fd912f6627d8c5b2	NA%NA%NA%NA%NA%NA	10
02e6fcab197829864a699403c719268e6fb904ef	NA%NA%NA%NA%NA%NA	10
59cb8ca80bc91fcfeeaec47a5807816c6510948e	NA%NA%NA%NA%NA%NA	10
93571cd133440a223eb91a32c44c98ae93a5f71a	NA%NA%NA%NA%NA%NA	10
af2daf7d025b91d41d3ab6a1d1d947815b5e21af	Chordata%Mammalia%Primates%Hominidae%Homo%NA	10
d6c3cfff303ed9c76ee9bd4a6fd27da74df37c22	NA%NA%NA%NA%NA%NA	10
cc51daf72cc9f1f6a6e0fc392ca4096d608858a8	Ascomycota%Eurotiomycetes%Eurotiales%NA%NA%NA	10
0042533f02dee55916eb93fd32c1d640cfe14a8f	NA%NA%NA%NA%NA%NA	10
ee7f00b77f32f329e913fdedc2af7f0e7c65d834	Oomycota%NA%NA%NA%NA%NA	10
2781ab35ea6fb85f584d8bc5e7d29080ba26fdc6	NA%NA%NA%NA%NA%NA	10
1b60c3565e9deaecb20b1691105f0c1af0d133a4	NA%NA%NA%NA%NA%NA	10
1cc59b6404575a60ca7f4fb6664430d085a2af4a	NA%NA%NA%NA%NA%NA	10
45fe759c8d88fbe4f3361cf5fe16823814647ee1	Ascomycota%Sordariomycetes%NA%NA%NA%NA	10
2a601c66eb702a0ef09eb08af53040c08aff77ac	NA%NA%NA%NA%NA%NA	10
b615097930d0f320d8a5ebffecdfc25a2bc2fbc1	NA%NA%NA%NA%NA%NA	10
8ed83cb188cebf79774b6745c9de8d2716816572	NA%NA%NA%NA%NA%NA	10
7a161661798947f3e4729ee9056da9bf5c5f86c8	NA%NA%NA%NA%NA%NA	10
7d3ab741756ef9ae08521ed97166bfa223fbe840	Arthropoda%NA%NA%NA%NA%NA	10
cfab497d9c5db171bc7416c8b578e9b9dd4ddd00	NA%NA%NA%NA%NA%NA	10
bcb1a3bb0ff80de3108ef00302b03a67c4522292	Arthropoda%NA%NA%NA%NA%NA	10
a9f8cc8d73a1f76c60cc9ac1644a08db1accccba	NA%NA%NA%NA%NA%NA	10
01ab4ce0314a9e15b6d352f2f0d6755a25b5b8f4	NA%NA%NA%NA%NA%NA	10
eab15c00ec850a198c6dd7f7e7d36e21c580549b	NA%NA%NA%NA%NA%NA	10
f08d81f98201941f35e34dfd9cdd4a53cd77eb89	NA%NA%NA%NA%NA%NA	10
f0c4d7ef87f1c283b370c5319560f08bb661f750	NA%NA%NA%NA%NA%NA	10
9afb0aba67659ff3b7822d984874b25e52aaeb66	NA%NA%NA%NA%NA%NA	10
2e1ec15876023e01ab9d2f7ab1cd5b67ea36d3c4	Mollusca%Gastropoda%NA%NA%NA%NA	10
38eaa300aa2ce01779590eb61c6efa476151261d	NA%NA%NA%NA%NA%NA	10
8f28b88b07338b080ec5493db73dc6679546e467	NA%NA%NA%NA%NA%NA	10
2326835c0f4d215a726839defea003705b3b03f6	Pseudomonadota%Gammaproteobacteria%Pseudomonadales%Pseudomonadaceae%Pseudomonas%NA	3
6510c12a83fccb09392a8914c8079409caae9a48	NA%NA%NA%NA%NA%NA	10
69a474a4dc9505c43e281c58775448dea13d84ca	Arthropoda%Malacostraca%Decapoda%Porcellanidae%Porcellana%Porcellana africana	1
7b3a9cd7ae8896bcb64b6d6a0fa71ba5509872ef	NA%NA%NA%NA%NA%NA	10
ac6504395ade46683fd88bd0fa522f07cc1e4ce0	NA%NA%NA%NA%NA%NA	10
a111f86d50b5fe089e8e71c8f6747994247e54c8	Arthropoda%NA%NA%NA%NA%NA	10
8b9420bfaa9bb53aa6263bdc13e2d48c42b7bd80	NA%NA%NA%NA%NA%NA	10
8a179e6c529ca76218f32a9384ad3ecfc8821df1	NA%NA%NA%NA%NA%NA	10
85a3f28c7976f203f940147878a7a654d18d239b	NA%NA%NA%NA%NA%NA	10
98729d69b9a16e535476531966a3452759a9cbd4	NA%NA%NA%NA%NA%NA	10
944993033ee794ea2c9e6c58304e4d0f583f4b1b	NA%NA%NA%NA%NA%NA	10
924f503e20ec24d63a38fb55f67b7b07daa50a68	NA%NA%NA%NA%NA%NA	10
e4e516546d52c2ddb7d19e52ec2ee74ab8148e49	NA%NA%NA%NA%NA%NA	10
ec182917479d20302c5fcf26d6205dae78e24dc4	Arthropoda%Insecta%Hymenoptera%Agaonidae%Ceratosolen%Ceratosolen bisulcatus	1
eef9e88a6e6bbc0f744a53e4dd1a4512ccb80c29	Arthropoda%NA%NA%NA%NA%NA	10
f077872ba3dd3e95f8fb47c503dcc00c716ba127	Arthropoda%Insecta%Hymenoptera%Cynipidae%Dryocosmus%Dryocosmus kuriphilus	1
f28e79c44b1b6afe5ceb7af090580397104de05a	NA%NA%NA%NA%NA%NA	10
fc7187e604b723790553e58b422553d8b188fbb9	Arthropoda%Insecta%Diptera%Chironomidae%Cryptochironomus%Cryptochironomus sp. BOLD:AAI6006	2
d55276f184bd7068d8e20f804b7dbf54574d16b7	NA%NA%NA%NA%NA%NA	10
cac7fcb64fc08d37f505708f3b27012fd1e84349	NA%NA%NA%NA%NA%NA	10
d3e002d271882cfd18e013ad7110d268c4d0d908	NA%NA%NA%NA%NA%NA	10
db58d8388a22bf637e892d80680d192525064e75	NA%NA%NA%NA%NA%NA	10
ddcc383206e007cf6e71e4bc69eec2d31348ba9f	Arthropoda%Arachnida%Mesostigmata%Phytoseiidae%Amblyseius%Amblyseius krantzi	1
2ee1e317ca5b7acb58f01ea3c4eb8a1160adc02d	Bacillariophyta%Bacillariophyceae%Naviculales%NA%NA%NA	10
37fdedc5c5d1c67b69c009e0833640ac096afafc	NA%NA%NA%NA%NA%NA	10
3fac302bd9fed8758f35b3e46bab3dadbf1049dc	NA%NA%NA%NA%NA%NA	10
41fc62c561e6af448701e36f009dbc6d01c1d19a	NA%NA%NA%NA%NA%NA	10
4493b9ce285d2c28a8e1fd1ef6c14ba90d183e57	NA%NA%NA%NA%NA%NA	10
060fed787715c7a9ad46d3d348a4fc1bea64bfc5	NA%NA%NA%NA%NA%NA	10
0f1866eb255a2677d5dbeb47a645c38edac98bed	Chordata%Actinopteri%Cichliformes%Cichlidae%Amatitlania%Amatitlania nigrofasciata	1
1dcba5a9214b5b77102200f22507dd4e211e4f1c	NA%NA%NA%NA%NA%NA	10
61095876b6cc8de742a46c3d6fe0ee4307ecf7ec	NA%NA%NA%NA%NA%NA	10
7c02621162dafc1333d87b0b4360c8b6a77c07d6	Bacillariophyta%Bacillariophyceae%Naviculales%Phaeodactylaceae%Phaeodactylum%Phaeodactylum tricornutum	1
4a65a040ea6d1680ef8663a5d1c276315715b38a	Oomycota%NA%Pythiales%Pythiaceae%Phytopythium%NA	3
76de6da2237953f300e91bf98a5301a5a8bb2946	NA%NA%NA%NA%NA%NA	10
d448a3ee094bd6ae83a17ad2a6da8fc9a703e492	Chordata%Actinopteri%Pleuronectiformes%Scophthalmidae%Lepidorhombus%Lepidorhombus whiffiagonis	1
47c33cd18c997eacffa46e70b0265f98868d2cf5	NA%NA%NA%NA%NA%NA	10
161aa73a979e58d54df4d3135c2906b9c4740d1f	NA%NA%NA%NA%NA%NA	10
af9019ce4bb074fdda1ad869c3423bf75f548b53	NA%NA%NA%NA%NA%NA	10
cac316e71ed1c9d9c53dbfcf560ab6ecbdb1b7e3	Porifera%Demospongiae%Suberitida%NA%Terpios%NA	10
618d8e6f16a25d8ba7f1c5253b3f81d1b1c215a2	NA%NA%NA%NA%NA%NA	10
df8c82fd879e4275d1c5550e3821e0b5182a2685	NA%NA%NA%NA%NA%NA	10
6efa3ff84a74a66b19e5da56c47ff1b139836d99	NA%NA%NA%NA%NA%NA	10
7315f5d56b3d750695a2a4431b786d9a4d0a5fb9	NA%NA%NA%NA%NA%NA	10
3b0cd77f1a9212f0496cc807766965c3e380a8d6	NA%NA%NA%NA%NA%NA	10
b0d9e372699a28d201c35c58e8edc9cd9b6b21dd	NA%NA%NA%NA%NA%NA	10
cd5086b43d8352ae19212d2834ad555fcb510923	NA%NA%NA%NA%NA%NA	10
70a1dab174b31413e03659a1fc6484a57ccf244d	Ascomycota%Sordariomycetes%Hypocreales%Nectriaceae%Fusarium%Fusarium decemcellulare	1
f0f438d5ed07c4ba75fc52744bc3c95d97c16192	NA%NA%NA%NA%NA%NA	10
653547b727f5b2f3bbdd927a33b67501b323f553	NA%NA%NA%NA%NA%NA	10
fb257d37570d5e0c48dae1520a0850cfb5eb07ab	NA%Xanthophyceae%Tribonematales%NA%NA%NA	10
7febded2419d850e061c6baad92e47e046fd289f	NA%Xanthophyceae%Tribonematales%Tribonemataceae%Tribonema%NA	10
e08d0e9bef72abd215a80c85dfd97a7bd82e99db	NA%NA%NA%NA%NA%NA	10
ca1560d7f74ae2165b69f3c09d313d72b0a134f0	Ascomycota%Dothideomycetes%Cladosporiales%NA%NA%NA	10
c2c733a5a8e845e75a6e8328cd66632414ab8f9f	Echinodermata%Ophiuroidea%NA%NA%NA%NA	10
9f117a741c673d4c78e51d4861b31f9e6413e0da	NA%NA%NA%NA%NA%NA	10
cc9a8533a115503749cba6c6fb633f70f3e9fc2a	NA%NA%NA%NA%NA%NA	10
7b3aa7281e2db8a86e3372bd9cf7a3e0bc818af7	NA%NA%NA%NA%NA%NA	10
84f65ec317c09c0db48264d4a8320a9fc87fc401	NA%NA%NA%NA%NA%NA	10
1cc34352e886bdaf5e58b52cbfe8622714569b12	NA%NA%NA%NA%NA%NA	10
bab80c0b45513099c2eb696f4bbdd928f511ade1	NA%NA%NA%NA%NA%NA	10
2d0db3bb70016f8ebccea1bb1fc7db1109812077	NA%NA%NA%NA%NA%NA	10
d62edff3d1aa39850b2093eb919c6e5deb5a95bd	NA%NA%NA%NA%NA%NA	10
e5dc485d2f8b5f3954a6c661ca751729c34f4f97	NA%NA%NA%NA%NA%NA	10
0e02cf5352791360f29c4b1e53af56e0adbabf09	NA%NA%NA%NA%NA%NA	10
a9936526e14447ef876f4da0bb8f65eb0b377e59	NA%NA%NA%NA%NA%NA	10
5fa68e87616fb5146cb1c61ce28e2b8b00adccbf	NA%NA%NA%NA%NA%NA	10
3d30bf8e436b03d30794438c688c3ab6e6b7e407	NA%NA%NA%NA%NA%NA	10
e051304fad2f3633f4e9a7ccb5dc733550e1518f	NA%NA%NA%NA%NA%NA	10
9246227f023d61521e29e06cae97644d93977c56	Arthropoda%Insecta%NA%NA%NA%NA	10
2f575a38dffb7021c317a083670053785919052a	NA%NA%NA%NA%NA%NA	10
9e1c6519a6ad31f87362bbaa5a90060751dffa5b	Rotifera%Eurotatoria%Ploima%NA%NA%NA	10
03d0b2a3189480596d8b57a8561d7b65d2dcefdd	Chordata%Actinopteri%Argentiniformes%Argentinidae%Argentina%Argentina sphyraena	1
82cc78264becec5111345a6fb9a831dd26291a9b	NA%NA%NA%NA%NA%NA	10
85a184f0b8d3b7e84290dc0570bc5cb2f366e21a	NA%NA%NA%NA%NA%NA	10
974b7fd56f7f3c859cca578e8114611754c1a43b	NA%NA%NA%NA%NA%NA	10
3675cd37a46ae7cf7e1edf9e91a08d08e66e395c	NA%NA%NA%NA%NA%NA	10
46a448d2a965220e523174e6d81fb8d7a8252489	Ascomycota%Dothideomycetes%Cladosporiales%NA%NA%NA	10
cae57dd80c71eacc8162641df68ace7e6d61b974	NA%NA%NA%NA%NA%NA	10
583e4362b028697647605a44b1b20e0f9400ad62	NA%NA%NA%NA%NA%NA	10
ae3488e35e3d9772cd8d857b3e2c548403822dbe	NA%NA%NA%NA%NA%NA	10
71f7262be0d2914b49740db17670f0dde4ec6c31	Ascomycota%Eurotiomycetes%Eurotiales%NA%NA%NA	10
d6bd28087536a81b5b8e12a880cdd92c300fa579	NA%NA%NA%NA%NA%NA	10
fa74a348a62c72c40200eb8d4a059249ecaa35a7	NA%NA%NA%NA%NA%NA	10
88dbfec924904bfe6e8678931d353167802aefed	Arthropoda%NA%NA%NA%NA%NA	10
07954465fd3968e4a303d42eafd78cf523debff8	Ascomycota%Sordariomycetes%Hypocreales%Nectriaceae%Fusarium%Fusarium oxysporum	1
b143f5f25222fe346f62012df5e79808c9aa7abd	NA%NA%NA%NA%NA%NA	10
0f5ccf45b8780d33866123dd4ed1b973db836b89	NA%NA%NA%NA%NA%NA	10
31ff9fb75e1f2ee0109525f1f268f9329c44e049	NA%NA%NA%NA%NA%NA	10
45abc9baf1ec4b414716ff217d6ab1de7cdc47d6	NA%NA%NA%NA%NA%NA	10
7364f68014c39824e61b52be9af69d1e9e886098	Arthropoda%Insecta%NA%NA%NA%NA	10
dc24626723b9ad7fdeaaa048446e6458c7dead04	NA%NA%NA%NA%NA%NA	10
1a061bc0c680ba457313821234b0bd76203b74f0	NA%Dinophyceae%Suessiales%Suessiaceae%Polarella%NA	10
2c508a7317e83a47f7b72b386718f3fbb5b301f6	NA%NA%NA%NA%NA%NA	10
889406884c873722c00d48b78da88fd549223f5e	Echinodermata%Asteroidea%Paxillosida%Luidiidae%Luidia%Luidia sarsi	1
0147becf59e9d0d7688c31b8d01ea65962b65de0	NA%NA%NA%NA%NA%NA	10
981858b05e8d4f9bbb9145add8f72e7751371363	Ascomycota%Dothideomycetes%Cladosporiales%NA%NA%NA	10
99ab1703cb928bf9613f0a4b7ff3cf24a9f9f878	Cnidaria%Hydrozoa%Anthoathecata%Bougainvilliidae%Lizzia%Lizzia blondina	1
85f6363bc1af3c8a3acb16acdbab205b8a27e2cc	Bacillariophyta%Bacillariophyceae%Naviculales%NA%NA%NA	10
4da782ce80c0d89c3507dbd7a33884f9bdfbabbf	Porifera%Demospongiae%Suberitida%Suberitidae%Suberites%NA	3
96027357bd6070c350817591facff6b001f7ef8f	NA%NA%NA%NA%NA%NA	10
cf5296bc8898407d4ad99dfee44fee75d8701632	Arthropoda%Insecta%Diptera%NA%NA%NA	10
de2d0ac6fb62501738a699cdcd155983df07d78a	NA%NA%NA%NA%NA%NA	10
d521a542ebbe6d3fc05a7e9499fae361715933d5	Chlorophyta%Trebouxiophyceae%NA%NA%Elliptochloris%Elliptochloris subsphaerica	2
fc776cd1fe18d2110052d95e95514e3293e37803	NA%NA%NA%NA%NA%NA	10
678981b4e42e4383c5197e046b6eefbec9b50f7e	NA%NA%NA%NA%NA%NA	10
98c480114d2b17dfa3c0131c00e58c0b3ba48953	NA%NA%NA%NA%NA%NA	10
58fd8c98b0edb3302c0b62ce4f0f0676e912428d	NA%NA%NA%NA%NA%NA	10
3bf45fb02c47d0ada2f7219732032c6e0bffe239	NA%NA%NA%NA%NA%NA	10
5ea8f45a594c6ac2e3a443214730ae07d8537149	NA%NA%NA%NA%NA%NA	10
ad542e9102ec9224d5fb67569879fe3560f8d864	NA%NA%NA%NA%NA%NA	10
a09aaf442a28d7cc40b902620682933560f15240	NA%NA%NA%NA%NA%NA	10
6d96abe97d0ff5b84e357bdddd42592e639a01cb	NA%NA%NA%NA%NA%NA	10
4b739b14398325c635e506e906c04e4c63757455	NA%NA%NA%NA%NA%NA	10
0635c00a5c759b5e95a6ed8207640636af5ab46f	Mollusca%Gastropoda%NA%Caliphyllidae%Polybranchia%Polybranchia jannae	1
bccda55a605cc03d4cbef0dbcdd36f980df59199	NA%NA%NA%NA%NA%NA	10
aab73a511278ae68b786396f06616c1a861aae48	NA%NA%NA%NA%NA%NA	10
ab67f3490a240e133b9be0cde2f6d235f5c6e695	Discosea%NA%Longamoebia%NA%NA%NA	10
eefcd6464436e5c23fb60d1e95cfe921886c6693	NA%NA%NA%NA%NA%NA	10
06af098ce409d4af27e8fa1a4b4eb876b6f6cf90	NA%NA%NA%NA%NA%NA	10
5bbef20b1b67f1e1edee388a6bbae18d0510b9cd	Bacillota%Bacilli%Lactobacillales%Aerococcaceae%Aerococcus%Aerococcus urinae	1
cd48e1413c284c1491f4107e3ce04fe180d936cb	NA%NA%NA%NA%NA%NA	10
2657724d3fa04c227255f155d098e040a964daf6	NA%NA%NA%NA%NA%NA	10
6d78ba5db33496cba74ed6039dd908f79d73a924	NA%NA%NA%NA%NA%NA	10
09130135833091260d69b35abd21547c072ff076	NA%NA%NA%NA%NA%NA	10
b1b33887c1bc178832246f130cd06f13e463e817	NA%NA%NA%NA%NA%NA	10
b2289656b6de6c8d0e2df05f41bc3f4daf805554	Ascomycota%Eurotiomycetes%Eurotiales%Aspergillaceae%Penicillium%NA	3
b39dbbf9e66610a67d39eeb551666c5acd4b4a22	NA%NA%NA%NA%NA%NA	10
a3a041baff45052076345de29f44465d1e3affb3	NA%Xanthophyceae%Tribonematales%NA%NA%NA	10
03b8658a96f2e3dcb437c220254a9cafffade1ec	NA%NA%NA%NA%NA%NA	10
b382f9921c26f8cfe50443c1bfd103b9f2a9b54f	NA%NA%NA%NA%NA%NA	10
ce5d5aa0a305f6e00c4df027e372743e45f4822a	NA%NA%NA%NA%NA%NA	10
9300aa74554abe0be150fdbf7f0beaa4f9fa84f9	Arthropoda%Insecta%Plecoptera%Taeniopterygidae%Brachyptera%Brachyptera tristis	1
7c0b7eb12fc9520402ac34d0411e1345dbaa4240	NA%NA%NA%NA%NA%NA	10
05a301b8cf284b43b67d78002df350f53032dcc6	NA%NA%NA%NA%NA%NA	10
c99e0e3ec0b59c3f6ebfede66e74b1faec8d1714	NA%NA%NA%NA%NA%NA	10
24117f554d317220cab63da2032fd48e3b69ba9a	NA%NA%NA%NA%NA%NA	10
8f58a10cc72cf38c12183aa5e24ef42c1892216e	NA%NA%NA%NA%NA%NA	10
8d489893283abc512d7e89fded735bab5c9afc12	NA%NA%NA%NA%NA%NA	10
4b6d585116378ff92fb7ee159b7945a9eed17c3f	NA%NA%NA%NA%NA%NA	10
4cb48050d5bd287c8ba198539041fd8882aa972e	NA%NA%NA%NA%NA%NA	10
e2e7fc03e4347b7bc052698278fe80962bc74ef9	Ascomycota%Dothideomycetes%Cladosporiales%NA%NA%NA	10
05bc7b55ae47c24aa28f5ef0b99bd5480718e541	NA%NA%NA%NA%NA%NA	10
df03d82c1473b4a2529e2d3a0e1dd75b7d94a175	NA%NA%NA%NA%NA%NA	10
6290c805ff8e863e31322bb9e012388b3bd8e7eb	NA%NA%NA%NA%NA%NA	10
a2081820b6f1c164935cc4c64b7799e0c8db9c4d	NA%NA%NA%NA%NA%NA	10
7ba6ac4ef1e40466902e2215f57c390f3440578f	NA%NA%NA%NA%NA%NA	10
2d9592be0d269f165ea5eeb4fc69d733de91c911	Arthropoda%Insecta%Diptera%Syrphidae%Psilota%NA	3
521142b15307508f4560b4bf8c5c191d4e469cec	NA%NA%NA%NA%NA%NA	10
5ba14b6bd8de7e280d229984473493a4aa9b8d88	NA%NA%NA%NA%NA%NA	10
656412d9d9617ddae7b26740988f4ac4aeb9c85c	NA%NA%NA%NA%NA%NA	10
0fd5c60d93ed3dd2557bb1207b682bc7d91313d0	Ascomycota%Sordariomycetes%NA%NA%NA%NA	10
da3cc4139f6d12c77ed65be72303a1869a3e7c5c	NA%NA%NA%NA%NA%NA	10
cb167e35c369374c2b058121fc69a9c31ce0a0e4	NA%NA%NA%NA%NA%NA	10
68b9d7dc09067eebad56dc608577569b55871b1e	NA%NA%NA%NA%NA%NA	10
d9bfa1da0e28649ebecbfe8e173493d604dafb4c	NA%NA%NA%NA%NA%NA	10
a0759fb2e21253b0c860c21f7d7ea0a566b4f9ca	NA%NA%NA%NA%NA%NA	10
1924ec6f0cd7ab39c68b10404cdd955eade2f81a	NA%NA%NA%NA%NA%NA	10
23de94f70cd91fc77ec564bc24ab4f6eb1c96e0e	Arthropoda%Insecta%NA%NA%NA%NA	10
9dcebc4824e37a3577cd08f296a0a2a72ce15187	Bacillota%Bacilli%Lactobacillales%Aerococcaceae%Aerococcus%Aerococcus urinae	1
cd1d26f84c6b69957f156ca2fbcb1ca2b431e20d	NA%NA%NA%NA%NA%NA	10
75c23919e3600ecf498c07fb998d6aa688e4cf45	NA%NA%NA%NA%NA%NA	10
7603ef7f1e89d54e1c143eb9fe5d31652a26bdf2	NA%NA%NA%NA%NA%NA	10
4bd3eb171d0653d241a167ab8fa9019268c6a010	NA%NA%NA%NA%NA%NA	10
d57715925ca5d9844d6374744249ef0953e96415	NA%NA%NA%NA%NA%NA	10
c2c92c830fde867f09130cd42dcd24ae5c11855e	Arthropoda%Arachnida%Mesostigmata%Varroidae%Varroa%Varroa destructor	1
c3120cd8c84f21ad18105fa42214df78189c3e78	NA%NA%NA%NA%NA%NA	10
4b53101b0756149c6f3492a09fa51cd6c3d29834	Ascomycota%Dothideomycetes%Cladosporiales%Cladosporiaceae%Cladosporium%Cladosporium tenuissimum	1
fa59bc4d903b06dbcbfb7eef95047fbb0219f32c	NA%NA%NA%NA%NA%NA	10
1d92393f1543bd66e443bca712cd7cb46c1cb1a3	NA%NA%NA%NA%NA%NA	10
21d6ad738020fae8f2f12d4164056db7344a7062	NA%NA%NA%NA%NA%NA	10
383bcaf22a7670aae1138ce37230a188b5205f5b	NA%NA%NA%NA%NA%NA	10
ff184eba9c23e09bf8674efef4a94a64acd10f20	NA%NA%NA%NA%NA%NA	10
5e4bdd427884deabe7cc306e723e1505d2c9335f	NA%NA%NA%NA%NA%NA	10
48e138f1598d242761d82eee6032b2d1a272d2fa	Bacillariophyta%Bacillariophyceae%Naviculales%NA%NA%NA	10
53550cda3673bb03f97573d8840ea005e31ab83e	NA%NA%NA%NA%NA%NA	10
88ac4f910de7530f00a923b625816f7c262fe033	NA%NA%NA%NA%NA%NA	10
834b0e5a3f84cb783911f8251e15f87374e58697	NA%NA%NA%NA%NA%NA	10
c1ac8dbaeda4dbce968ccc721afacadeb86d1eb8	NA%NA%NA%NA%NA%NA	10
a0d18376953ee0ffcc7f6e16499d706bf9b3de00	NA%NA%NA%NA%NA%NA	10
a614f9bb6e69dd857e09fb39605d61b557eb277d	NA%NA%NA%NA%NA%NA	10
ab2017174a9ab20f8576da266d10c8291b30093f	NA%NA%NA%NA%NA%NA	10
abb33b83512964c3f85a013b757272fc256d6271	Bacillariophyta%Bacillariophyceae%Naviculales%Naviculaceae%Navicula%Navicula cryptocephala	2
aeb95c975b4e78e41b60acd7017ffaaec748d2d7	NA%NA%NA%NA%NA%NA	10
e7242387fd0b47d7fbb4dbfb825b7638028c8987	Ciliophora%Oligohymenophorea%Sessilida%Vorticellidae%Carchesium%Carchesium polypinum	1
e828fc709a23c59d5e589d5e71c045f63b9c72e8	Porifera%Demospongiae%Tetractinellida%Theneidae%Thenea%NA	3
fe363148f7aa5a9f9edaba9eb601f78d0f575ec6	NA%NA%NA%NA%NA%NA	10
987dd16dbf716c641cd93f4d74b4fe5db26d7fca	NA%NA%NA%NA%NA%NA	10
f6066ec0efb3d01aa7d3efa929333c520754acb9	NA%NA%NA%NA%NA%NA	10
c64b13bab9ca06282f5ba0feb9a72ec6e743df24	NA%NA%NA%NA%NA%NA	10
c814a2eeff0b13f7909e352e9acb06d29fd60e69	NA%NA%NA%NA%NA%NA	10
ce1aa9a832be7e664591c3fd3e094f4878a633c6	NA%NA%NA%NA%NA%NA	10
f0d760cc57b4dee5908deed9ab85f6e5c0f2fb87	NA%NA%NA%NA%NA%NA	10
d67cc0e3628119d645aea92ec77b0e729c070f6e	Bacillota%Bacilli%Lactobacillales%Aerococcaceae%Aerococcus%Aerococcus urinae	1
d72c27edb28c45061638c5ea5c6bd15847da6e43	NA%NA%NA%NA%NA%NA	10
f057b4fa610c556f9c3a87a65408d6e466364df1	NA%NA%NA%NA%NA%NA	10
26aea156b07eb55a0fe9411a2a3af4a50c9d48e3	NA%NA%NA%NA%NA%NA	10
290d874345d5fe39df426f08b27555980f29d680	NA%NA%NA%NA%NA%NA	10
31b304224c1254065425bcefd0e2efad44963d95	NA%NA%NA%NA%NA%NA	10
3a4f015d4131be5b8ada4c07e190f7f5d36386a2	NA%NA%NA%NA%NA%NA	10
3c377468b0afaa65265cbb02fa08335a6632a841	NA%NA%NA%NA%NA%NA	10
4031f08c2ea8eea5a2c60367d90669b6e765ec47	NA%NA%NA%NA%NA%NA	10
0791f4685d2d63a6c762d4709f74b0e13e35304d	NA%NA%NA%NA%NA%NA	10
08de97257bcc25cb4e6f054d76a00112ef31ef3e	NA%NA%NA%NA%NA%NA	10
0dcaffa366d0e2cea93a9a891ff55322eccd0550	NA%NA%NA%NA%NA%NA	10
0decccf8f9bb8d7de405d76d7cdbac3923819457	NA%NA%NA%NA%NA%NA	10
1a2dd476bdbb88d1fc00acbae1eca739ce8f2a9a	NA%NA%NA%NA%NA%NA	10
146ae10935cbed95cbe27bafb2b636573d341d1c	Ascomycota%Dothideomycetes%Cladosporiales%NA%NA%NA	10
162b7d89997ef04cdbfb830c32b7a21e1203911f	NA%NA%NA%NA%NA%NA	10
1f91e7f7d18c7110d984ca41dea8741088e001e3	NA%NA%NA%NA%NA%NA	10
54ba29376e098527824a20863008c44768516324	Bacillariophyta%Bacillariophyceae%Naviculales%NA%NA%NA	10
52428701380ca29ac4545046ea6aee1ef64f3d25	Arthropoda%Arachnida%Araneae%Linyphiidae%Tapinocyba%Tapinocyba affinis	1
577cd3428a6b8a73745acb6a840f1d7ccd989dda	Mollusca%Gastropoda%Cephalaspidea%Aglajidae%Tubulophilinopsis%Tubulophilinopsis pilsbryi	1
57e5c1c64983e6093197d1ad565c572037a3010b	NA%NA%NA%NA%NA%NA	10
58e7b32e70361ddd53a139b518f265ff755f7134	Arthropoda%NA%NA%NA%NA%NA	10
6c3e977a1e0539db1ddd2c99b863937286a075bd	NA%NA%NA%NA%NA%NA	10
885b56c9a638f888ac992485399f4fa086dcc43a	NA%NA%NA%NA%NA%NA	10
4cd6b02af56514cba57ce6c9e7035684de01ec83	NA%NA%NA%NA%NA%NA	10
63a3a4d5e06770df5757d05632e675b05263e25f	NA%NA%NA%NA%NA%NA	10
78f1734861379d46cd18196b7d685dc69f001623	NA%NA%NA%NA%NA%NA	10
7ea0a9970894abb114a3ddf1e46123a0f81cc4c8	NA%NA%NA%NA%NA%NA	10
76b017cbceddae71ab504cf3c1fd2e1305697ef0	Discosea%NA%Longamoebia%NA%NA%NA	10
89c0572abc640fec2f0afdf3dbdc21c51b43cd25	NA%NA%NA%NA%NA%NA	10
a042ec0bec28023cf9316c1f046690b2df9681c9	NA%NA%NA%NA%NA%NA	10
dbbcac3b4a72216f677f7b7798f07f971bc484c1	Arthropoda%NA%NA%NA%NA%NA	10
c6219b964e926e78522d94353bb9a2ad7b8f8ea8	NA%NA%NA%NA%NA%NA	10
b4e29a72533644ba26b789481802235662775121	NA%NA%NA%NA%NA%NA	10
4c9f5f1e622bf63600989a385516fbcc5e1f3f36	NA%NA%NA%NA%NA%NA	10
d25a99dfa312b59a5cf7278e9b5b9d2b1bc32fbd	NA%NA%NA%NA%NA%NA	10
52cdf89e990c74e5e3e0c935d9a5461690a21594	NA%NA%NA%NA%NA%NA	10
8322f1fd21554346e3a33c0b7676785f68b29ae4	Bacillariophyta%Bacillariophyceae%Bacillariales%Bacillariaceae%Nitzschia%Nitzschia palea	2
766445d091ff0eeb8872d6018722ef77212e33aa	Arthropoda%Insecta%NA%NA%NA%NA	10
aab9c5eef7bc727116c21ebc6616a87999b031f0	NA%NA%NA%NA%NA%NA	10
e4c95000f4e21b165856d2773b32053c6d1d8698	Ascomycota%Sordariomycetes%Glomerellales%NA%NA%NA	10
e23b41a0b896ec3d14dcc9844227f3b526e8ae2b	NA%NA%NA%NA%NA%NA	10
466881f302124e0b2a1e9947364f1c011e59740f	NA%NA%NA%NA%NA%NA	10
d27622ad511267dc1e55dd4a568c032616fda1e9	NA%NA%NA%NA%NA%NA	10
66bfde286679585e143ad32a1944750c15a89806	NA%NA%NA%NA%NA%NA	10
04104b17af6e9409d7f69a39e4a5f5f5e61fd243	NA%NA%NA%NA%NA%NA	10
aaf8209a0a566f83697ec3348bb20c795825bcea	NA%NA%NA%NA%NA%NA	10
607c13d261db21c076dd273e607c279ee83e3435	NA%NA%NA%NA%NA%NA	10
773fff4041a526003511c500fa75cc1b3df86d8f	NA%NA%NA%NA%NA%NA	10
3def73d7b66d7a8ea64595187250f57b0643c353	NA%NA%NA%NA%NA%NA	10
a552c54ccba5f98e4c0aa3a9d06306eab2dfd1fd	NA%NA%NA%NA%NA%NA	10
550754a847f0aa1457cceaa65ea713c4d9af6bcd	NA%NA%NA%NA%NA%NA	10
d77908495b37f470960e6771e15a53705e05f545	Rotifera%Eurotatoria%Ploima%NA%NA%NA	10
75de4dddb7175f09f642f407f29ee7a863629463	NA%NA%NA%NA%NA%NA	10
f2791bab7afd1668783fa8da50f262ff4d1b39b2	NA%NA%NA%NA%NA%NA	10
8eb178c5c4a353274f1e695546fb1af4c33d6510	NA%NA%NA%NA%NA%NA	10
c5746a7ec2c843d63c01f974a3b1d7826eb7a295	NA%NA%NA%NA%NA%NA	10
7674d3a847b4b57d65dfc29e81c02093ff74e8de	Arthropoda%Malacostraca%Amphipoda%Niphargidae%Niphargus%Niphargus frasassianus	1
ea06fd91b822c849a4c76c26cc72e9c62c2e0395	Arthropoda%NA%NA%NA%NA%NA	10
ec0d197ddb9627942df6f4f7c6f4f44e55151684	NA%NA%NA%NA%NA%NA	10
34ff6eb4d43f558e8044da61626192f1d01f09ee	NA%NA%NA%NA%NA%NA	10
47b85564fdb35c8cf48885585debd10fd5aae212	NA%NA%NA%NA%NA%NA	10
84b4776c0f2adbeaf842dff111d57d2c8effd7bc	NA%NA%NA%NA%NA%NA	10
c1293ed1022fc1fe5c3142f9ad748fcc80cf8189	NA%NA%NA%NA%NA%NA	10
39abe6bb51e576195680a2f29e9a0b53e334789d	Arthropoda%Arachnida%Araneae%NA%NA%NA	10
0c65ef65760006f9212a808de2b33c11e9f9371f	NA%NA%NA%NA%NA%NA	10
1bea868e6d60e6070a29980ca1e9db60aa3fbbd0	NA%NA%NA%NA%NA%NA	10
dfe4c4770d8d6ff318db59f8c08b418e3911209d	NA%NA%NA%NA%NA%NA	10
03408b210dc1278692ef8c59639d795bfe10e679	NA%NA%NA%NA%NA%NA	10
96a3b94e9e58875bf9f609cf8614e7ac1ce9c3ab	NA%NA%NA%NA%NA%NA	10
69fdb93d71791573370b8b52b050268eb4b73c37	NA%NA%NA%NA%NA%NA	10
ffa3830d129c48a204a8f2f37a43a912be13c564	NA%NA%NA%NA%NA%NA	10
a763e78479616cc9f0639f4057d55977dd429376	Oomycota%NA%NA%NA%NA%NA	10
6c4b39df097cdf418a72951509647a21c917a595	NA%NA%NA%NA%NA%NA	10
81b6af3c25c6b20ee3b8ebcdc68702b0dcd80b8e	NA%NA%NA%NA%NA%NA	10
f6043d74c60d3c1ed3c35cfbdac5671638a4f1e2	NA%NA%NA%NA%NA%NA	10
2994a928f4ef1406d11496c80d96a724774f90d3	NA%NA%NA%NA%NA%NA	10
7db2f9777ad66fd39467da7aed50ca72b8458cf7	NA%NA%NA%NA%NA%NA	10
292be846ac6cc60ca8346add7f8f627f06248a04	NA%NA%NA%NA%NA%NA	10
5c75f30c88a53dc342d31953de0a9ffff1d64c80	NA%NA%NA%NA%NA%NA	10
34ba30031c7a752ea3551277368e4c66443863ee	NA%NA%NA%NA%NA%NA	10
024409c7a4324f308d3edb9219f5c7b32d806a15	Discosea%NA%Himatismenida%NA%NA%NA	10
b862dcfd6e8278e1e8cb5aadf9938021a445b14c	NA%NA%NA%NA%NA%NA	10
5f4baf747d4c95ba42dd6a38f3c0a085ad8cca0a	NA%NA%NA%NA%NA%NA	10
bbbc8427c406bd84064c86c3c4f0f10e2b2d67d6	Discosea%NA%Himatismenida%Cochliopodiidae%Cochliopodium%NA	10
cf9c0a5320e2369fb88d37dc2e84f274445668a6	NA%NA%NA%NA%NA%NA	10
61f1d575337e2dcd610d1354471ec24583ede868	Oomycota%NA%NA%NA%NA%NA	10
11544b9a3289c56e1fb70f12554132a9f950d7ea	Chordata%Aves%Galliformes%Phasianidae%Gallus%Gallus gallus	1
3f9195e66760927a4e17c32125e4450020af2c3f	NA%NA%NA%NA%NA%NA	10
05207988b19fb9e9f897666f5fcbeab48b6927ff	NA%NA%NA%NA%NA%NA	10
c1ee414da96d3f68e862a0b53779ea66476cb5a1	NA%NA%NA%NA%NA%NA	10
6178c7944c532e73b02b2150336599f62503b7fc	NA%NA%NA%NA%NA%NA	10
6a8898ef54960ba5cf1fe942bf4a226fbb767640	Chordata%Actinopteri%NA%NA%NA%NA	10
8e2f68fc7ae6110a4161d009d90263820c4f4f96	NA%NA%NA%NA%NA%NA	10
75bbc3b0b6cb27bbcf53131ccee29a4fdf66bdbe	NA%NA%NA%NA%NA%NA	10
07772c09f693c1f15ccbf804fcf428f448120b41	NA%NA%NA%NA%NA%NA	10
356152aebdf69ba5415c94959eaee4c687f468d8	NA%NA%NA%NA%NA%NA	10
b775474533659ef49b0e6951b931f480cf844fdc	NA%NA%NA%NA%NA%NA	10
09e5c3ba228dcb087d7a0501e31568b7072f886a	NA%NA%NA%NA%NA%NA	10
3b500af0559849d3cc284ab9f02e67c41c557f5a	Pseudomonadota%Gammaproteobacteria%Pseudomonadales%Pseudomonadaceae%Pseudomonas%Pseudomonas fluorescens	1
329ef52097ae009fcdae2019331a63890bdd94cb	NA%NA%NA%NA%NA%NA	10
67d015096f4ee0bc65fb7c3642e283ee4a82174c	NA%NA%NA%NA%NA%NA	10
a06342e4ea69d8d1ea73efdfde59558296774d6d	Discosea%NA%Himatismenida%Cochliopodiidae%Cochliopodium%NA	10
98f179fb54004ba644135bd9837d6cc4100eac45	Arthropoda%Arachnida%Sarcoptiformes%NA%NA%NA	10
7e97708486368e757fe3de8f193a225745a11fe9	Oomycota%NA%NA%NA%NA%NA	10
820a790e1c589508e58fcd100dab01375853bcc8	NA%NA%NA%NA%NA%NA	10
952c6f868cde9431b0ba3dc62a96b4acd2f5049b	NA%NA%NA%NA%NA%NA	10
96c5f4f1fbcb5ec69e535e2131ac7ff4d11ab97a	NA%NA%NA%NA%NA%NA	10
d9ab8543f7c7e3746ef90006be5247485b77cfdc	NA%NA%NA%NA%NA%NA	10
2280cde5906d99f62854ab6213ffee544b7b9a0d	NA%NA%NA%NA%NA%NA	10
1d95689bc1b5a92854dd7580366ccbb8f51023fd	Arthropoda%NA%NA%NA%NA%NA	10
1e212852c56d8b38c73074992b2048fdcfd7840a	NA%NA%NA%NA%NA%NA	10
3b4c2e1418c180ed16e39ec6849099f44cb6c1ee	NA%NA%NA%NA%NA%NA	10
70b462e7ae069e1754b9bc781143934d05317f1c	Ascomycota%Sordariomycetes%NA%NA%NA%NA	10
5154da8b634b032dfd21803fcab6661c8e4eaf0f	NA%NA%NA%NA%NA%NA	10
3ba718517572b1857455cb628de901e0f775eac5	NA%NA%NA%NA%NA%NA	10
467ed0efacc98a606d82bdc3fc41ac5eb8ca5e2b	Arthropoda%Arachnida%Scorpiones%Vaejovidae%Chihuahuanus%Chihuahuanus russelli	1
9f5fa6ceb0a74cf133b394513f3ef289d151b837	NA%NA%NA%NA%NA%NA	10
b473fb3330a8d81b33f644322d21e4d044c21f9d	NA%NA%NA%NA%NA%NA	10
bff279f3dd76adc44d511a26db37233b586da418	NA%NA%NA%NA%NA%NA	10
942770a7df1aad94bbd1d620fe031f048a2c068d	Arthropoda%NA%NA%NA%NA%NA	10
de48e08fa37cb2aa62ce69b7b22c0d8655848f47	NA%NA%NA%NA%NA%NA	10
da1fab8235456d44cc3e4eea9ecd187cce7961bc	NA%NA%NA%NA%NA%NA	10
d836c964bd1764cddb5c516041df35a467977cf4	Bacillariophyta%Bacillariophyceae%Naviculales%NA%NA%NA	10
d5ff5f43a2937b883c12c1f096e002972c4b3391	Arthropoda%Insecta%NA%NA%NA%NA	10
e5808693d3f59860f610d4fb66b4300445f2e34f	NA%NA%NA%NA%NA%NA	10
f19c45be286012b5046f2aa7cc8d828287c3bee1	Bacillariophyta%Bacillariophyceae%Naviculales%NA%NA%NA	10
f0f87dc38c75b24c4f2c81d75045875715a9b221	NA%NA%NA%NA%NA%NA	10
266b4760ab2c164e7bb76e32658fb4736a77c1d7	NA%NA%NA%NA%NA%NA	10
26c87819fcce12bc884ac959db1605ff1315e30d	NA%NA%NA%NA%NA%NA	10
29e580aab8fb852c098b12b3d6887b5175d7fdb0	Bacillariophyta%Bacillariophyceae%Bacillariales%Bacillariaceae%Nitzschia%Nitzschia palea	2
34fa076fb2c4a4fa3b1fd002042bf4d23ef832a1	NA%NA%NA%NA%NA%NA	10
3586f9ada900ccab3cdd69866f06cb622504342b	NA%NA%NA%NA%NA%NA	10
1471acbb1c093f998c958640dbb12bb9eea149cb	NA%NA%NA%NA%NA%NA	10
018bcb40315118e7a126ccf4be5520d8566d7976	NA%NA%NA%NA%NA%NA	10
50e9e77be21bd8b81c7efd78f6b0ed6d249f8915	Arthropoda%Arachnida%Scorpiones%Buthidae%Odontobuthus%Odontobuthus brevidigitus	1
59a8a20c2b446c0f3600958880e4c8af73aace1b	NA%NA%NA%NA%NA%NA	10
5f8c9f14a5a6872a18be572e3a936408282d03ac	NA%NA%NA%NA%NA%NA	10
3a7c0c12cbe1bb81619f6fa1d190995c51e300fe	NA%NA%NA%NA%NA%NA	10
63bcb9e5958f904a9520007ba04a3b1c8256bb2d	NA%NA%NA%NA%NA%NA	10
756fa56616cb8ce48d62a54807f5d5bc515e750d	NA%NA%NA%NA%NA%NA	10
453687294696e331a9352f883699c35c41240b64	NA%NA%NA%NA%NA%NA	10
3c556f7d1ff556c427e8b354932db16bfe05973b	Bacillariophyta%Bacillariophyceae%Bacillariales%Bacillariaceae%Nitzschia%NA	10
46429340a8f29f532e99f4f752eb99b28fd8e531	NA%NA%NA%NA%NA%NA	10
3ed7db2487e0cc6371a9c15f6bed1c704ce6bf2f	NA%NA%NA%NA%NA%NA	10
0ca90a19c8e05fd4cf89798a4df1dabe87b6ca1a	Arthropoda%NA%NA%NA%NA%NA	10
f0e5ea13668335380b6f2fef4fabdfeb7d3621fe	NA%NA%NA%NA%NA%NA	10
bb931cee2eeb118e7a7c6e89e5376f0363119850	Arthropoda%Arachnida%Trombidiformes%Unionicolidae%Neumania%Neumania deltoides	1
daea8eaedb51587e5cb10d2e0e4a0cee11386c33	Arthropoda%Ostracoda%Podocopida%NA%NA%NA	10
ef405a701318c1324ebf596e884efa7b3d0d17b4	Arthropoda%Hexanauplia%Cyclopoida%Cyclopidae%Eucyclops%Eucyclops cuatrocienegas	2
e4bd90d953dc50bc97443dadd5e31f07a1bbad94	NA%NA%NA%NA%NA%NA	10
be554e76c66992d1824a60d4e61cdc8421220112	Arthropoda%Branchiopoda%Diplostraca%Eurycercidae%Karualona%Karualona penuelasi	2
c4e65a97bbed4a08187ee2ba4192eb2553aabd63	Arthropoda%NA%NA%NA%NA%NA	10
51d6d8303f5343ec40543b66643fae086601f655	Mollusca%Gastropoda%Nudibranchia%Dendronotidae%Dendronotus%Dendronotus venustus	1
101edae9fc1266b5c0f55d3364384bfcaa0ee566	NA%NA%NA%NA%NA%NA	10
6683ef1fe502817881132895e69de30e15397d42	Arthropoda%Ostracoda%Podocopida%NA%NA%NA	10
e268a225164f0f40aebcbc4b5e40b5b6b82f7959	NA%NA%NA%NA%NA%NA	10
7dbcd86bb5df6632e9c49fe529ce43f77e35324f	Arthropoda%Malacostraca%Amphipoda%NA%NA%NA	10
98ee25dab7f069fe93bc74eb70eeac169591b8e6	Rhodophyta%Bangiophyceae%Bangiales%Bangiaceae%Pyropia%Pyropia collinsii	1
57cc19f681d29a95b971bd4d91de2787edcefa2f	Arthropoda%Insecta%Diptera%Chironomidae%NA%NA	7
51325dd45cfaf32eed5aefddc4df78d03ab1803e	Arthropoda%NA%NA%NA%NA%NA	10
0f7638143a547b13df09c16a75803ea9dd722770	NA%NA%NA%NA%NA%NA	10
5fa479d6d7d05550d15f597f4741895207c89798	Arthropoda%Ostracoda%Podocopida%NA%NA%NA	10
acb243c20edcfcf108e33ce0c72788169f5f6ab0	NA%NA%NA%NA%NA%NA	10
a67dc2a10c73f28500a5d144221fff8e481bf045	Discosea%NA%Himatismenida%NA%NA%NA	10
29f95df9ddf818dffa6751eb6be5f2d6b81b667c	NA%NA%NA%NA%NA%NA	10
ece6eb71839c43ff2471f9ef262afacee7fa8497	NA%NA%NA%NA%NA%NA	10
879891b1c0e1b4a3869e954989b16928a4863783	NA%NA%NA%NA%NA%NA	10
676eab677dc4ff14cf9783f9a382f9ce10029fbb	NA%NA%NA%NA%NA%NA	10
e2762853e073325fe29045ae8127e7559d9a4a23	NA%NA%NA%NA%NA%NA	10
b8d47ead985b9f3b33b88cfcde8f341aa0685fae	NA%NA%NA%NA%NA%NA	10
559eeb79f193389dd4106c83c2f3b205f3c27841	NA%NA%NA%NA%NA%NA	10
666750df890b309a894c20e6dbc433793b726b11	NA%NA%NA%NA%NA%NA	10
0369c312f509e0b79df68301517437dc8daffb1f	NA%NA%NA%NA%NA%NA	10
bcde83cb5de30021271057a5026469c15967d058	NA%NA%NA%NA%NA%NA	10
0d8e3312cb4d55a062e17ee9298fa915fbae1118	Arthropoda%Ostracoda%Podocopida%NA%NA%NA	10
2b1320e2b4d1a041881c8ce8d226e6f8037003c6	NA%NA%NA%NA%NA%NA	10
c072a58d30a2a9d0365ac002a74738ac6701c473	Arthropoda%Ostracoda%Podocopida%Cyprididae%Cypridopsis%NA	10
a24ce88c5c7c4b73874806c6ed975b1beac36719	Annelida%Clitellata%Crassiclitellata%Lumbricidae%Dendrobaena%Dendrobaena orientalis	1
1e5e9d7d041aee8bc5c5a0063eed2cf12c074d0b	NA%NA%NA%NA%NA%NA	10
1ca7e58804cc6b75a39db5f9e1ecb0aa6b6de2ee	NA%NA%NA%NA%NA%NA	10
5e6f9d967ae4c678be13be878d1102334af41906	NA%NA%NA%NA%NA%NA	10
1d8a8fc07bbf27630099988c878e7de27e4fc8e1	NA%NA%NA%NA%NA%NA	10
5ed7287ffd4d8a81f714e2e37cb3397bad437756	NA%NA%NA%NA%NA%NA	10
45680fe9d9bea601093a519f638feaa7723d5ae8	NA%NA%NA%NA%NA%NA	10
36a1a32e99d097f19161ddf2f110f7b3351a0188	Porifera%Demospongiae%Axinellida%Raspailiidae%NA%NA	7
ee046a2a82b2529d1463b7cc2e5b4d2c2194fbd7	NA%NA%NA%NA%NA%NA	10
aff42406ca9f02be2ff1cf1f48c097edf5905c29	Arthropoda%Insecta%Diptera%NA%NA%NA	10
e8d3e2032fbaea44fc6a6829c789f32c84986e36	Arthropoda%Ostracoda%Podocopida%NA%NA%NA	10
55224d83e184b90fa013dce8856eacd5f5a90a32	Mollusca%Bivalvia%Venerida%Veneridae%Antigona%Antigona chemnitzii	1
21b9240452ff1e1a64c02ab739f3468ef888d8f6	NA%NA%NA%NA%NA%NA	10
fb6a47c369c728942c335a3468c6649a9be52c7c	Arthropoda%Ostracoda%Podocopida%Cyprididae%Cypridopsis%Cypridopsis vidua	2
11a9a9e3a2408a364ae2853a29ed8637bc44cead	Mollusca%Gastropoda%Stylommatophora%NA%NA%NA	10
2c2dd38fd7b96390654ecdb937f5708c3ec63485	NA%NA%NA%NA%NA%NA	10
4c960be012a8a3939bcfe3fe4d75b46a725addc3	Arthropoda%Insecta%Ephemeroptera%Baetidae%Plauditus%Plauditus cingulatus	1
8cf218c17cbd6d875fd61c128a57b3637d72913e	NA%NA%NA%NA%NA%NA	10
670c0d63af7efb2af3acb1831e074e00f6e89c3b	Arthropoda%NA%NA%NA%NA%NA	10
fc9dc406fb8a707d28dd50cd5b58e36a1fdc0fac	NA%NA%NA%NA%NA%NA	10
37edb20c98eb4b3ee09a0aac54deff2b13ab03b4	NA%NA%NA%NA%NA%NA	10
8760179ebab8c3ffcff149debba3b5d31a09a2b2	NA%NA%NA%NA%NA%NA	10
9d16841b7ce405068d57a3da41ef7519c592e321	NA%NA%NA%NA%NA%NA	10
7685ebbd090402de707c51f5f365615177257e0d	NA%NA%NA%NA%NA%NA	10
404c4968f36f25fb1b4e63568f982163f7c4b0c4	NA%NA%NA%NA%NA%NA	10
1326004d075c2320fff0d078a4af582f2c25bf14	Arthropoda%NA%NA%NA%NA%NA	10
b429f5971e945fcb13dc3292c8dcc2c06446218b	NA%NA%NA%NA%NA%NA	10
1aef53a5781d646210ac91bdbe69e43945fa656c	Echinodermata%Holothuroidea%Elasipodida%Psychropotidae%Benthodytes%Benthodytes sibogae	1
67e23d691eeb7ba4514e6944ce90bbc9d94c6266	NA%NA%NA%NA%NA%NA	10
e8dc519ce74d837289e716c224897efd4d5109a6	NA%NA%NA%NA%NA%NA	10
c4a79a8899b2854fc416b398cf2c6cf1aa2a1bc6	Arthropoda%Ostracoda%Podocopida%NA%NA%NA	10
9e9d77131b86c48ef39228d421db9521021948a4	NA%NA%NA%NA%NA%NA	10
58ca7424616042d25fd836ea8abb29872c69e5d0	NA%NA%NA%NA%NA%NA	10
cd12ba1109d133c605652842056ff095594b224d	Arthropoda%Insecta%Diptera%NA%NA%NA	10
e1a8e0465923766b1ebcef1964c3622d0ec45f8c	NA%NA%NA%NA%NA%NA	10
c395b23beeff8296644f6fd0b82b0a8a4ffc45a6	Mollusca%Gastropoda%Acochlidiacea%Acochlidiidae%Strubellia%Strubellia paradoxa	1
62e2458d6ac95fd9a34b56d6950e2f3a45447caf	NA%NA%NA%NA%NA%NA	10
762de3d7a8de3c77103f9a9263c7a52c0bca7c2e	NA%NA%NA%NA%NA%NA	10
94d23de748ad4a77713c4eec3c8bb85465ba50a0	NA%NA%NA%NA%NA%NA	10
fb5bb217a0c1dea4b6e05a636c2c4363f691dac2	NA%NA%NA%NA%NA%NA	10
2fb142a98ed43acea65c603623975551cfb7fd15	Arthropoda%Arachnida%Araneae%Linyphiidae%Walckenaeria%Walckenaeria cuspidata	1
fe59ba9dcc201a1768b5aecf5f3b5763aa90475c	Arthropoda%Ostracoda%Podocopida%Cyprididae%Cypridopsis%NA	10
83fe320df3cce289aa43b0d7acb93739f55c08f8	NA%NA%NA%NA%NA%NA	10
a515962711f4bffa070cc56ee9187613338c0635	NA%NA%NA%NA%NA%NA	10
8f8fe703cb7479b741ad8f6c7865947445acf497	Rotifera%Eurotatoria%Philodinida%NA%NA%NA	10
5bbb723202722f5a7b428c94debb24dd6dadc3a1	NA%NA%NA%NA%NA%NA	10
2a3146353a9f20b9d3f87319d05ceeb53c2c332b	Bacillariophyta%Bacillariophyceae%Naviculales%NA%NA%NA	10
47bc9b35272cda0ea3ff8317efe0b4f0acbf4a2f	Arthropoda%Ostracoda%Podocopida%Cyprididae%Cypridopsis%Cypridopsis vidua	2
0e7237b6800bf734ad9a312d0ddd326e0a8a3931	NA%NA%NA%NA%NA%NA	10
fe8c9771bdbbea1606293d8b9cc986f90e785d7f	NA%NA%NA%NA%NA%NA	10
e04687531cca4c9c6dc82f7639e6dbb4c8aba9c7	NA%NA%NA%NA%NA%NA	10
19ab232021bd63acf911e45062b298cdbc3d13f1	NA%NA%NA%NA%NA%NA	10
b73162fc5d323ec8f0acf8155b7a907572eb7041	Arthropoda%Ostracoda%Podocopida%NA%NA%NA	10
0a73a9252a0c80d0b045e6883dd17f206f98b9af	Oomycota%NA%Albuginales%Albuginaceae%Albugo%Albugo candida	1
24d7d5c7cce0e2a67e6b0b5aa4942ac7afd69bfd	Pseudomonadota%Gammaproteobacteria%Pseudomonadales%Pseudomonadaceae%Pseudomonas%Pseudomonas fluorescens	1
097462792bac40f5c9f531c786fd2c9247637345	NA%NA%NA%NA%NA%NA	10
67f424eac3f02279b46bf096475902f1a6372dec	NA%NA%NA%NA%NA%NA	10
907b4069027f7f14a14b912da654098c76778728	NA%NA%NA%NA%NA%NA	10
c095312ac7f59afa4fb2f75843ff6b9232d03e1b	NA%NA%NA%NA%NA%NA	10
689edb6cadc498e45a276133493bb17267fd3aac	NA%NA%NA%NA%NA%NA	10
4bfa25a6d12f505cff016c6131c56517504d9e97	NA%NA%NA%NA%NA%NA	10
23b372ad718d4f5a84cbc4fd68ccb837253eeed3	Arthropoda%Insecta%NA%NA%NA%NA	10
52624616449b2e327f2c73c4095d342d533f60ba	NA%NA%NA%NA%NA%NA	10
3faddaf7d62a940d3594fec64611734714724c19	Arthropoda%Insecta%Coleoptera%Scarabaeidae%Pachysoma%Pachysoma gariepinus	1
567fd23ccdd389aa652966bd404501875749fcdf	NA%NA%NA%NA%NA%NA	10
ec6cad90c52ea3098d3c951284235196f5f816c2	Arthropoda%Malacostraca%NA%NA%NA%NA	10
e0cd67885a094285e4c5fbdb8029897295ac5d8f	Arthropoda%Insecta%Hymenoptera%NA%NA%NA	10
05fd6a2350ef018e70894ef04b43354c0d3d710f	Discosea%NA%Himatismenida%NA%NA%NA	10
4ae9dc7217d22acd6432fd8be5498c3952c0f894	Mollusca%Gastropoda%Stylommatophora%NA%NA%NA	10
c6fad76e871339ab145798a2244858b6cbce2d44	NA%NA%NA%NA%NA%NA	10
e722285b9b9bfe62bfe18875da3fdf060d504a2f	NA%NA%NA%NA%NA%NA	10
7965df20dcfb7ffde93bbd7f5952cd516a6be276	NA%NA%NA%NA%NA%NA	10
26d2b682fdb6128e6da23e2cdc794f201c411bca	Arthropoda%NA%NA%NA%NA%NA	10
377233e9097cccde90d32b38dd38048d976cbcd5	Arthropoda%Malacostraca%Amphipoda%Gammaridae%Gammarus%Gammarus lacustris	1
4cf50653e0a30c1372924973e592fb950579f8f6	Arthropoda%Arachnida%Mesostigmata%Trachytidae%Polyaspinus%Polyaspinus sp. BOLD:ADD0588	1
9ee05075565be9b035e1a4af087d5e363083e783	Arthropoda%Insecta%Diptera%NA%NA%NA	10
07fc9f61a9be5ee77d35a22187a2e4cbb24e3095	NA%NA%NA%NA%NA%NA	10
acff2a2babb04343eed0c1f9e522a1699c54a642	Arthropoda%Insecta%Lepidoptera%NA%NA%NA	10
c90483df62337bd3442e87eda45fb4d109edb02f	NA%NA%NA%NA%NA%NA	10
5246a3fb8047635bca9b62b7393ea8505091e359	NA%NA%NA%NA%NA%NA	10
580c94a7402ff6e6d9f1e66393f0a161712abb5b	Mollusca%Gastropoda%Stylommatophora%Camaenidae%Galadistes%Galadistes pustulosa	1
e4ac83276375cd6adbda3be9f83d62b37282c29a	NA%NA%NA%NA%NA%NA	10
f9097cdb5caec8122910ca70bc0ee28ec3ec5396	NA%NA%NA%NA%NA%NA	10
95cb4ae63ed2850ec723536371438da7e678ab55	NA%NA%NA%NA%NA%NA	10
596c3334663b0fe6e2e072c9d008215ff492e8fb	NA%NA%NA%NA%NA%NA	10
6028b197df7b444baa3eddcc82415663a5d11f0b	NA%NA%NA%NA%NA%NA	10
463de703cf54ba42bb069f04527a9b1711c378ac	NA%NA%NA%NA%NA%NA	10
bf9d79c4ece1fe8960b04210aabc81780bdecf0c	NA%NA%NA%NA%NA%NA	10
656087b3f9d8b6052284a4f79dee0b525919e974	NA%NA%NA%NA%NA%NA	10
7db7903da86b095578a0f4d2fbb7445b7e8a961a	NA%NA%NA%NA%NA%NA	10
39510c74e712186465f4a977992f1fba10a593ac	NA%NA%NA%NA%NA%NA	10
024fcb25988966953885704eb15899cde0e3b7f6	NA%NA%NA%NA%NA%NA	10
e04b3bd4131bd395eb943592ebf985403587a6e5	Annelida%Clitellata%Enchytraeida%Enchytraeidae%Grania%Grania brasiliensis	1
79ff2cc67397df1445b0adf7b6dbcbfc25cb2e01	Ascomycota%NA%NA%NA%NA%NA	10
87e2231bdeec4cccb393372228ebcc46f1eb8ba2	NA%NA%NA%NA%NA%NA	10
8af2a0e994f5c1b1d7298121e32ac68428ee1d66	Chordata%Actinopteri%NA%NA%NA%NA	10
a6c79776a53f1e9bee29e2e173d9382579c37239	NA%NA%NA%NA%NA%NA	10
991d8dadf89926bc4d18afd04e0dcf0cc35cde4c	NA%NA%NA%NA%NA%NA	10
c78cf6d8ba3f2b67e8d12aa67474ac5e60c66f74	NA%NA%NA%NA%NA%NA	10
226bf49e5aac3b5bd963f36849ccd63b6cdfb5e9	NA%NA%NA%NA%NA%NA	10
1b6df01b7e9a4f0e5d05888acc49846c7156c126	NA%NA%NA%NA%NA%NA	10
dfa47acbad3ed9e9fdc1b090f39080ed34dea763	NA%NA%NA%NA%NA%NA	10
559e71b0337e89ef47e88e3ce9d3b60fcf1bce89	NA%NA%NA%NA%NA%NA	10
0061c754849ced9382a1647d73af8feda8052b64	NA%NA%NA%NA%NA%NA	10
8e9315f384dc6da5dbb2d8dc275f76596cc99c7c	NA%NA%NA%NA%NA%NA	10
35fce934373296639446ed655cb34849addd3118	NA%NA%NA%NA%NA%NA	10
a6c0b920579bf2f1c6837d422873c05fca22ed18	NA%NA%NA%NA%NA%NA	10
501218bbafc1ef98653c41366f8d11b5d8859546	NA%NA%NA%NA%NA%NA	10
546a68f40ad6f6b40ec5ca00c6cd4038c89c7b97	NA%NA%NA%NA%NA%NA	10
8e7925685f3bc55678813854f7f05c24ab367051	NA%NA%NA%NA%NA%NA	10
5638d9b7fa8b16aa23500e064cee073336c3159d	NA%NA%NA%NA%NA%NA	10
975a018fb8848060e172155d2be4fc006cd1c8cf	NA%NA%NA%NA%NA%NA	10
5f30af2eb0800782a08027968580f0322ac05349	NA%NA%NA%NA%NA%NA	10
6bd86350f94d5502c31b0bba2ddb5cb1e710d3ec	Bacillariophyta%Bacillariophyceae%Cymbellales%NA%NA%NA	10
63c2f1e1c568385e26565538b1ae4644ca29ffa4	NA%NA%NA%NA%NA%NA	10
c65b1882d84599cfee9eb1ca2157d47c4a28043b	NA%NA%NA%NA%NA%NA	10
ef47ac15f47e61163ac19d43fbd10d3a60432a1e	Arthropoda%Arachnida%Sarcoptiformes%Punctoribatidae%Punctoribates%Punctoribates palustris	1
eacb0dcffc27b57278ae489f2903cb8532a714e9	Rhodophyta%Florideophyceae%NA%NA%NA%NA	10
f524ac67ac23b548d01fb57b005ab16503219f4c	Arthropoda%Insecta%Diptera%NA%NA%NA	10
4d0b213fc400c2aeb5e55b0f800f15a792077d35	NA%NA%NA%NA%NA%NA	10
c2b0add1a58bfebb5f0512feed56f720d9b55291	NA%NA%NA%NA%NA%NA	10
4c9e46dc18bebd283761bbc9204b191fd7e6c55f	NA%NA%NA%NA%NA%NA	10
9f89798aae39a911cbe76fd67baca171e718ae0d	NA%NA%NA%NA%NA%NA	10
0e2396d0158c2344c09296ae34112074c29a19f6	NA%NA%NA%NA%NA%NA	10
dc17bc7b4b6a9de2cc3d77e6969a646fb7fd300c	NA%NA%NA%NA%NA%NA	10
46bc13b6382245081ce607a83691a49af4e09a2a	NA%NA%NA%NA%NA%NA	10
0e06c4bb4057639ae846aa15c2599af38e69fc9f	NA%NA%NA%NA%NA%NA	10
f55f7c6287238cdd174df05889ba4766fa6d0b9d	Arthropoda%Malacostraca%Decapoda%NA%NA%NA	10
f66ac7a5ad6f9cb48915327d5314a72b1e05771c	NA%NA%NA%NA%NA%NA	10
c2e957f2960b3c491a961d9bf722bfe65be51733	NA%NA%NA%NA%NA%NA	10
c4ff29e93b7fb30c456264c7ce83188cc9a9c8b6	NA%NA%NA%NA%NA%NA	10
072e017e9942db703d3a7371d4e94bbfd0db2f9d	Discosea%Flabellinia%NA%NA%NA%NA	10
09ab36075cad91ee4f93a89c803d2293883def4b	Rhodophyta%Florideophyceae%Corallinales%Spongitidaceae%Neogoniolithon%Neogoniolithon rhizophorae	1
0db7346e68d12777c7093f5f087429b43ce12f5f	Arthropoda%Arachnida%Sarcoptiformes%Analgidae%Analges%Analges unidentatus	1
32c1bda13a020e7708165941d4dfe80acfe91387	NA%NA%NA%NA%NA%NA	10
518687fc40f710e7b7a90bb6dc71315da1e69ca9	NA%NA%NA%NA%NA%NA	10
595f7874fd33738eb3fb71929e18607aab53d29c	NA%NA%NA%NA%NA%NA	10
5a4de1b95ddd1ba63ab409526428eb67019a1ffc	NA%NA%NA%NA%NA%NA	10
5ae213d5fb46c5032eae0da02347586ebe4a986a	NA%NA%NA%NA%NA%NA	10
be262c84479966b5c6a275a6195bf561d0ffc20a	NA%NA%NA%NA%NA%NA	10
6bff62f9219ceafceda4a8f932f3e9c417ffff94	NA%NA%NA%NA%NA%NA	10
6b04ed45273fe5c7282592977ff5238530d3a5a8	Rotifera%Eurotatoria%Ploima%Epiphanidae%Epiphanes%Epiphanes senta	1
67c92453a075e37c6b7c726eea0c4c024bcc8a8a	Porifera%Demospongiae%Clionaida%NA%NA%NA	10
67a0f54c1ad4c0e980388d15dfb13cdf8aab6e6d	Arthropoda%NA%NA%NA%NA%NA	10
2d56e7a920cbbaf27e75468a4c1d842c1229d138	NA%NA%NA%NA%NA%NA	10
3fec360b530e38d0f60265571caa7b32298ae25d	NA%NA%NA%NA%NA%NA	10
1baf887970bc4238ea47e62d2344d790d7cd56df	NA%NA%NA%NA%NA%NA	10
10e89ed347c5cdc1080ad040da2fbd9477e7a76b	NA%NA%NA%NA%NA%NA	10
188b08c338129c99da2fd7e06d845917d9179f49	NA%NA%NA%NA%NA%NA	10
157a5979ee0cf61df491a52186993cfaa966dc91	NA%NA%NA%NA%NA%NA	10
1399ae6645fd60ab846916e0bb7be2b10a9e7785	NA%NA%NA%NA%NA%NA	10
ec3fe46d9f947de08f28f6dc540a0e4d4bb07958	NA%NA%NA%NA%NA%NA	10
d11b3cda1d003f36f3891cf7e87d1837de662a0e	Echinodermata%Holothuroidea%Elasipodida%Psychropotidae%Benthodytes%Benthodytes sibogae	1
902056f5ab2cfc12eec41d3bab14c25d9d0e7f36	Mollusca%Gastropoda%Littorinimorpha%Hydrobiidae%NA%NA	7
920cc322a06c853acf02532653466dee1e5ce04d	NA%NA%NA%NA%NA%NA	10
a84233ea3ec97e45e9262f5b0d45b334e8fcb844	Chordata%Ascidiacea%Aplousobranchia%Didemnidae%Didemnum%Didemnum candidum	1
aa6afd516c6f05d44ffeb55a65e8d8a9dca408c9	NA%NA%NA%NA%NA%NA	10
b220f05b040b9de3400b8b3b36cd3cef358bcaed	Oomycota%NA%NA%NA%NA%NA	10
6c76957499e861311002cbce55599b308e51cc15	NA%NA%NA%NA%NA%NA	10
4c8971fdaa645978d4a2df01dd9421a97d932f11	NA%NA%NA%NA%NA%NA	10
4cb968b68a342c09af6db451dbd639cbc2c5afd9	NA%NA%NA%NA%NA%NA	10
c8f6d308105946b84939b3719cf6c2853c65bf0f	Arthropoda%Malacostraca%Isopoda%Cirolanidae%Eurydice%Eurydice longiantennata	1
a849e75c70fd89db5e355307a321d07a4f578f52	NA%NA%NA%NA%NA%NA	10
a889f8c94a3c74bfe1e66b4b85cf1fedfe4b690a	NA%NA%NA%NA%NA%NA	10
aa801dfa9781a0f4b6535fc4a12e1c0512653627	NA%NA%NA%NA%NA%NA	10
aa865f62b9e2b8c1c9aef1a286eb23e4f3025e44	Arthropoda%Malacostraca%Amphipoda%NA%NA%NA	10
dbaf77653bc5174d964ddacf7ac095b1a2bbf19a	NA%NA%NA%NA%NA%NA	10
d8654fde7192f61fd636b00bf825fac00c5a339e	Bacillota%Bacilli%Lactobacillales%Aerococcaceae%Aerococcus%Aerococcus urinae	1
acc8378001a27b985989ea46c89b51a227275941	NA%NA%NA%NA%NA%NA	10
ad47770acbb395b62172535d647059228b57cee3	Bacillariophyta%Bacillariophyceae%Cymbellales%NA%NA%NA	10
c0b6347361e31cfe51af2b16878a8de8b5367888	NA%NA%NA%NA%NA%NA	10
c0e7eb52691424bac92631c2298335f24cb23f2a	NA%NA%NA%NA%NA%NA	10
b9033ae2c8d1e775a12e414711d37b0dae3a785c	NA%NA%NA%NA%NA%NA	10
b466049d1f18a5c8743b02e107876ed47c15c856	NA%NA%NA%NA%NA%NA	10
b06e13500acbc4d4bee04b51c19377753e5eb8a0	NA%NA%NA%NA%NA%NA	10
eda1b61a42064c13311d59a76aa4f789a84d6766	NA%NA%NA%NA%NA%NA	10
e312f88e82e31de092197dc423e7f993e6d268f3	NA%NA%NA%NA%NA%NA	10
e5eaba49509f213cc473cb90c637eb7f2841e2f7	NA%NA%NA%NA%NA%NA	10
fdf26beb83d418798e3956db0d23e29997cd2d9f	Ascomycota%NA%NA%NA%NA%NA	10
fab160f2eb3e3026f90c1ac5656cd3438e355758	NA%NA%NA%NA%NA%NA	10
f9ad57652bb168f5879b67eae35e36ec522b81a3	Arthropoda%NA%NA%NA%NA%NA	10
f95a69c72d40dd7a41137ccf5130cfe779dffc11	Ascomycota%Leotiomycetes%NA%NA%NA%NA	10
5ea16ed0768c3c8de8a78ee88b633f72f29dea1c	Rotifera%Eurotatoria%Adinetida%NA%NA%NA	10
5ba1fa2462d345ba84389ff54e1ff152d9d3a88e	Arthropoda%NA%NA%NA%NA%NA	10
59b24f414ffd721cca9c4f7a43084ada5581305d	NA%NA%NA%NA%NA%NA	10
56b54e0b681ccab1acd9ea49c1d7488f8c13a23d	NA%NA%NA%NA%NA%NA	10
5692f0e0cb3401c6b8bb09cd45a92f7682ca7f87	NA%NA%NA%NA%NA%NA	10
6eb6240b287b25554c0967a1b9889d38f6eae7e0	Oomycota%NA%Pythiales%Pythiaceae%Pythium%Pythium insidiosum	1
2f0419970e31b476d79cafe8a93605089d49bc51	NA%NA%NA%NA%NA%NA	10
4275df426e647624e97e6367a945cc9d9b2960c8	NA%NA%NA%NA%NA%NA	10
46e977f2423975feedbcfe3dbbfef88b2a66f108	Bacillariophyta%Bacillariophyceae%Naviculales%NA%NA%NA	10
48c94157877c3a83591fe5d6bb203aa79d81f839	NA%NA%NA%NA%NA%NA	10
176e674567394febba0074c6c5957bf1424a4f2b	NA%NA%NA%NA%NA%NA	10
1850b8f424b437df7d4b18a7d4ea9196a3106e9a	Arthropoda%NA%NA%NA%NA%NA	10
1393ef12529ead2db85d39980d2b518df223166f	NA%NA%NA%NA%NA%NA	10
1356ae5594981a7eab6083a81bfda85110379433	Oomycota%NA%NA%NA%NA%NA	10
12fd9d20fcaac00b7d1ed3124c0199d98bf9dcd4	Ascomycota%NA%NA%NA%NA%NA	10
6787e2da09e7b0e1418b062dd3e3203e27552b05	NA%NA%NA%NA%NA%NA	10
1088cccd09dea6e6ccaef06e9b3134b48e6388d3	NA%NA%NA%NA%NA%NA	10
3cb10e92b2096f9f29ae40b0a880b79e56787619	NA%NA%NA%NA%NA%NA	10
2a8ce5e09a7b2d883b42465a62821e7387ee3306	NA%NA%NA%NA%NA%NA	10
06fcc5a2595c9dfca18773eb670fc0bd046f1921	NA%NA%NA%NA%NA%NA	10
073147e5e3c5e3c845cae7458abf8de8937d8a77	NA%NA%NA%NA%NA%NA	10
26771c6e0298ba79be2865930ae55ab4fd03d9ee	NA%NA%NA%NA%NA%NA	10
3ccafb6eaf0f3690f6b33e8b27087f1b980b3c06	NA%NA%NA%NA%NA%NA	10
008988fe04f91a3b201c71e1fae934e5960550f1	NA%NA%NA%NA%NA%NA	10
376d97bbd46486ac44bba351170ee89503f96c59	NA%NA%NA%NA%NA%NA	10
38fa6bf02360cf2767f696276de24a8b2a88cae3	NA%NA%NA%NA%NA%NA	10
36d51c60634a9d69079d0ba8fedbfdde343d898f	NA%NA%NA%NA%NA%NA	10
03739a3e4a8cb58698e19a27052097a4b2392414	Platyhelminthes%Rhabditophora%Macrostomida%Macrostomidae%Macrostomum%Macrostomum zhaoqingensis	1
7357ebca2fe12cd4285ffd812382ae6328088f7e	NA%NA%NA%NA%NA%NA	10
797176669744d6fe31a6d3f852f730354ef6e99f	NA%NA%NA%NA%NA%NA	10
8862c501ee169536baf4a5cd91e68f4791df88d4	Ascomycota%Sordariomycetes%NA%NA%NA%NA	10
82f980169cf0544f8fe919e8a83179cd917ee4f6	NA%NA%NA%NA%NA%NA	10
99ee83ccb5540ae6fab67c576c772166f24cce81	Bacillariophyta%Bacillariophyceae%Naviculales%Pinnulariaceae%Pinnularia%Pinnularia acrosphaeria	2
9300b094e7d71234c33488661fa427e4b38c333b	NA%NA%NA%NA%NA%NA	10
929032bf1ca270ed081924fea77d162da52af426	NA%NA%NA%NA%NA%NA	10
90c0d66b50f9d9225bc8bcc4f636a417cc149ee4	NA%NA%NA%NA%NA%NA	10
99b9a3267932e56df286d9d557512934f9ded4e2	NA%NA%NA%NA%NA%NA	10
9a5c72a630b51fb8a4e89402c12927ce1dffbb64	NA%NA%NA%NA%NA%NA	10
9efbda834d4279c2257f89cb515891ce35026406	NA%NA%NA%NA%NA%NA	10
9fec6b7d4e36cc477d1db9df4b2b86927f32aa80	Mollusca%Gastropoda%Stylommatophora%NA%NA%NA	10
9ce6ad2f373d6229246b53b013ce422d37fb287a	NA%NA%NA%NA%NA%NA	10
94e3bd76046e98fd992a0eb519980862b22e1766	NA%NA%NA%NA%NA%NA	10
9ccc0a26bd4e406726ade5bc76370a2677fbc3c8	NA%NA%NA%NA%NA%NA	10
9beae1fe7b5a20a0bc91adcdf6d4172c9ae47452	Bacillariophyta%Bacillariophyceae%Bacillariales%Bacillariaceae%Nitzschia%Nitzschia palea	2
988d363b6d2f05723e71a2499fd9859a30ed49c6	Oomycota%NA%NA%NA%NA%NA	10
997539ce1b18f1e2893eaba1ee02770ad56bc52a	NA%NA%NA%NA%NA%NA	10
9b78778da7109cdd206beb680a2c2b885d54cc37	NA%NA%NA%NA%NA%NA	10
9b24fd034b051b7591fe5e4663cae1fe633e9141	Arthropoda%NA%NA%NA%NA%NA	10
a9da680e32e17301aec4d645561849bbe89d6f76	NA%NA%NA%NA%NA%NA	10
a985f336c4fe0d935ff7408fdeeceb0ff8065873	NA%NA%NA%NA%NA%NA	10
952c47a3bc15156545c9820e22e3680a01d6ee98	NA%NA%NA%NA%NA%NA	10
aa5512966e5a006f21cb68939bc15bce5f5e47b5	NA%NA%NA%NA%NA%NA	10
a4c72b5b83369470349d1a370e79ce776c5a7919	NA%NA%NA%NA%NA%NA	10
9d59e4e6e8dd05ab2be0688cc1666ccef6b114a2	NA%NA%NA%NA%NA%NA	10
fdf754bd804e39080c6d4f34ac0c50c547f48bee	NA%NA%NA%NA%NA%NA	10
a10afa0d14893166205d76c8d3d60392ebb6777f	Arthropoda%Insecta%Diptera%NA%NA%NA	10
a06ad12d78ae57b4fae18aadbf65f2a281c00d69	Arthropoda%NA%NA%NA%NA%NA	10
9fdb49b735b104de4023f6b20d5013b065faab5c	NA%NA%NA%NA%NA%NA	10
9f8752a180c6bc74747ac9608d925983a1cbecf3	NA%Phaeophyceae%Cutleriales%Cutleriaceae%Cutleria%Cutleria multifida	1
ecf600518f3a09252b2e079d27c595d73205b04e	Arthropoda%Arachnida%Araneae%NA%NA%NA	10
e50795ce8de72f19117a04c3d8768bf886cd054f	NA%NA%NA%NA%NA%NA	10
e2917fb93e5fa179f1785a3f2bf82e4810e41162	NA%NA%NA%NA%NA%NA	10
e7140e4352794f204bbec2cb2f2716124a9fc1ae	Arthropoda%Ostracoda%Podocopida%NA%NA%NA	10
e87fdd0939253935ea66cf5cba00818ae27e0d12	Rotifera%Eurotatoria%Philodinida%NA%NA%NA	10
e8a205c03a16a2bdcb6ad9006b847e419c86b557	NA%NA%NA%NA%NA%NA	10
eb62f5e68dc61a4f5e25b2acb0097a9d41026da0	NA%NA%NA%NA%NA%NA	10
ecadc95787b231686324bacc06306756ead5c46e	NA%NA%NA%NA%NA%NA	10
e3356fae5ddb768c72e80cc7bb89b10635674396	Cnidaria%Anthozoa%Penicillaria (in: tube anenomes)%Arachnactidae%Isarachnanthus%Isarachnanthus nocturnus	2
eeaa921997d52dea0195eb2a7d9fff31363d2490	NA%NA%NA%NA%NA%NA	10
7a289018e47425f87656ebd4546efac55d52f46f	NA%NA%NA%NA%NA%NA	10
804016753a8315f66f117fe8781037942f17a7d8	NA%NA%NA%NA%NA%NA	10
816eb1d69304fdf31fd858f3846c0560b8d0e164	NA%NA%NA%NA%NA%NA	10
81c507c36ab36f00748a9266842df1ab738cc5fd	NA%NA%NA%NA%NA%NA	10
fce0ed07a55a20ec266de38dda6389a933f922db	NA%NA%NA%NA%NA%NA	10
fcfda1d64eec3a9b8d82147a8bfb7aefaf1515be	Arthropoda%Insecta%Diptera%NA%NA%NA	10
78ca4d65b55917c386370f9f695885966392e731	NA%NA%NA%NA%NA%NA	10
e33e6ec61aa539996fbb7d8b3bb93ea8fd836d06	Arthropoda%NA%NA%NA%NA%NA	10
7caf121f151ce6351a39d1137f237c0a6e39c9a2	NA%NA%NA%NA%NA%NA	10
7dee3d6164a29fb4478a562640df57efe8bf35ea	NA%NA%NA%NA%NA%NA	10
7f57b533873fef0963cda6ffb29e1c8989dd28b8	NA%NA%NA%NA%NA%NA	10
8014b4178e9f09480c519372e53765ae616828ea	NA%NA%NA%NA%NA%NA	10
e0f8b0aea07d83b35c9d01b4241697df21b80f80	NA%NA%NA%NA%NA%NA	10
fde4b049fccb3fdf2562eb4ee7c71a2a7482d02d	NA%NA%NA%NA%NA%NA	10
86dcc790dc3b066eeb541c7ed170f9df30ac95a8	NA%NA%NA%NA%NA%NA	10
837dfa017580b13615b72c255b24585845d9a79e	Discosea%NA%Himatismenida%Cochliopodiidae%Cochliopodium%Cochliopodium marrii	2
84fe286d70855438cce94e418178f41a60f94191	NA%NA%NA%NA%NA%NA	10
8472d677d805b9fb80914b3d32344232cf17982d	NA%NA%NA%NA%NA%NA	10
840252db11a13876863055a97d7494d3b0f1c1b4	Chordata%Actinopteri%NA%NA%NA%NA	10
82444690173011cc057317f105d3707ae52ab7c0	NA%NA%NA%NA%NA%NA	10
d7aaa8772781865c418c1e149348e607c508b0d1	Bacillariophyta%Bacillariophyceae%Bacillariales%Bacillariaceae%Nitzschia%Nitzschia palea	2
de9f51f8b52cbe9780220fdc731797fca25a82f9	NA%NA%NA%NA%NA%NA	10
dbce562cb15e503787546507ac1e0f1f09ec5c85	NA%NA%NA%NA%NA%NA	10
db3ffbecb0249f2120935685df94bc72b56ad0e0	NA%NA%NA%NA%NA%NA	10
d900fe189a428f55dd316f72bb2dfb3507bdb25e	Arthropoda%Arachnida%Scorpiones%Vaejovidae%Vaejovis%Vaejovis vorhiesi	1
d4be04432b1e79e4808273ba13dc6f3b45cda1fb	NA%NA%NA%NA%NA%NA	10
d3e255f29126a0a5bbd899f9ebd35bb85b4aab36	NA%NA%NA%NA%NA%NA	10
d3990cb823aab6c744ddb33d06c4319969b8326a	NA%NA%NA%NA%NA%NA	10
fd7c18855add7e564ed7803453c493feb08aba84	Ascomycota%NA%NA%NA%NA%NA	10
fb8306a4f30c07a8fa600a50e0b59707e45ca0fb	NA%NA%NA%NA%NA%NA	10
fb81f4240124958769ade10e8067916bb3299b9c	Cnidaria%Hydrozoa%Leptothecata%Campanulariidae%Orthopyxis%Orthopyxis caliculata	1
f64572ce8cb0c2d5bfc08a0ef703171e490672b0	Ascomycota%Sordariomycetes%Hypocreales%NA%NA%NA	10
f6597f7d9cb9911cd87cd487897dd4bbd140d71e	NA%NA%NA%NA%NA%NA	10
f6ae378a426db91a10e73d2941e4504357e9568a	NA%NA%NA%NA%NA%NA	10
fab448f68986b0f3b671675a745916f61355704c	Oomycota%NA%Pythiales%Pythiaceae%Pythium%Pythium adhaerens	2
f854fabc510f8cab8021dab579a1d66c6218165b	NA%NA%NA%NA%NA%NA	10
f87bc6c21029cf1adb40891857bed1208da23beb	NA%NA%NA%NA%NA%NA	10
f8b84ab147f129567e81a594d3ffa99abfa8ff6c	Ascomycota%Sordariomycetes%Hypocreales%NA%NA%NA	10
f4614dc4f8f1aedee7458ae375ce78b63cf0c869	NA%NA%NA%NA%NA%NA	10
f32783aa9369d8a2d9692d2cbb3079db7f981c2e	NA%NA%NA%NA%NA%NA	10
b4302d9972935ab1a28862ddb8ce1c2a849adb58	NA%NA%NA%NA%NA%NA	10
b9ada3da0837930a1160183df8157f4e33539bb5	NA%NA%NA%NA%NA%NA	10
b7516be42edb3fb53c1cdaa2b3d46412fc27f160	Arthropoda%Malacostraca%Amphipoda%NA%NA%NA	10
b6b41bfbc6a9a67433537ff3b4ca380552c76b08	NA%NA%NA%NA%NA%NA	10
b4c01f6ab84973399118235386984cdc5bd36faf	NA%NA%NA%NA%NA%NA	10
b1c5bc7794f2bfb2f26bb434e29e140cc7123243	NA%NA%NA%NA%NA%NA	10
b1af385dfffe4338a7ceffcfb87a87302f7daf2a	NA%NA%NA%NA%NA%NA	10
b295bf12eed68fd8365a3a523d23afcd4f33d1da	NA%NA%NA%NA%NA%NA	10
bc4deacfa70aa1e155cb9a9177e9d13bca846b93	NA%NA%NA%NA%NA%NA	10
bf957119e353599aa7815a2c09873237059d04a8	NA%NA%NA%NA%NA%NA	10
bf6c91500ec749ef7dd9bf2871a8565e456cf3f6	NA%NA%NA%NA%NA%NA	10
bc770fee7ee60d1192272b9d125cea871f16f2ed	NA%NA%NA%NA%NA%NA	10
cc9128e4597eaaec3c904868df74693aa7b1bf50	NA%NA%NA%NA%NA%NA	10
cd4e5ee14863247c645bc85231c9e2febc4b8496	NA%NA%NA%NA%NA%NA	10
cb8374f98b6c17661287007930333ebcaa548acd	NA%NA%NA%NA%NA%NA	10
c786005b43990fd4cc16433bf7e140262512e22a	NA%NA%NA%NA%NA%NA	10
c86eff26c5b89d2345fad603f3cb288a7b6262fb	Mollusca%Gastropoda%Stylommatophora%NA%NA%NA	10
1110b6ee847627fc00daf232a17f74f5890a4b6f	NA%NA%NA%NA%NA%NA	10
11475df382cc1aa99defaabd2ceba04849c84952	NA%NA%NA%NA%NA%NA	10
1154b2d22b8aef2fe10baf89f5ee2778ed6d2cca	NA%NA%NA%NA%NA%NA	10
12d4ead7ca625e9427212d698c283ab33727cc3c	NA%NA%NA%NA%NA%NA	10
131a95ea1f48aa6baea00bc26c0ca5eb67b587f9	NA%NA%NA%NA%NA%NA	10
14aed5ee931fa964e34e07a1fda9d991798957ab	NA%NA%NA%NA%NA%NA	10
14ef00814a5e2d5f13578d3a81a7d28d0a56e1f9	NA%NA%NA%NA%NA%NA	10
1599f9ea274e4fcdaa110038fdf027461d51d1d6	NA%Phaeophyceae%Ectocarpales%NA%NA%NA	10
1919682c22ec201b5937db22a9c299cda1ed4c3e	NA%NA%NA%NA%NA%NA	10
1b43a5c1294bbd759457460417bdeb8119c01419	Arthropoda%Malacostraca%Decapoda%Coenobitidae%Coenobita%NA	3
1bb3aa22a1640dce0dc6781b9bdb4548f9058f5c	NA%NA%NA%NA%NA%NA	10
1bf4cbec34d5588b6f39b541beb66325f66ea46e	NA%NA%NA%NA%NA%NA	10
1d04556ae4dc6a910ba67a2ecd8eddd059adf8eb	NA%NA%NA%NA%NA%NA	10
20af3290732fdf8847e5789be325b3c3ff85f4db	NA%NA%NA%NA%NA%NA	10
2099b6eb9fe5efafc786b1271b308f7dea694d47	NA%NA%NA%NA%NA%NA	10
20f5898e1f8cc11727a0b1c35a3292db28a7e8e1	NA%NA%NA%NA%NA%NA	10
208d5a13f2e1b3a5976b2dabe9dd4e79da5d8aac	Arthropoda%NA%NA%NA%NA%NA	10
2978deedb0c5587648b03cc6b2999cd7c2d5624e	NA%NA%NA%NA%NA%NA	10
40e8c9b745d6695b51f84867b98f213698a6c3f1	Discosea%NA%Himatismenida%Cochliopodiidae%Cochliopodium%Cochliopodium minus	1
40e3792dd5e94f57c4ed8553ffbf0cacea046697	Arthropoda%Insecta%NA%NA%NA%NA	10
2f4e68c2fc5426838074ca717ca7c8e1d12b36a2	NA%NA%NA%NA%NA%NA	10
2ccce225a6ede4bd6fb6647c44d0c983b9d3d898	Arthropoda%Branchiopoda%Diplostraca%NA%NA%NA	10
2dd3c18dfb7d6b11277442accc60460e4486cffd	NA%NA%NA%NA%NA%NA	10
2bff74c712b1a8b34619f6bbfdfb140e8d52067e	NA%NA%NA%NA%NA%NA	10
2b4bd805421eb46072f55f07faa1a7eb08b3b200	Arthropoda%Insecta%NA%NA%NA%NA	10
2b58775f383402a561a63451ef754af2186142ad	Mollusca%Gastropoda%NA%NA%NA%NA	10
29ff2f7c5988c6a37890c75f93cad17f017aaa91	Oomycota%NA%NA%NA%NA%NA	10
26b93ea6c2711c789bb921c24231e7777dcce39e	NA%NA%NA%NA%NA%NA	10
23802af50f4bf363f5a994b8c0cf84e5d911fceb	Arthropoda%Insecta%NA%NA%NA%NA	10
233eed19f33e9892eb6c409e4d1ffce97e71d591	NA%NA%NA%NA%NA%NA	10
0290b45402428fbf6b4b2283e8ed56b517302c82	Arthropoda%Arachnida%Araneae%NA%NA%NA	10
3241f806abcd69779b8a19be91ecb09ea7de02f7	NA%NA%NA%NA%NA%NA	10
32539514045cefdf7fb919614ad8daaa1ec9d572	NA%NA%NA%NA%NA%NA	10
32a00f0534ac849fb09ef91830d959f7dc58bfbd	NA%NA%NA%NA%NA%NA	10
32a8075c34630bc7bf5c82f1a1951db2777857d1	NA%NA%NA%NA%NA%NA	10
340f5582a332c18d3211378ac1adb740122fdb94	Nematoda%Chromadorea%Rhabditida%Travassosinematidae%Chitwoodiella%Chitwoodiella ovofilamenta	1
35afd2545aa0e5a895f1e63bf7b9d2285b844d43	NA%NA%NA%NA%NA%NA	10
36b1f15459e040fd1944b30c865e976a9bbee87b	Ascomycota%NA%NA%NA%NA%NA	10
370c60185e355a06b545ae04a40cbf20554b88a9	NA%NA%NA%NA%NA%NA	10
02e70c3cd0ecb8c4d59d4981124d80aea27ac1cd	NA%NA%NA%NA%NA%NA	10
3c71f3302271a89a227ac93a4036d59cc08b433b	NA%NA%NA%NA%NA%NA	10
09026421dab61cb08bc2b0480ac7d5d5d050133c	Mollusca%Gastropoda%Littorinimorpha%Hydrobiidae%NA%NA	7
0f81652b1b88f8127b16f7a1941f8c0d8746e320	Arthropoda%NA%NA%NA%NA%NA	10
0f760277c746113fc71a0eaf5f3c523a1de713fe	NA%NA%NA%NA%NA%NA	10
0b6da62fbf42b6a74790fba5f651a069f621daf1	NA%NA%NA%NA%NA%NA	10
0c23a1f2fd09386af7aecd464c8fcd37315eb8ba	NA%NA%NA%NA%NA%NA	10
0a6e078a410d7f1254ac6a4629655f9ca3579a9f	NA%NA%NA%NA%NA%NA	10
203e6d4c62bdf5839181f4d48d9b42d3a58ea0d4	NA%NA%NA%NA%NA%NA	10
04d5ca7650a6da900b390e64388b1064896464a1	Arthropoda%Insecta%NA%NA%NA%NA	10
0421f5bce70e83dc27da8d1b63bc61e5e85fae63	NA%NA%NA%NA%NA%NA	10
03949d5b349ed723c2f1c77e8f1dd5b6a1d0f31e	NA%NA%NA%NA%NA%NA	10
0335e2f31e99ef763489a5e888a2870335f7aca7	Platyhelminthes%Rhabditophora%Tricladida%Geoplanidae%Obama%Obama argus	1
63c76cdcc1500737ed35dde694f450c5b7f61265	NA%NA%NA%NA%NA%NA	10
67d3eb6fb5154b8fffd77a60af627a58cb1cee5f	NA%NA%NA%NA%NA%NA	10
67214d234100321c2e3eb7baa3260993c3b9e4c6	NA%NA%NA%NA%NA%NA	10
65e00fc06fdf233f00b689f7ebe3ac6a3df1850a	NA%NA%NA%NA%NA%NA	10
66e4337b662099a1cf3aa0557b5157c2708dc659	NA%NA%NA%NA%NA%NA	10
62cf06d1731ff0571b7de61e5df1aec566ef6f40	Discosea%NA%Himatismenida%NA%NA%NA	10
606ec0ee0aeeaeef86920fd12e5448320c829074	Arthropoda%Ostracoda%Podocopida%NA%NA%NA	10
607900a81d441f355b5fb7aba543055ef6e48643	NA%NA%NA%NA%NA%NA	10
6140378daa7df515db2602f1882b3b0444b362ca	NA%NA%NA%NA%NA%NA	10
6fab0fe66305ef2714950e405f7db84396ba3559	NA%NA%NA%NA%NA%NA	10
73a7ef412d2f22688025701716a2779a2de9f5f4	NA%NA%NA%NA%NA%NA	10
72672515b87bc5a5b93e1550b25457aa98faf4de	Arthropoda%Arachnida%Scorpiones%Buthidae%Buthus%NA	3
723cf0be4f0e9a7fddffba037695f859987da303	NA%NA%NA%NA%NA%NA	10
723a454d9f0cd763f46325b160b5a04ae2ce5030	NA%NA%NA%NA%NA%NA	10
4b28d78d5322a2f6c910df0b13fe72c96ae1d396	NA%NA%NA%NA%NA%NA	10
49358fc0135bc457691d3384c6752e6102991ade	NA%NA%NA%NA%NA%NA	10
46be691dae28b763d7506416af63ea9d70203917	NA%NA%NA%NA%NA%NA	10
46354079b25105b2553a108c29ec7c22cf22845a	NA%NA%NA%NA%NA%NA	10
4ae4db9256f9f2492155125d7527ccb16030d36f	NA%NA%NA%NA%NA%NA	10
4ae7ed912bb09729b12cb0fd159fd56db36c2497	NA%NA%NA%NA%NA%NA	10
4b331f73671239d43e0b836b36f7a99c6769222c	NA%NA%NA%NA%NA%NA	10
4bb909060dc7ef3435589cf17f4b0dbccf716d43	NA%NA%NA%NA%NA%NA	10
43bf6a17b0b650d37f78745a8a6acb199d24abc0	Arthropoda%NA%NA%NA%NA%NA	10
48092d4b93382d63f520cb3252879f6264a23093	NA%NA%NA%NA%NA%NA	10
44cb0a664609c080ffca6400b85c092314d63abe	NA%NA%NA%NA%NA%NA	10
45138790d1e9c2b4c339d7ce02b2acd712ea1f2d	NA%NA%NA%NA%NA%NA	10
48c71f28fc0099d16d83cf06a5d52fdee8680b92	Arthropoda%Insecta%NA%NA%NA%NA	10
4fbf47c409d7a1ab2da8c54dcb2c2984d4534324	NA%NA%NA%NA%NA%NA	10
542cfced95247d8efd5240d544213d48a61325ca	Arthropoda%Ostracoda%Podocopida%NA%NA%NA	10
552cc456750fa220af5d5b6b4b2cc1a97b3a6bbd	Oomycota%NA%NA%NA%NA%NA	10
50a426eb96bac25a27043df6c8fdbd964eaa1b12	NA%NA%NA%NA%NA%NA	10
5aebbe6acec0118eb90228ce6d7a021a67bdc405	NA%NA%NA%NA%NA%NA	10
526863d29a37e1bcb14affcbcb46e34c977b2e38	NA%NA%NA%NA%NA%NA	10
5b9c6b7e80c8550a576ead50db4e48540a87bba3	NA%NA%NA%NA%NA%NA	10
5bd46a2533239ea914b6e33f7ce6917704c0fdc8	NA%NA%NA%NA%NA%NA	10
5b677ab7e51e49a63d330731bc63d60bf5dd66c9	NA%NA%NA%NA%NA%NA	10
59e51b3ff2992d905c6113f6db38923da38c4fdd	NA%NA%NA%NA%NA%NA	10
262f5bef74d8a012543d6de32f6aff1c0f1e8a6e	Arthropoda%Insecta%Ephemeroptera%Baetidae%Plauditus%Plauditus cingulatus	1
dfd810a96bd41980baeb0ec113944c2d57d15026	Mollusca%Gastropoda%Nudibranchia%Dendronotidae%Dendronotus%Dendronotus venustus	1
f8f7b9bd9e913b42f6d41a7d1d5d95ce4f95664f	Arthropoda%NA%NA%NA%NA%NA	10
6bb75ab663dae39ab424da28448ca273876bf630	NA%NA%NA%NA%NA%NA	10
040f6bec52586f4ab9b2a0a31f693d2af2d22a1c	Arthropoda%Malacostraca%NA%NA%NA%NA	10
6b349ca5cacf764ef6734f55c00f27a487ae2cb2	NA%NA%NA%NA%NA%NA	10
d636294aaeecccbaaec0c506fc4197c4755cf8ca	NA%NA%NA%NA%NA%NA	10
2f256d144f6fd4284f8eb190c7da1f281d45e46b	Arthropoda%Insecta%Coleoptera%Scarabaeidae%Pachysoma%Pachysoma gariepinus	1
f5a23799f63603548f98ab321a2fec9a1bffa0aa	Mollusca%Gastropoda%Nudibranchia%Phyllidiidae%Phyllidiella%Phyllidiella pustulosa	1
3589090ee29503101956ef4c3355995be03217df	NA%NA%NA%NA%NA%NA	10
cade7997bc97eb7d162d2c41c8cfb3d2f65b096a	Nemertea%Enopla%Monostilifera%NA%Chernyshevia%Chernyshevia escarpiaphila	1
12d201abe3513fb42129664015fd41280ad3e095	Arthropoda%Arachnida%Scorpiones%Buthidae%Buthus%NA	3
ea54f9c97bb912374dea68e92ed4a1640f4b024c	NA%NA%NA%NA%NA%NA	10
7daae67cf82d39183c65b794eb1bdab17c20379f	NA%NA%NA%NA%NA%NA	10
cac063d52afa698670eb462a637259f369dfabae	NA%NA%NA%NA%NA%NA	10
223dba57b78cd5ad0240ab3a5d69859bc2a143c7	NA%NA%NA%NA%NA%NA	10
635e7d661188c55ededf257a9fe237c9d12036a3	NA%NA%NA%NA%NA%NA	10
3226642fcc47697b1ce23f3facd4a5a6fe1199d7	NA%NA%NA%NA%NA%NA	10
4f94a605eebef14cd89cfe8ab04360a10e514569	NA%NA%NA%NA%NA%NA	10
dc105c644218b1c5c8488771a7b104fac33be0c8	NA%Phaeophyceae%Cutleriales%Cutleriaceae%Cutleria%Cutleria multifida	1
64103a0fce985af5e0b60cf1671f305ed38cf165	Arthropoda%Arachnida%Scorpiones%Buthidae%Buthus%Buthus draa	1
8776592eb1c5d08007c77b7e4f1f60d9877dbce7	Arthropoda%NA%NA%NA%NA%NA	10
3debec22b42088c4ce82e01a48c0313228bc356d	NA%NA%NA%NA%NA%NA	10
1125b7897c4605dbd075618d212ff5ee256b14d7	NA%NA%NA%NA%NA%NA	10
26a62fe7373374c0d9c1f44aafbf62e3d0a4b8e5	Cnidaria%NA%NA%NA%NA%NA	10
e079e068463c16c974f66024bd7fc220a31037c1	NA%NA%NA%NA%NA%NA	10
e7f67bd35d36d52603637f8b996a900e4b6a8611	NA%NA%NA%NA%NA%NA	10
0315dde44880fa566d655be5abad52aa54517338	NA%NA%NA%NA%NA%NA	10
771057ccfcae411fba6e8cc53f410b557ecf53f2	NA%NA%NA%NA%NA%NA	10
08fa5e5bafc213b909d7abfb215295f277d8b9c7	NA%NA%NA%NA%NA%NA	10
a4358bbc4195fe86629386f34b7600c70529139f	NA%NA%NA%NA%NA%NA	10
a7af01de8feffc5a1d3e09564354214809e5ee3c	NA%NA%NA%NA%NA%NA	10
2cdb47b358e52b39b185143ba3e3393a898d4ed9	NA%NA%NA%NA%NA%NA	10
9ddcf902b99a26d776a90822f13558ef9a0e38c2	Rotifera%Eurotatoria%Ploima%NA%NA%NA	10
6ed2859a0f213becf33a0ba34d76a83ba51dee55	NA%NA%NA%NA%NA%NA	10
934c87d6a6650db3b4ee8b7741c07efdfc6b57d5	NA%NA%NA%NA%NA%NA	10
5498b5f1d8dd2ea1a78b7ab1b77115bf1c0c145e	NA%NA%NA%NA%NA%NA	10
c946e11edafc6a166e462e3ec15862cea427f240	NA%NA%NA%NA%NA%NA	10
d542981f1cc276e342fdece06b9eefb803ec8db5	NA%NA%NA%NA%NA%NA	10
d78758f694b56b2188ff4aeb2a27df9bebb39265	NA%NA%NA%NA%NA%NA	10
a5eb9c1c23edb5a2b8a4953e4a5a2cf2c8ce6850	NA%NA%NA%NA%NA%NA	10
a6a87e9ae5da53b58c96f807a2146036c7bdc9fc	NA%NA%NA%NA%NA%NA	10
ab6b71cc9c6f3ba8b300cb3391935156dfd1a0ca	NA%NA%NA%NA%NA%NA	10
f2cca90626e63c70b3b285965d7d1fde1ea0fe54	NA%NA%NA%NA%NA%NA	10
de3faee0bb010e6dca7863ca3b2bceea1c52ba6c	Bacillota%Bacilli%Lactobacillales%Aerococcaceae%Aerococcus%Aerococcus urinae	1
dfe98667213dc36af84832d0afc6a384622a9e3b	NA%NA%NA%NA%NA%NA	10
f056e3e311a185e378c96ca54890cfba8c2e9200	NA%NA%NA%NA%NA%NA	10
f2c04b9a51bc07d372e4edce62b9144a7b196d12	NA%NA%NA%NA%NA%NA	10
fc63ac328862700c150936ad3f068c72639a5a9a	NA%NA%NA%NA%NA%NA	10
ffdf066913058f1ada2f78d6a9f32b115f7a1bc0	Chordata%Actinopteri%Cichliformes%Cichlidae%Crenicichla%Crenicichla britskii	1
da00568f57bdadb55ba61fb600f2331b7ddcca4f	NA%NA%NA%NA%NA%NA	10
4cd754b5094967e6f2ef0fc1fae7cae55e2b00ff	NA%NA%NA%NA%NA%NA	10
d8cd6e306afc87a1bf77679d526ba9ea6eee0f3a	NA%NA%NA%NA%NA%NA	10
1b9e8658a53cd936487df143ef3e6f879ce233ab	NA%NA%NA%NA%NA%NA	10
1df4f02d91454cea5c9d92831813501207ae4e6e	NA%NA%NA%NA%NA%NA	10
1df54bc58b149211b7bd0e347934015a9beb0795	Arthropoda%Branchiopoda%Diplostraca%Macrotrichidae%Ilyocryptus%Ilyocryptus spinifer	1
375384a48e19073b1a76b7ac5fda524db9b03831	NA%NA%NA%NA%NA%NA	10
058be1f52720a2cad58fa5b13dfd8c1b7c8762f0	NA%NA%NA%NA%NA%NA	10
0ef235cc9dd4f05691da51c1449c557b9d11f192	NA%NA%NA%NA%NA%NA	10
19b00e6412c56d6574c945d599685c41b927f0a4	NA%NA%NA%NA%NA%NA	10
83bc498201d9fdc9341ded465f1535ddaeb275ea	NA%NA%NA%NA%NA%NA	10
21b873d06c1b6d914af02b5ef4d540f60f653e4e	NA%NA%NA%NA%NA%NA	10
55783f14631f94cf2f59975523acaa60c0df2fe9	NA%NA%NA%NA%NA%NA	10
7184c86eb5d143a926c2ffcaef22de77fda62b7d	Arthropoda%Insecta%Diptera%Simuliidae%Simulium%NA	3
72887ad4c1d03a9f571da51a298a4d66c688395b	Rhodophyta%Florideophyceae%Ceramiales%Callithamniaceae%Callithamnion%Callithamnion corymbosum	1
7e8349fd493b3410e8a4e63d21e7221b7bbe8f39	NA%NA%NA%NA%NA%NA	10
7ce091b9a1672ef49a4a59075556c3620c1208a5	NA%NA%NA%NA%NA%NA	10
9593f7c46829b9a6b767afe478f3ffd89a8608e4	NA%NA%NA%NA%NA%NA	10
9744407d49ef176b4c309173d4e0be882ca7d820	NA%NA%NA%NA%NA%NA	10
77a2f7d87b1e8a48ca5a25d70f96c3fb07ad0f19	NA%NA%NA%NA%NA%NA	10
60f94a9b6821974eeb1c266eba044408d54a064e	Discosea%NA%Himatismenida%Cochliopodiidae%Cochliopodium%NA	3
9be786a31d470b151cb4159eea3513d0095ee61a	NA%NA%NA%NA%NA%NA	10
9b6703cf8a41d0dac01b35d45fd33f375b708d9e	Bacillariophyta%Bacillariophyceae%Cymbellales%NA%NA%NA	10
9b10a693c5c2aae412eefc786a717defee20969e	NA%NA%NA%NA%NA%NA	10
96fc1cf8d83c7a6d81fbc1d5000be7f5624f0c14	NA%NA%NA%NA%NA%NA	10
9771e60e828ce717cf4764f669ac92b957c80446	Mollusca%Gastropoda%Littorinimorpha%Hydrobiidae%NA%NA	7
924469dfb5d7719990c78831f45929ab3e462d07	NA%NA%NA%NA%NA%NA	10
93d698ef2419d84ec2cea8c2dfa02fcdfa497df2	NA%NA%NA%NA%NA%NA	10
936d1a2019c5d1d21d2f3bf52cdff989dd295efc	NA%NA%NA%NA%NA%NA	10
ffa1023bec16f823512791d45d9c793fd7b32c90	NA%NA%NA%NA%NA%NA	10
9127d276e9577b256cf858ce5d8da2d6eca64968	NA%NA%NA%NA%NA%NA	10
aca5288faed76f7337ac4246526d001463859977	NA%NA%NA%NA%NA%NA	10
9cd48ed56df331b31147d98bd1d6e45abe1dc11e	Bacillota%Bacilli%Lactobacillales%Aerococcaceae%Aerococcus%Aerococcus urinae	1
a61a249164948e86375ea1da1a455be14d99084c	Arthropoda%Arachnida%Trombidiformes%Unionicolidae%Neumania%Neumania deltoides	1
a490eaebc83d4fb23200bdc93bf7bfbf029c58e2	NA%NA%NA%NA%NA%NA	10
a220ba29af0260baa3a0a07ded205fd77a0a6c42	Arthropoda%Ostracoda%Podocopida%NA%NA%NA	10
a0266c02e7dcc785a80e796719a499eece6cf684	Arthropoda%Insecta%NA%NA%NA%NA	10
78004c47cfadd00cde44b72a9283aab9dcdb8b01	NA%NA%NA%NA%NA%NA	10
e87f3649b93fab6a4520e93c49e7e54b3b3de3fe	Arthropoda%Hexanauplia%Cyclopoida%Cyclopidae%Eucyclops%NA	10
eab7e1d5a8153279025c012a5545d708a0fce4ee	NA%NA%NA%NA%NA%NA	10
eae0db108553223f77d61760c506b51c0f629caa	NA%NA%NA%NA%NA%NA	10
eb4d83875f8938087a27c41ba861cf10bc9ccff9	NA%NA%NA%NA%NA%NA	10
ebba0f55caa93b0f8b717281be7bf982b317b13f	NA%NA%NA%NA%NA%NA	10
e943911c89d79a07ce3d7d541f71617a898ce507	NA%NA%NA%NA%NA%NA	10
7a6909c71e58772d77fe89c28d382b37d12644a2	Arthropoda%NA%NA%NA%NA%NA	10
7af12f1460e7468db7edd4dd9ecd501d2be1992f	Arthropoda%Insecta%NA%NA%NA%NA	10
7f27a6ee3f7d06711d51ba9add99c82c7371b32c	NA%NA%NA%NA%NA%NA	10
81c638b0cf42e0df9049e31fae8fb654bdc6547e	NA%NA%NA%NA%NA%NA	10
84e3477b4affe01c4e06eda3efa5906f1de2c346	NA%NA%NA%NA%NA%NA	10
834c56348b2ecb6c7ff2e01125591e590ee026b1	NA%NA%NA%NA%NA%NA	10
8ed55f9736c1c4f8ef6afb256658e3f900b8d384	NA%NA%NA%NA%NA%NA	10
8e75e4adffba55dd12f4cccf1c5dec9df6a61065	NA%NA%NA%NA%NA%NA	10
8bf734bbb5567e7ef8bc17ab2132adbf8bf0231d	NA%NA%NA%NA%NA%NA	10
8b3e7381ee57b98c98ccf359fabdeef5cebc0f0a	NA%NA%NA%NA%NA%NA	10
8cf5dd690b5cd0286de0d36ca7c33cfad6402cb8	NA%NA%NA%NA%NA%NA	10
8ca00eae88b72a3b98fceb8444b08c6f09893626	NA%NA%NA%NA%NA%NA	10
891e1b42d1df06f6fb63492233295a3940e6a57e	NA%NA%NA%NA%NA%NA	10
86fdea4d22a3b87a870e7f789364ff4618200125	NA%NA%NA%NA%NA%NA	10
87a4c2a246fa369d64e3e0c87e04dd54ca0e19dc	Arthropoda%NA%NA%NA%NA%NA	10
e02921404246b8ecccaaeff950dcd32d5ac23681	NA%NA%NA%NA%NA%NA	10
e11ae804193c49405939971a0c5d054efe37b930	NA%NA%NA%NA%NA%NA	10
e2cfab7ee530579329620f7d56783ab969549ab3	NA%NA%NA%NA%NA%NA	10
e2fccc2b26bd9559cfa595b42846e6aa1c7b18e6	NA%NA%NA%NA%NA%NA	10
e5b9ae64f80a9bfea787896aad99120e4c451b00	NA%NA%NA%NA%NA%NA	10
e6bd7adeceb9a87d599f6639c85fb07b360f587a	NA%NA%NA%NA%NA%NA	10
de78922b3b25b3ebd7f2c31e6eaec42dfa39d7ae	NA%NA%NA%NA%NA%NA	10
db63016b7db884a9e48e831d4a355511d3306da1	NA%NA%NA%NA%NA%NA	10
d9ce168f5d7993acb82e369aabac20e390595bd7	NA%NA%NA%NA%NA%NA	10
d957c6eff5d941313ae1d706d04e8ebe773afc45	Oomycota%NA%Albuginales%NA%NA%NA	10
d786989d85483b9becda86f56bbfdb285debd463	NA%NA%NA%NA%NA%NA	10
f779824e77707ec42cbf3df942a0f955b18abcc7	NA%NA%NA%NA%NA%NA	10
fb3000c6cd237950c75fe82e474efb0baa91cf00	NA%NA%NA%NA%NA%NA	10
f4f51774a19565cf92fe8b236f514e8ef4b56bd5	NA%NA%NA%NA%NA%NA	10
f2f1e2f12a11fac7e7007c2fd25f55ee6cfbd27c	NA%NA%NA%NA%NA%NA	10
f0a83045838f94bed85d40fa03650ed11f91b296	NA%NA%NA%NA%NA%NA	10
f004be79c54963c99d815c5af6ffcd617ad8060e	NA%NA%NA%NA%NA%NA	10
b105a1548f1a1f5fc51fc414e22d8897a697b348	NA%NA%NA%NA%NA%NA	10
be3fc8e2ffc10923d5fab773cff24977235fd1bb	NA%NA%NA%NA%NA%NA	10
bf7c59432d9310dc134518b9da2d77ea61773d9f	NA%NA%NA%NA%NA%NA	10
bb7bcc39049254d7abb3f6eb050740cb506cbe65	NA%NA%NA%NA%NA%NA	10
c2570414830d07d4f559a8c8f5f6cae0065a9a64	NA%NA%NA%NA%NA%NA	10
c113c6d61e37b0de3729c3014aa5343fd337b269	Cnidaria%Anthozoa%Zoantharia%Epizoanthidae%Epizoanthus%NA	3
c20be0ea9020ad0d28b280080c30308a5a1cfef6	Arthropoda%Ostracoda%Podocopida%NA%NA%NA	10
ce9ff4c82d5df25a0e53df8c5ab49b93d52083de	NA%NA%NA%NA%NA%NA	10
cb742b16aecee2815f36643513a485a30fc71888	NA%NA%NA%NA%NA%NA	10
cb487564c2fe9a1a98b9adf6a9c73a6ede9dec1e	Arthropoda%Insecta%NA%NA%NA%NA	10
ca78e52cbf0093b7a3455b80e95614504aa6e807	NA%NA%NA%NA%NA%NA	10
c8f914297e71656965b988062730e4a7def1a6fc	Arthropoda%Ostracoda%Podocopida%NA%NA%NA	10
ca33e4308b19d79c4887794b65a9ede5c0326abe	NA%NA%NA%NA%NA%NA	10
c5a930b61fc1ca1dcc0c24656ce4ea67bdb625fe	NA%NA%NA%NA%NA%NA	10
c6fe2a98ae04392b2ad5fa1f3f20348e9091411d	Oomycota%NA%NA%NA%NA%NA	10
c6f205f2ad2b7183072e82873c49b7d007da1118	NA%NA%NA%NA%NA%NA	10
c463c988798b9441acd716fcb940b1bb9053f7d2	NA%NA%NA%NA%NA%NA	10
2558ec19b9901db9ece80ac04ade42040f12edbf	NA%NA%NA%NA%NA%NA	10
2a6a3e5e45e55da9faafea4479192017979ad2b4	Arthropoda%NA%NA%NA%NA%NA	10
241ccc2aaf0455ff82bfe3a8a91e78d1b20151cd	NA%NA%NA%NA%NA%NA	10
2450364d89ace20a889d80c25b6ec131d20858b9	NA%NA%NA%NA%NA%NA	10
24ee4f417ea862b8df22ecd9499376c7c090f317	NA%NA%NA%NA%NA%NA	10
25e6aea47337f9f291047f422d04a850d48c4f34	NA%NA%NA%NA%NA%NA	10
2d072658db533e3678a8012319819d8effd70fa1	NA%NA%NA%NA%NA%NA	10
2217271df4985aca82055de383eb9e5675bd9556	Arthropoda%Hexanauplia%Cyclopoida%Cyclopidae%Eucyclops%NA	10
236dd5590dde7a08087f172a999ab34a7508a951	NA%NA%NA%NA%NA%NA	10
211a9e009b1fd3b7d12266fbaa8a31ccf59b0574	NA%NA%NA%NA%NA%NA	10
2f94fa780e8cdc2415a85664ed43dbdb0f5fbe95	NA%NA%NA%NA%NA%NA	10
3d22bd0b16e4e273171e6256df80f7059123c46d	NA%NA%NA%NA%NA%NA	10
3e0e06e3a4f29b94c0d2977b33c5b7960934829f	NA%NA%NA%NA%NA%NA	10
3945007c6104e1924136f9395db8bd417ec3186f	NA%NA%NA%NA%NA%NA	10
368a1c785ecd69c976a62c41019b05b60130f606	NA%NA%NA%NA%NA%NA	10
366d13fbbc686f4a706fdefcfbfc3ce5d3549f87	NA%NA%NA%NA%NA%NA	10
33f4baa9ad5465dfa3ddae03aa2f1ec478e53091	NA%NA%NA%NA%NA%NA	10
336c6ddb99c776a1301b66bfab96752d8dda4e99	NA%NA%NA%NA%NA%NA	10
334a178318e4df6cde0b3bec0df2be13baa9ba46	NA%NA%NA%NA%NA%NA	10
34e858ce81b9b06c6f89c76ffc9195e3e7d5d3fa	NA%NA%NA%NA%NA%NA	10
3424978379431bc4cd5a0d062549cce2dfaee98f	Basidiomycota%Agaricomycetes%Agaricales%NA%NA%NA	10
317f4103ea7a9277e909f21d3d1ea298382100bf	Ascomycota%Eurotiomycetes%Eurotiales%NA%NA%NA	10
308c93540f3aa20165777006d3a1ea91affbbbf5	NA%NA%NA%NA%NA%NA	10
051fa1ec2b73e01898080660c2fda95ed792eda2	NA%NA%NA%NA%NA%NA	10
0bcd7ed4c62ff301ad51e650bfcbc58259c36939	Cnidaria%Anthozoa%Scleractinia%Caryophylliidae%Gardineria%NA	3
0cc231850f7cd2c2b66f1329310033e5e48c0183	Arthropoda%Insecta%Diptera%NA%NA%NA	10
0ca941499d679e522e9a80d52d91f4b0a55d1a6e	NA%NA%NA%NA%NA%NA	10
0c1b65aa6e1a71210a4bc903fdbb25b6f07d4f2a	NA%NA%NA%NA%NA%NA	10
0707732c047e7965691c1c16036bb75d7fc3aa83	Chordata%Actinopteri%Mugiliformes%Mugilidae%Myxus%Myxus elongatus	1
080cd2712b50d2be81309381138900bf5178859b	NA%NA%NA%NA%NA%NA	10
047e374421d5404142df6df435a64fc96a4c7ea4	NA%NA%NA%NA%NA%NA	10
05a64a2c8f87168e822327c06123c9a2cf6fa485	Rotifera%Eurotatoria%Ploima%NA%NA%NA	10
06110d272ea4b407e048fc65a87d082b2e1f3219	NA%NA%NA%NA%NA%NA	10
018153c046d6848e09885ded6ae99d41e870bd20	Arthropoda%Branchiopoda%Diplostraca%Eurycercidae%Karualona%NA	10
01530660aa1af2b1506f7bbeb0520192d03da737	NA%NA%NA%NA%NA%NA	10
1da5aa56b1dee566f094942bdb75184e00696020	Bacillota%Bacilli%Lactobacillales%Aerococcaceae%Aerococcus%Aerococcus urinae	1
1dd602bbfd3fb96eed63d1d159a6c801028e9987	NA%NA%NA%NA%NA%NA	10
1f2d4048ebde469fb21d419067291489929e8f2e	Arthropoda%Insecta%Diptera%NA%NA%NA	10
1c9fcf703df9c672e52b5902cc39d17416353b51	NA%NA%NA%NA%NA%NA	10
1a1ebab8dae2bf12d558b5be71358bbdf83b6c5a	NA%NA%NA%NA%NA%NA	10
189fec7835c65c4df807bb4d22057f415536b8dd	NA%NA%NA%NA%NA%NA	10
197efe43c7eabf7109ff7f25ca2c013a903f6248	NA%NA%NA%NA%NA%NA	10
170a338d1f1695b5588c6ac53ff02596f66ba535	NA%NA%NA%NA%NA%NA	10
1104576bde7b82e9e9d85af003aba7dc6c05cc95	NA%NA%NA%NA%NA%NA	10
109ebf703053a9f961da88bcf7c5cbfd80347a1d	Arthropoda%Ostracoda%Podocopida%NA%NA%NA	10
470e30ea220d08492002cf701fbc503a2fee2d50	NA%Phaeophyceae%Ectocarpales%Chordariaceae%Sauvageaugloia%Sauvageaugloia divaricata	1
48dd6304e6f5d4fb63eda782b6ce054dfdf2cce0	NA%NA%NA%NA%NA%NA	10
4b30cd29a3168a8773c8c9d8a28fab368f08ba47	NA%NA%NA%NA%NA%NA	10
4b55ce28bd7dacb084249d4e0ee7c7b15e805c51	NA%NA%NA%NA%NA%NA	10
4b6998633da9f490e69dda24aa5df5ab18110563	Arthropoda%NA%NA%NA%NA%NA	10
4c91234bc4f980dff811f23d048f1e9336e927c4	NA%NA%NA%NA%NA%NA	10
4fbf28004742c31afa4ad7b96acb3e01ff9882be	NA%NA%NA%NA%NA%NA	10
7118548548aa12a8ddf47765e764e983357a3ac7	NA%NA%NA%NA%NA%NA	10
4212716a8ab21ed91228cc1666043ea3c47c05fe	NA%NA%NA%NA%NA%NA	10
458e596e7be0cfd7f40472f7aca24001a0acebb8	Arthropoda%NA%NA%NA%NA%NA	10
45596d2766a5f0e2a333868e485641274d3491d0	Arthropoda%Insecta%NA%NA%NA%NA	10
445797a7bd0369452e929ae297cc62be310236af	Mollusca%Gastropoda%Stylommatophora%NA%NA%NA	10
5fc3eb4c59927cef6fe36f3ae29d90fa4011ed89	NA%NA%NA%NA%NA%NA	10
58c6f7a0741289260d131af4b1b28c07790d1c62	NA%NA%NA%NA%NA%NA	10
5bd36b911401bdef7819491fa996ee178e8d0d9e	Arthropoda%Ostracoda%Podocopida%NA%NA%NA	10
71a61376b85ad3ed6247b462f0d3e65c0ae3b472	Nemertea%Enopla%Monostilifera%NA%Chernyshevia%Chernyshevia escarpiaphila	1
721aacc6e34a3e049439dec599717c535bc1c868	NA%NA%NA%NA%NA%NA	10
5c480c5db96f9910ec657205a8a13d1e91c7f695	NA%NA%NA%NA%NA%NA	10
73bffbedb78da08e6973da322609c8644fe779e0	NA%NA%NA%NA%NA%NA	10
73d47880638705067aec70c92ce93388613dfc93	Arthropoda%Ostracoda%Podocopida%NA%NA%NA	10
7525434e689a5c3faf7d3db68f05e8a6712e6591	NA%NA%NA%NA%NA%NA	10
54eab7f7e13757a531badf30176ee83f109cc8c6	NA%NA%NA%NA%NA%NA	10
554963f586713cd75158faf1b75d1cc9eb6fb494	NA%NA%NA%NA%NA%NA	10
51001171128890ed1c71db9b3e329cdd7c660570	Arthropoda%NA%NA%NA%NA%NA	10
52f0c535fb59b75cc4b153e3a6fe515e4932e889	Arthropoda%Ostracoda%Podocopida%NA%NA%NA	10
52bd92665cc30b04fa8da59b25f3b029e49efbc9	NA%NA%NA%NA%NA%NA	10
55eefe6288db244643a185eb7d6805fcf38f5081	NA%NA%NA%NA%NA%NA	10
6ba5bbb0eb778e485eeff5cadbe936436356f684	NA%NA%NA%NA%NA%NA	10
3edf5033e04add44e14aab596f42d33b802d43dc	NA%NA%NA%NA%NA%NA	10
6a261bf13a3771c921e626e2c716e2e7b403bf1b	Ciliophora%Heterotrichea%Heterotrichida%Spirostomidae%Spirostomum%NA	3
60ac3198abc7e6a7f8276445901078d8488b9fec	NA%NA%NA%NA%NA%NA	10
627b03b383914552b57fd888b0dea9f4ba5ed1a3	Arthropoda%Ostracoda%Podocopida%Cyprididae%Cypridopsis%NA	10
63a7f613a195464390235611eca6643ae73fb227	NA%NA%NA%NA%NA%NA	10
64621244c69e4285a3706b3ad8d5fdfdaf7fcc42	NA%NA%NA%NA%NA%NA	10
69391380588ff401e2963ae871044d874067a3d2	NA%NA%NA%NA%NA%NA	10
69fdc1c59d5ee720020428e9ea7d71ccb0e9a420	NA%NA%NA%NA%NA%NA	10
6a728a5f95974d35807f4b75beea305139ea07ca	NA%NA%NA%NA%NA%NA	10
830c785949cd5c5e54d1d02f0ba07d79b239fcc0	NA%NA%NA%NA%NA%NA	10
8e259afefc4de4df08f558dd4c49f7e3cb54fec6	Arthropoda%NA%NA%NA%NA%NA	10
5a65949b4d1fe5fcca237fba232f21bca4dd69e1	Arthropoda%NA%NA%NA%NA%NA	10
a74ba6b9b3ffa3e0b0e056ce5dfd5eab36e44a68	Arthropoda%Ostracoda%Podocopida%NA%NA%NA	10
b342719e47bbf1a1192e9ad0e66801211407b76c	Mollusca%Gastropoda%Littorinimorpha%Hydrobiidae%NA%NA	7
08565447b55172a950e8d37fc5e1af7f1e716046	Arthropoda%NA%NA%NA%NA%NA	10
d3e0544eeb8bfc716826ecfd202752f586057bf3	Arthropoda%NA%NA%NA%NA%NA	10
22465f7e330f1edfacb18491a5c4aa873a09b901	NA%NA%NA%NA%NA%NA	10
553bed2e77b9e2cfccbe0484118122fa0ac0d04e	NA%NA%NA%NA%NA%NA	10
1e9a3d0f9e883227939b483faf3232c1d7d7db5c	NA%NA%NA%NA%NA%NA	10
85f739523d4679b43298d4bc1033ec0c5e3f0f91	Arthropoda%Malacostraca%NA%NA%NA%NA	10
b4c8255af29b402d73402e954516315b3efd685d	NA%NA%NA%NA%NA%NA	10
92e379f939f4b9f6a1e9c2f1077497b0111e1abb	NA%NA%NA%NA%NA%NA	10
7970844a2d20d6fe886fc0333a868b210c229694	Arthropoda%Arachnida%Mesostigmata%Trachytidae%Polyaspinus%Polyaspinus sp. BOLD:ADD0588	1
a5230c32f9d5a553773982c2767acaf95cc4b473	NA%NA%NA%NA%NA%NA	10
8f63b3e123e816d95040a5b226efffde3f1c360e	Arthropoda%Ostracoda%Podocopida%NA%NA%NA	10
a1154e7c721be37191343b54787ffa61133d2b34	NA%NA%NA%NA%NA%NA	10
3ec6242a0ad71350d06ed6b9d99f0b50857a8107	NA%NA%NA%NA%NA%NA	10
778d880eb4e536735d23051b679b5a78d4d9dafb	NA%NA%NA%NA%NA%NA	10
ddffe6965819496ab9937e662bb4f111dd9c8acf	NA%NA%NA%NA%NA%NA	10
abc6070b97f3337b6585e986e7896dd88e8e771a	NA%NA%NA%NA%NA%NA	10
d5b61a66e1d2986f7b7a6fd1c8bfda6851426fbf	NA%NA%NA%NA%NA%NA	10
699631b5cd92709fa30d07e7c5f239099c5f8c08	NA%NA%NA%NA%NA%NA	10
42f60ea4e3357de4cf2e47b4cc10f7a80a43421d	NA%NA%NA%NA%NA%NA	10
2cb0f7272390e96673a317c2ceac326c24ea69a2	Cnidaria%NA%NA%NA%NA%NA	10
a07b0e7c611b8049724dd6cefde2540761e919b0	Arthropoda%Insecta%NA%NA%NA%NA	10
b6c687b1a6bfe969a3d0e7a3bb009327a6363302	NA%Dinophyceae%NA%NA%NA%NA	10
9d4b150e84106c69d7a51c28c42b334f68af702b	NA%NA%NA%NA%NA%NA	10
aeb595ad71b2ed3524c7497f34d4f70c6500b0da	Bacillariophyta%Bacillariophyceae%Cymbellales%NA%NA%NA	10
d93eecfe8cb2adb7df92406decfc9acad51dbef4	NA%NA%NA%NA%NA%NA	10
7e6ac173781487af4b6eeca75eeb09f8188e7db0	NA%NA%NA%NA%NA%NA	10
ff13c616ef3f137ce83d1415605a119321cadba6	NA%NA%NA%NA%NA%NA	10
f1d025bf8af61e58b7b906cf0de74452ed883b56	NA%NA%NA%NA%NA%NA	10
193069cf228644aeae052f3b3423e9737d1496a4	NA%NA%NA%NA%NA%NA	10
d6b9ae016d0460ce1bd3b1a3fd0c8b30fda6e2e1	Arthropoda%Insecta%Hymenoptera%Braconidae%Bracon%Bracon sp. BOLD:AAI4311	1
4e90b0ccdfd6bbc64bf03e69ebc74a205ec9bee5	NA%NA%NA%NA%NA%NA	10
d9a257d88a01b1afecaa70aa9369a740b65c9f5a	Arthropoda%Ostracoda%Podocopida%Cyprididae%Cypridopsis%NA	10
323f9ce604a78a014b55ae02db0dae3fca42302d	NA%NA%NA%NA%NA%NA	10
49be27e0fa930d0ef9eebde25a4f74306f28210a	NA%NA%NA%NA%NA%NA	10
4efcbd50c2e6c6a6bfcda221295cf41298e3b7bb	NA%NA%NA%NA%NA%NA	10
596f21d5599f5c34f6757bcea52286eae2a50b07	NA%NA%NA%NA%NA%NA	10
51a6c287a14aad07eb233692ce4470f4c593f3dc	NA%NA%NA%NA%NA%NA	10
649a7627544076f9e441c28b3706e8a7eeeaa6c7	NA%NA%NA%NA%NA%NA	10
65288919df5a47ea546c549ef06a8b80afc382c4	NA%NA%NA%NA%NA%NA	10
6b63c87697bbaa4c7223821618865919dcea2c2b	Chordata%Actinopteri%Lutjaniformes%Lutjanidae%NA%NA	7
6c12d9d92720f2c6d09a46e3d08de9e7b4da6360	NA%NA%NA%NA%NA%NA	10
6e1eb2fc90bf677468aa7a95f6a928f6d43043d4	NA%NA%NA%NA%NA%NA	10
7cdaf580923c23e61637311c0271dfdcdafcad47	NA%NA%NA%NA%NA%NA	10
d53afcb886a72699d959184f4a1c731fea2ee2ab	NA%NA%NA%NA%NA%NA	10
947b6138ec1b1fd388d25d3fbe75980ad6a9afce	NA%NA%NA%NA%NA%NA	10
c709742c5144622b30d5b888cb8a9cb3708a7f16	Arthropoda%NA%NA%NA%NA%NA	10
c3b12eb40181e1970c3c8fe06139676684c8fdec	NA%NA%NA%NA%NA%NA	10
aa2d9facf651d8ae9fd1da50fd77ada27e3cbf8f	NA%NA%NA%NA%NA%NA	10
49fa0d5e18934669b02aa2bdc48116ef17d25621	NA%NA%NA%NA%NA%NA	10
efe3aca532571f1ae54976d1c7f6cf073a109df0	Basidiomycota%Agaricomycetes%Agaricales%NA%NA%NA	10
ec2e86b32b1d354b9d3216c3c031b3e60c6e8d05	Cnidaria%Hydrozoa%Limnomedusae%Olindiidae%Craspedacusta%Craspedacusta sowerbii	1
fd9c47aa19e803aed90a0ae58072d6592c33b5a7	NA%NA%NA%NA%NA%NA	10
b0eb3ed6e70a7c3e514d03a37423b2d17e9c8330	NA%NA%NA%NA%NA%NA	10
cca4a05d0c81aed88388871cb69cd68acab71603	Arthropoda%Insecta%Ephemeroptera%Baetidae%Plauditus%Plauditus cingulatus	1
e91a8ab1873ec73cdc56abc36cd809f7b2a9c5e5	NA%NA%NA%NA%NA%NA	10
4bd1ca0f99834beb265199fe583f5b739a18486a	NA%NA%NA%NA%NA%NA	10
47b77fd7258ac9b68ec25c94073ecdf6ba1268c6	NA%NA%NA%NA%NA%NA	10
0dc912ac9c8cd14b534f46f054177a68a5571c35	NA%NA%NA%NA%NA%NA	10
045be5cd66db12bbd15ef59c1f165a0a8b7fc126	NA%NA%NA%NA%NA%NA	10
267d19f2513aafc33b1f5e905c945878ab8f82a0	NA%NA%NA%NA%NA%NA	10
a25c6643a1b4458fa475d7d0b9b0cce8dae4e589	Cnidaria%Scyphozoa%Semaeostomeae%Pelagiidae%Chrysaora%Chrysaora melanaster	1
1e2e2a2e38fbc1e1efcd7dd954cefc2b888670c1	Oomycota%NA%NA%NA%NA%NA	10
1f106e85ac6aa746d0dac53fa9ee1e8118b50dd3	Ascomycota%Sordariomycetes%Hypocreales%Nectriaceae%Calonectria%Calonectria colhounii	1
1d2a427e9b0373064248b009019a98e5bdf21130	NA%NA%NA%NA%NA%NA	10
8651d02bf3aa1ff75158ab066cfe1619c39a1af2	NA%NA%NA%NA%NA%NA	10
930d3156459102640dc6f4d9f61944f82e4dd289	NA%NA%NA%NA%NA%NA	10
72a6e1f56f8f9b2a73317dedd4165c36626a4606	Arthropoda%Ostracoda%Podocopida%NA%NA%NA	10
71f834073bd7c26f663c8a7baeacee966558b60c	NA%NA%NA%NA%NA%NA	10
6f23ba8a8cb988f03c7966b1415f374bb5f412fe	Arthropoda%Insecta%NA%NA%NA%NA	10
63a1b46f1c7fbd8f71401cf1188bc1de94e74116	Oomycota%NA%NA%NA%NA%NA	10
bda1302f426cb6ebfc926b428e88a75d7c90b63e	NA%NA%NA%NA%NA%NA	10
b6c0e823391a430688dde893879ea02e91221f65	NA%NA%NA%NA%NA%NA	10
b6ea9c72eb80d9aae54dd4c069d46888979035d7	Arthropoda%Ostracoda%Podocopida%NA%NA%NA	10
b6ff189bd26bd4084ce8b798090de9cdc7068a76	Arthropoda%Insecta%NA%NA%NA%NA	10
bef19aee4a5a84dde0bc4609eb8b0aa8e825fafc	NA%NA%NA%NA%NA%NA	10
ba3742dd0a5272240c27e6c332b966a5e431173f	NA%NA%NA%NA%NA%NA	10
b6198484d463a50ccf66472c27470df25131377f	NA%NA%NA%NA%NA%NA	10
b62c571feccfaa8aec996d1d65ba1a8d2e86bc8d	NA%NA%NA%NA%NA%NA	10
b3cf5cfcebcf5cf18e3d9df68a55485b88a9f43f	NA%NA%NA%NA%NA%NA	10
baee57fc0f9e3581278faee42e630d93ec50aeb7	NA%NA%NA%NA%NA%NA	10
bf31fbf45dfc53ead02e4bf82adc157f30d8e43d	NA%NA%NA%NA%NA%NA	10
bba29d783bbc69e6c00825fcd87a934816d72707	Oomycota%NA%NA%NA%NA%NA	10
bcc62f2396e66c7198ce87f6e83f1d4c0297fbed	NA%NA%NA%NA%NA%NA	10
bc15a7d0f7b0af9b96e60e8b9cb58558b90ba24c	Arthropoda%Arachnida%Trombidiformes%Unionicolidae%Neumania%Neumania deltoides	1
c33cf9cc55078bd672a33278b43ee6f5559a2bfe	NA%NA%NA%NA%NA%NA	10
c31a746752bcfc8b67dcca23e5a15541562015f7	Ascomycota%Leotiomycetes%NA%NA%NA%NA	10
c191cc4586643a6b9be9ae6ee21d97be6044ab75	NA%NA%NA%NA%NA%NA	10
a11b0f7e9dae93a2ac0f452a10f775798d7a672c	NA%NA%NA%NA%NA%NA	10
8f0e40c5dc44c92898a8466904e26275d5645011	Arthropoda%NA%NA%NA%NA%NA	10
88df4a6daf8ca18e309ca1b36a714ecb164c77ee	NA%NA%NA%NA%NA%NA	10
861d7d57d6c9c2b63648f6246f4ffd978bb989d5	Arthropoda%NA%NA%NA%NA%NA	10
87d6ab20a9820eb7befca2c6c8812b6e2caa5909	Arthropoda%Ostracoda%Podocopida%NA%NA%NA	10
a8b70d3f0539644fcb653f0aae35c0558b9d7d22	NA%NA%NA%NA%NA%NA	10
ab9fa7bb037154efdf3e91fb123d7851d5246865	NA%NA%NA%NA%NA%NA	10
acc0465f48ace5c0a7ee35b7fbecf200282f264b	NA%NA%NA%NA%NA%NA	10
aa064e33e832e2bc198fb8266382823bf8184d79	NA%NA%NA%NA%NA%NA	10
a9fd533a585eb8c44dec7e05de79fdf9d36044f7	Mollusca%Gastropoda%Nudibranchia%Dendronotidae%Dendronotus%Dendronotus venustus	1
af8af35da7e1115d7546eb57a705ea02d310d088	NA%NA%NA%NA%NA%NA	10
a3f6f6b7d2e594a458c6f6e71414fa7af98e18ff	NA%NA%NA%NA%NA%NA	10
a44d1c1b4b17077d738b7c9d22928e0da67f8a9d	NA%NA%NA%NA%NA%NA	10
98d371112bd82aa6ae183c126f6d5c643acde1e6	NA%NA%NA%NA%NA%NA	10
e1ab90000d085479cb358c90af96be3f6df49b9e	NA%NA%NA%NA%NA%NA	10
9c1c0a7ede9ae4c873278e4f9196933c0440f974	Arthropoda%Ostracoda%Podocopida%NA%NA%NA	10
97e1e792cdd62f899fdbacb3fa38ee56792bf380	Arthropoda%Hexanauplia%Cyclopoida%Cyclopidae%Macrocyclops%Macrocyclops albidus	1
ebead66b55cfb574a18a6bb02d9e896a0ffdad6e	NA%NA%NA%NA%NA%NA	10
94e8b665af9f7bf1ed1e56d802ecf466b5993d2c	NA%NA%NA%NA%NA%NA	10
e934439a84a9d6af1a968f7a81c329d0c0cd94f4	Arthropoda%Insecta%NA%NA%NA%NA	10
f512e0933f370cd2a60194adec3ae4e847ce79ef	Arthropoda%Ostracoda%Podocopida%NA%NA%NA	10
fa6edb04abee0b570edd6e19ba9d1ea04f6d9674	NA%NA%NA%NA%NA%NA	10
fb2311dc55f5187021870e75d84fae232a4c0f87	NA%NA%NA%NA%NA%NA	10
fdfe84a7d9c9decf12d84c3928e974b9d67ab1f3	NA%NA%NA%NA%NA%NA	10
94c1953c1be06cff44a8b552302d49344e9a4f73	NA%NA%NA%NA%NA%NA	10
9403372d0406ff458e011b9c9fa2bf50f492eb61	Arthropoda%NA%NA%NA%NA%NA	10
92fca443492678b7faeeed61cb3cb2a3cfe5620a	NA%NA%NA%NA%NA%NA	10
fe6e690eb524dd110af4bed88f4b2a7ba010424d	NA%NA%NA%NA%NA%NA	10
9268e7baf4c66326d72e8791084506e94c029de2	NA%NA%NA%NA%NA%NA	10
90d95509737ec4b7599aaf3789bf6589d11abad7	NA%NA%NA%NA%NA%NA	10
c82dd51c0fa12a475e2aca955adac29e8559639b	NA%NA%NA%NA%NA%NA	10
ccd3e3b3f50bdcb1149544aa0eb2b6a5ec4c6bd2	NA%NA%NA%NA%NA%NA	10
d5709cdc3973169b48367b070f2d543c1c3756ab	NA%NA%NA%NA%NA%NA	10
d474e59cc1a35f392970692dad59ce4005674b4e	NA%NA%NA%NA%NA%NA	10
d1148f32db4615f03d3d8161d6ca2ede5c4a367f	NA%NA%NA%NA%NA%NA	10
d25a8075af4270f8245ae829030fde4e025ab1cc	NA%NA%NA%NA%NA%NA	10
f3f7a1a3ded2e8998bc3be713dbd0389a00b3247	NA%NA%NA%NA%NA%NA	10
f39eebb42b84e7998459bc8200f5437cf3374b05	NA%Phaeophyceae%NA%NA%NA%NA	10
dbf18278a4e2b671d144e947a4e7e9be7a703c5f	NA%NA%NA%NA%NA%NA	10
dc61f49cead7be1390bbb49548e2663f97606dbd	Arthropoda%Branchiopoda%Diplostraca%Eurycercidae%Karualona%NA	10
da573ac3cdc0ea3fd6fba51d3bcab546ffe22ecb	NA%NA%NA%NA%NA%NA	10
dd63646bcabfd6629b3dd627ce8d59576fb3c1f7	NA%NA%NA%NA%NA%NA	10
ddf3215e24f7d22a9504fe0bbd259c1655c46c56	NA%NA%NA%NA%NA%NA	10
d9d3e5cd6058baa24179d74c7bb42974a0181830	NA%NA%NA%NA%NA%NA	10
2ad95350b27ac0511046afa49a36825713bfda30	NA%NA%NA%NA%NA%NA	10
29173ca1f8d18c59749bc76d545bdada6e062d1d	NA%NA%NA%NA%NA%NA	10
25a26d097b4c93fccb7c97c687c903ec8725e150	Arthropoda%Insecta%NA%NA%NA%NA	10
256e25f3458f235551ec224c6cfc236bf79c40a6	NA%NA%NA%NA%NA%NA	10
22898058aaa66ccbd0cb3960eca1bb75fd857a78	NA%NA%NA%NA%NA%NA	10
317d2ca4013b9ef191f9b0745a0e162a14c76f5d	NA%NA%NA%NA%NA%NA	10
311f993effc48b15d15ac5d3a2685f653ffd58fc	NA%NA%NA%NA%NA%NA	10
3e7a6a09f1313a7a24933d8e0098ffaad37c6c3b	Arthropoda%Hexanauplia%Cyclopoida%Cyclopidae%Eucyclops%NA	10
3c99675d7c033094d4fed18fc7a9c2c725c2139d	NA%NA%NA%NA%NA%NA	10
3de048e6d262ec5bfb03dc678c137b47f9c5f095	Arthropoda%Ostracoda%Podocopida%NA%NA%NA	10
3dc9d58d5c697535c88177ea38853fadd6b82089	Rhodophyta%Florideophyceae%Gigartinales%Solieriaceae%Solieria%Solieria dura	1
3d8392878bbc293b7c01f9c3fa5b084309864b03	NA%NA%NA%NA%NA%NA	10
3b756e79e3c830bcccc6198b3e11ab9b9a8ae7b1	NA%NA%NA%NA%NA%NA	10
3872e918337fbf186419700b77bac0617016d857	NA%NA%NA%NA%NA%NA	10
380b38d9ce4c1865edb278838d57d1ab6403a0c2	Ascomycota%Sordariomycetes%Hypocreales%NA%NA%NA	10
39358bd56e93832656157afadc9cd49062870d75	Mollusca%Gastropoda%Stylommatophora%NA%NA%NA	10
36b3d6ea0d01540ade2d4647ef5ebdf90a923105	NA%NA%NA%NA%NA%NA	10
378fe725b2d2f1a7826438aa47349e85bd151fc9	Arthropoda%NA%NA%NA%NA%NA	10
34eb4b23e09c328fe626a58e7a3bc51f697135ab	NA%NA%NA%NA%NA%NA	10
40744773e2b28255c0b288630f47f878c7e07b18	Bacillota%Bacilli%Lactobacillales%Aerococcaceae%Aerococcus%Aerococcus urinae	1
0a7ef4241d0d68045921d78afbda980cf6f7d5b1	NA%NA%NA%NA%NA%NA	10
0f6cf674c54199cfbf66bcd3d15315ac727a484d	NA%NA%NA%NA%NA%NA	10
0f1f42a272b8e5cae2a255dbb9e099dbbc41f338	NA%NA%NA%NA%NA%NA	10
0f18e774e98f59d85ce0b3b87a4bdea64b131f8d	NA%NA%NA%NA%NA%NA	10
0cfd7fc1f6b2ce67c18bcf25453a66afd584ce18	NA%NA%NA%NA%NA%NA	10
0a72c48ffe3f6edbcd5ff59649505441a246d9e8	NA%NA%NA%NA%NA%NA	10
0a56caafb72366cd3e3c9295210b7ced5e682920	NA%NA%NA%NA%NA%NA	10
07e3e3bd1fa1f408d58f332aeed7805839d1f412	Arthropoda%Ostracoda%Podocopida%NA%NA%NA	10
079e5b88ef4478279e9e7bdcedc32047302e2e6f	NA%NA%NA%NA%NA%NA	10
079aa4f06e3c2822f0a0c98ac973700d261b9d95	Porifera%Demospongiae%NA%NA%NA%NA	10
041ced06b5ced15a93205218256e2abaac520e9e	Arthropoda%Insecta%NA%NA%NA%NA	10
01fee4366cb2803d037241b3924d09c8f805336c	Mollusca%Gastropoda%NA%Amphibolidae%Salinator%Salinator fragilis	1
10beaf9533f7b7221b1ccddf9b15d0c3eaa95478	NA%NA%NA%NA%NA%NA	10
12142cc51817d653262a0c58cf674a7839a790db	Bacillariophyta%Bacillariophyceae%Bacillariales%Bacillariaceae%Nitzschia%Nitzschia palea	1
408ce72d8ee68ed12184d7f5c089106d6a9860ed	Oomycota%NA%Saprolegniales%NA%NA%NA	10
16e990089add57f47132503c456fbc7f9a17994d	Arthropoda%NA%NA%NA%NA%NA	10
1a3052b1b62ada70083fdc90c31b289821596165	NA%NA%NA%NA%NA%NA	10
1b48faed5df9d44902ea58f5d06e90a850b32d03	NA%NA%NA%NA%NA%NA	10
1868b7a51497980c7a236f0153e3d9e8e160d1b5	Arthropoda%NA%NA%NA%NA%NA	10
1e96ddfae41e6f33a57477c0ffd8dd6a2a5db8fd	Arthropoda%Insecta%Odonata%Calopterygidae%Calopteryx%Calopteryx maculata	1
16bb922ca0615279cc9e50fd030e8080ee287422	NA%NA%NA%NA%NA%NA	10
178596b03a002795aeba3da74318b3a2bd967262	Arthropoda%NA%NA%NA%NA%NA	10
14010a9a182800015bb80925583169c3328224ea	NA%NA%NA%NA%NA%NA	10
129a792179652ce6f43548b4360352663207ebd1	Arthropoda%Hexanauplia%Cyclopoida%Cyclopidae%Eucyclops%NA	10
6ebbf3574a27920a039de976b9101214a845cc31	NA%NA%NA%NA%NA%NA	10
6a93bc22fc7a8da45d57ea75fde7e8794accfb0e	Oomycota%NA%NA%NA%NA%NA	10
6b358faf22e3959b8edd4424d7fd2c8aea9c736e	NA%NA%NA%NA%NA%NA	10
6439b70cf5738e374294db4d22513363a5df6f36	Ascomycota%Dothideomycetes%Cladosporiales%Cladosporiaceae%Cladosporium%Cladosporium herbarum	2
6496f91421e55db81cb30c70befff04f35a89e24	NA%NA%NA%NA%NA%NA	10
66568d508e6e7452fab66e01a8224f462efdac66	Mollusca%Gastropoda%Stylommatophora%NA%NA%NA	10
659bacb2ee2b0eec4d072d95b54f0f4d68599c07	Arthropoda%NA%NA%NA%NA%NA	10
637df031249bbdb522dc8c1368b74d437771b62d	NA%NA%NA%NA%NA%NA	10
606ccd618fd532e203dad24fafccde41784e7fe0	NA%NA%NA%NA%NA%NA	10
61b8c0bf0a17dc79e60ef3eba062e0b7464dd79e	NA%NA%NA%NA%NA%NA	10
706dff06e970d55f9ebfa59d235457ddff54e61c	Arthropoda%NA%NA%NA%NA%NA	10
7eced4008ed1dfa984be17c2ba68be84125d1e2b	NA%NA%NA%NA%NA%NA	10
7df915542a2234b4460506c4c98f896065fed52d	NA%NA%NA%NA%NA%NA	10
7dc3da5a7018c86cc12998911c9b579d2cc17231	Rhodophyta%Florideophyceae%Gelidiales%Gelidiaceae%Gelidium%NA	3
4167d6a324077b4a487c0ec937f4c0ef5a497e81	Discosea%NA%Himatismenida%NA%NA%NA	10
750cd0293e48d4e0447161f0c6a6f3eb04e4ac97	Arthropoda%NA%NA%NA%NA%NA	10
7cc2b6294951903a43cc055aa0c9b5cd92846fad	NA%NA%NA%NA%NA%NA	10
72bdbedafada43ea3f066e21c085a4922e532362	Arthropoda%Ostracoda%Podocopida%NA%NA%NA	10
70eead979838fe93d488ba95dcd88d71cd288f6d	Bacillariophyta%Bacillariophyceae%Bacillariales%NA%NA%NA	10
719a4d661fa08064028ff974ffdcfb3f01f2d850	NA%NA%NA%NA%NA%NA	10
4ba1389c86080a543ea69023698f30e569ecaadb	Arthropoda%Insecta%NA%NA%NA%NA	10
4cb71a3dbc6d015dbe6010f9567ed2ce34e7fe65	NA%NA%NA%NA%NA%NA	10
4c80d2b4c066815752821e315748ae4530c56c87	Arthropoda%Ostracoda%Podocopida%NA%NA%NA	10
4c4bf423e7a73aacef48a84b45026611c2f7c0df	Arthropoda%Arachnida%NA%NA%NA%NA	10
4a13ec43611875b04d5fb0f538876be083bbb95e	NA%NA%NA%NA%NA%NA	10
45bab86ce3f52c6fb835df40f6bf52283a63422b	NA%NA%NA%NA%NA%NA	10
48dc1e86cea76abd37d4ec39c89b0b526496e06c	NA%NA%NA%NA%NA%NA	10
47330ca4be65a1e4d15e41b3d8f74a4e9af1e2ba	NA%NA%NA%NA%NA%NA	10
4e071a21b4c1327010c42dd8b27a84b33b4a707b	NA%NA%NA%NA%NA%NA	10
46735b989e41963c687450556ca0f80d446dd09b	Arthropoda%Ostracoda%Podocopida%NA%NA%NA	10
42d1849a77219ce7eec21db57fcff4a13a217869	Arthropoda%Hexanauplia%Cyclopoida%Cyclopidae%Eucyclops%NA	10
8007ef9b457e6a7cf35a79b2c05ff75582bba143	NA%NA%NA%NA%NA%NA	10
5cd59fce6260749211b28dacf6fa285cf3974d8f	NA%NA%NA%NA%NA%NA	10
5c72a19165617847180c70118a35ee17fbbbfcfd	NA%NA%NA%NA%NA%NA	10
5c1458aa71f9cc2dbd2edcaedae44ce03e0a8857	NA%NA%NA%NA%NA%NA	10
5ac0b050ac984cc7981795300a67975c4fa092b7	NA%NA%NA%NA%NA%NA	10
584181160e1fa0aadc8feb85820e4fc81de65f1f	NA%NA%NA%NA%NA%NA	10
59dca63954b848586ab28c1a63de461d5a25e4e4	NA%NA%NA%NA%NA%NA	10
597e65497ce0ef6c17f1ede2d09dc62d3ecbf856	NA%NA%NA%NA%NA%NA	10
57c5801f343abf1bcdfefe044bec9b79ff61dceb	NA%NA%NA%NA%NA%NA	10
55b529e24225c33f81566d05abd34476ae3a1dbb	NA%NA%NA%NA%NA%NA	10
5516140fac891d25962b3e9bfe460a3d8e655381	NA%NA%NA%NA%NA%NA	10
60bf1c658e4b67df152d889d0758802eda128743	Bacillariophyta%Bacillariophyceae%Naviculales%NA%NA%NA	10
f1094d107b042a5a2b6d6078fd3ca355e35060d8	NA%NA%NA%NA%NA%NA	10
d36f5986c9f05f8a70004f3a3b24f57fd62ca539	Bacillariophyta%Bacillariophyceae%Naviculales%NA%NA%NA	10
56e0c815d4182eaf389a2fa54ddd363a57754e79	Arthropoda%Insecta%Diptera%NA%NA%NA	10
879a452d389d22753011f42e5d6a7e65942c5cf8	Annelida%Clitellata%Tubificida%Opistocystidae%Trieminentia%NA	10
43812634aadba9d929be448c2518794bbcc94833	NA%NA%NA%NA%NA%NA	10
e434148c51a44f85c91c16e902b800b48a645ddb	Bacillariophyta%Bacillariophyceae%Naviculales%NA%NA%NA	10
dc36e01b925baba453ff2fd8416a12fedb3f0525	NA%NA%NA%NA%NA%NA	10
b954ad41862b50c59083a9f3096626b849500174	Bacillariophyta%Bacillariophyceae%Naviculales%NA%NA%NA	10
68cb04276e51a774b3ef84c9de3b3df13021cc3a	NA%NA%NA%NA%NA%NA	10
d2a1e9ae971cde0dd32f3a3f3d65ca7f995ab754	Ascomycota%Eurotiomycetes%Eurotiales%Aspergillaceae%Aspergillus%Aspergillus niger	1
f0f6faab8340c06fcb5af1dcbd9f3d6b414d2972	NA%NA%NA%NA%NA%NA	10
d94ea3ae1d286b6e88336b1ecc94b3214af43321	NA%NA%NA%NA%NA%NA	10
9fd5703c09137432004fc571f3947b248f795045	Bacillariophyta%Bacillariophyceae%Naviculales%Sellaphoraceae%Sellaphora%NA	3
1c77b2ca832e7b8a5bee706de40fd9f030da45a2	NA%NA%NA%NA%NA%NA	10
279fea252d0051616aa3661ce50973f7dcbd52b2	Bacillariophyta%Bacillariophyceae%Naviculales%Sellaphoraceae%Sellaphora%NA	3
83862fdf390704138232fadacfd0f9cda322755c	Bacillota%Bacilli%Lactobacillales%Aerococcaceae%Aerococcus%Aerococcus urinae	1
c345b93913b42c82fba82930d3efa1e15f5ab224	NA%NA%NA%NA%NA%NA	10
c2f7a688e7e07ed1a19c90bbd962615ec91d14ed	NA%NA%NA%NA%NA%NA	10
6983b23b55bcb377d2543dd567a35abaf2f14305	Arthropoda%Malacostraca%Decapoda%NA%NA%NA	10
e188b6964b813cbaf1a93da9afe4bc34428f7396	Bacillariophyta%Bacillariophyceae%Naviculales%NA%NA%NA	10
d5181e82e25d3dedbde4d7074cb4f5021cee8712	NA%NA%NA%NA%NA%NA	10
9177c100ffb493e6b6ec136d75c6ebb8d1f32db4	NA%NA%NA%NA%NA%NA	10
8a0e12f7b389c4967b73d8baad22f497869852c7	NA%NA%NA%NA%NA%NA	10
c9e5b06397357b063ade450f2c9d53a6b93c1d93	Bacillariophyta%Bacillariophyceae%Cymbellales%NA%NA%NA	10
95aea118b8bd2073db963e324e1f33a7617fb5ba	NA%NA%NA%NA%NA%NA	10
38a33b3806b2c68f686ec6d00db1740d2cca0e37	NA%NA%NA%NA%NA%NA	10
514f8ebd860415058f9d93be0c62a389ca6ea6e8	NA%NA%NA%NA%NA%NA	10
d7fa1a62fd664231a531956bfc55ecd7c755bae9	NA%NA%NA%NA%NA%NA	10
68bb52d19bbb83462b5f7ad133facee2c860923e	Bacillariophyta%Bacillariophyceae%Naviculales%Sellaphoraceae%Sellaphora%NA	10
26418783778580e2a64b1cb5c5943933427f7797	NA%NA%NA%NA%NA%NA	10
0c03048902fe07fab7f9f414f590fb1aea03c61d	NA%NA%NA%NA%NA%NA	10
a3430067706cf58e65dfac503277df034368a31c	NA%NA%NA%NA%NA%NA	10
fc781ed7a54e108b8de69dcfed5afa2bc686237c	NA%NA%NA%NA%NA%NA	10
83cf47ff31acdbab30956f1291d4cef1fa4f5674	Bacillariophyta%Bacillariophyceae%Naviculales%NA%NA%NA	10
2a36bba38ca7483cf92764561bdde1349c5c815a	NA%NA%NA%NA%NA%NA	10
5df5d2f8fc997a3b89e131b103ccb2a5907fa9a0	NA%NA%NA%NA%NA%NA	10
61b3b4c57ad3b6873ad826754930ce7cc489cbf3	Bacillariophyta%Bacillariophyceae%Cymbellales%NA%NA%NA	10
88be175c39ca6a6f1a3728dd8ec58be7221dfb72	NA%NA%NA%NA%NA%NA	10
a959b42aecb59609ac7dbe8b9665557c5ebac477	NA%NA%NA%NA%NA%NA	10
7cb4b92e615e04d83b570bcf4522b887543434b2	NA%NA%NA%NA%NA%NA	10
f54eddf3ee3f1f63d580310ebc45600490c4224f	NA%NA%NA%NA%NA%NA	10
fb335a8ad70d4973515f0abf436ed07c452bebbf	NA%NA%NA%NA%NA%NA	10
ce795f21f0820ee19cd56ec7e1b970f6de20f7c6	Bacillariophyta%Bacillariophyceae%Naviculales%NA%NA%NA	10
dc92ad715f7bab8b0b3c122d4f8c5b2c2060fe93	Bacillariophyta%Bacillariophyceae%Naviculales%NA%NA%NA	10
fb4b72b47bce9c86614cbbf0f1b1cbc63f15fa8a	NA%NA%NA%NA%NA%NA	10
cacf01843c0c00e9442632a1c8575faa18edfe7d	NA%NA%NA%NA%NA%NA	10
db150afa29a9d5d5538a70405e3220bc8b764024	NA%NA%NA%NA%NA%NA	10
a87c3388b9af67cb828fc09704e395132248f516	NA%NA%NA%NA%NA%NA	10
928374483c2eb82bc9bef5383e03c3c673cb77da	NA%NA%NA%NA%NA%NA	10
b56ff0522bc45a123b3f5d0e8b6a6b3d27f3626e	Chordata%Actinopteri%Perciformes%Gasterosteidae%Gasterosteus%Gasterosteus aculeatus	1
b6db8fc865e0eac7960f12c8e17b2de656b655b9	NA%NA%NA%NA%NA%NA	10
82e9400e43d46a8285da53cb192f01e737a8f3ec	NA%NA%NA%NA%NA%NA	10
be1ca8329a177225693c8c349b86bec366a241a1	NA%NA%NA%NA%NA%NA	10
5c0ce9044b309a9a0459e3d5707bcdb3e54cb4e5	NA%NA%NA%NA%NA%NA	10
abeac7c8716e79e71add370a81357417a0f89340	NA%NA%NA%NA%NA%NA	10
8fe719c17abd80639a4b805f502a433a1d5c50c2	NA%NA%NA%NA%NA%NA	10
c85dce14ae4f89ec502c2ba04a3f64cb97403911	NA%NA%NA%NA%NA%NA	10
24caed117ed47e837e540b401cd424a1fd8688d4	Bacillariophyta%Bacillariophyceae%Naviculales%NA%NA%NA	10
0a5cd12e19358f8077ddfa9bad0148551092e045	NA%NA%NA%NA%NA%NA	10
aeed6f416f2d112ba122fc10fc1a6b7486857d52	NA%Phaeophyceae%Dictyotales%Dictyotaceae%Dictyota%Dictyota dichotoma	1
58b261a7a57e1c7bc1453c70276c645335764902	NA%Phaeophyceae%Fucales%Sargassaceae%Sargassum%Sargassum zhangii	1
afdc80cc1df7d70626012ea50861fb8f7cf986c0	NA%NA%NA%NA%NA%NA	10
c3b5054e7f41b53055ad5fb97145ce1092c3c45f	NA%NA%NA%NA%NA%NA	10
c67338a4dca3061b14673612e5ab747ba35a990d	Arthropoda%NA%NA%NA%NA%NA	10
8779e1fe46187a5147511e497393c90d4f8ad05b	Ascomycota%Eurotiomycetes%Eurotiales%Aspergillaceae%Aspergillus%Aspergillus niger	2
dde885b810b994c87c6d4af944c02c3fb0ca5601	NA%NA%NA%NA%NA%NA	10
791655ba59ff590bc4ea3e03cd1748f2c9fc0cd0	NA%NA%NA%NA%NA%NA	10
11625c384063ddddb64ff46729978e8ee01708ec	NA%NA%NA%NA%NA%NA	10
2b5738d41f72df027694f04cd244e2893193b54f	NA%NA%NA%NA%NA%NA	10
5751df1548c72d6556d83527c273d0ff6d816935	NA%NA%NA%NA%NA%NA	10
80cf7163bcad46242b7a6f12a7ceea4554cbf016	NA%NA%NA%NA%NA%NA	10
125674924421c54b64f9e6cb66e289d3136ea801	NA%NA%NA%NA%NA%NA	10
950589a8a1c50aa604e8349f84e5c3c3bd970fb8	NA%NA%NA%NA%NA%NA	10
16c1123b13c290a7cf3e646ba6545c558221f72f	NA%NA%NA%NA%NA%NA	10
f9b6860264563c6a16962ac7308149f027aab84f	NA%NA%NA%NA%NA%NA	10
13bd99da180aa78e11022b6859eb9e5d5d472f00	NA%NA%NA%NA%NA%NA	10
34b29eda070f631e399bd44a6fc456d27e8ba640	NA%NA%NA%NA%NA%NA	10
3549582ed4f77ebe5381bcc5123a555461cc1aa0	Arthropoda%Arachnida%Scorpiones%Buthidae%Compsobuthus%Compsobuthus matthiesseni	1
e3cffb586ec8dbed9c492baa0ed3ea5cbd5d7207	NA%NA%NA%NA%NA%NA	10
4377ef0fdd9d0bc3d1afc5a9994d7df5d97820f8	NA%NA%NA%NA%NA%NA	10
b0ad1d750aeec39545c0dc796a69856e9bb94369	NA%NA%NA%NA%NA%NA	10
8a7603d9b9d787b2f0ad733d9cec2f25009853a2	Chordata%Actinopteri%Cichliformes%Cichlidae%Archocentrus%Archocentrus multispinosus	1
a5b12c26bc74cfd51791dc4ed3a4c16fdd4a1809	NA%NA%NA%NA%NA%NA	10
c2b07bdd4382f71986e550084f291d7dfcea2a4c	NA%NA%NA%NA%NA%NA	10
419813330cc541b6566989de97c8805912d96a0f	Bacillariophyta%Bacillariophyceae%Bacillariales%NA%NA%NA	10
229b223c05a8f06849254689fab76844f41c0b06	Bacillariophyta%Bacillariophyceae%Bacillariales%Bacillariaceae%Nitzschia%NA	10
7e896aaf8d2341117010be9da2861eb5bc1f3fdb	NA%NA%NA%NA%NA%NA	10
a6e56efb654af09c79af145ffc3322372423eb10	NA%NA%NA%NA%NA%NA	10
42f45b2aefe52270a960fbb57eeb3cabd012262a	Chlorophyta%Chlorophyceae%Chlamydomonadales%Volvocaceae%Volvox%Volvox carteri	1
45aed525823dc189af6c2d3f842b160cae9f7011	Arthropoda%NA%NA%NA%NA%NA	10
1dfc21b5fb9f7a081e554acd6894a585b39553b2	NA%NA%NA%NA%NA%NA	10
4fe1d29807fd1bc74dab4fc1f820f072f4ef3204	NA%NA%NA%NA%NA%NA	10
f3da7091f65439d6c2f2d2c7126868d0e8588709	NA%NA%NA%NA%NA%NA	10
9bb6b079369e5273a632b705a5e2ddc278de7933	NA%NA%NA%NA%NA%NA	10
2885195a9d4f79fb417047c205c62b47752ad823	NA%NA%NA%NA%NA%NA	10
5464345ae848111c402d7f30fc7b9b4ac9b22f5c	NA%NA%NA%NA%NA%NA	10
4403ff4d4fdf1ab59f506ae52ab15b74470ad0cb	Rhodophyta%Florideophyceae%NA%NA%NA%NA	10
8b05da89e968e76d5aa00f6d4c22ecfc3a168a92	NA%NA%NA%NA%NA%NA	10
94a074cd4f6d134945b63fd184a67efda212287b	Bacillariophyta%Bacillariophyceae%Bacillariales%Bacillariaceae%Pseudo-nitzschia%NA	3
9867f992922efa7e243dce7948d537fb7845bf18	Bacillariophyta%Bacillariophyceae%Naviculales%NA%NA%NA	10
a32cd076d4942a12a79e617d227f4bd0b3784d36	NA%NA%NA%NA%NA%NA	10
a3972b15a27da2c33939599a85a6c082010eeafa	NA%NA%NA%NA%NA%NA	10
43aae1c476a51484dfbb8fe2d432f4eec191e842	NA%NA%NA%NA%NA%NA	10
6673f60f64378432413376727672263ed9e77ed5	NA%NA%NA%NA%NA%NA	10
685bed604d219375924a9e27ae16f0b28d5e032e	NA%NA%NA%NA%NA%NA	10
be76b0ce651946348ec27a61b1da05f095974f62	NA%NA%NA%NA%NA%NA	10
f77b00ecac1023c989eeb5e29945aa7e87c632ca	NA%NA%NA%NA%NA%NA	10
e302ec2056d92735ab1daf807a36e0ef50b6b74a	NA%NA%NA%NA%NA%NA	10
076d34082f8d0d2cb5c7147d8aa0bd417da80820	NA%NA%NA%NA%NA%NA	10
1e39d5a3d90d9974913acee058322aaa1e3b1149	NA%NA%NA%NA%NA%NA	10
fbfbc0167f62596d6520de535c866eff5a0eabb7	NA%NA%NA%NA%NA%NA	10
981c673ea7b4611aed2144d569e2ac81874f72ad	NA%NA%NA%NA%NA%NA	10
3c76997b511d996ab5fd2b44ac47197beafc5dd6	NA%NA%NA%NA%NA%NA	10
62966fc54e009cb49cbfc71f349d222e5250806e	NA%NA%NA%NA%NA%NA	10
dc59a03093d684f4ce7ac3270c6e4850e83c0910	NA%NA%NA%NA%NA%NA	10
648a1e9cdd13601f31aa894fe3575d70bde7c1c7	Chordata%Actinopteri%Cichliformes%Cichlidae%Archocentrus%Archocentrus centrarchus	1
64373448e23f5aa2f35fa74371980a33404e4f3c	NA%NA%NA%NA%NA%NA	10
3e868d6d4dca026884f96204812b3e987b0a3d0a	NA%Dinophyceae%Gonyaulacales%Amphidomataceae%Azadinium%NA	5
6ecc7ac569025fc4c413269980b86114ab76f7d6	Oomycota%NA%Pythiales%Pythiaceae%Pythium%NA	3
8d6474b919657446ed79c7fe95ff732a5d5184af	NA%NA%NA%NA%NA%NA	10
539947e2249c7d02505ea1de27b69cb99f5459b8	NA%NA%NA%NA%NA%NA	10
54031fb07f15fc3688bd1a34d71ac27732a5c8f9	NA%NA%NA%NA%NA%NA	10
be995d5d5f34aa4fe0f7bc824b043033f648ab44	Arthropoda%Insecta%NA%NA%NA%NA	10
21bf7ec36c03cb242fb25ae8a6eb269ba8603a19	NA%NA%NA%NA%NA%NA	10
98c7478b8afcd46443327072f013c01fba29778a	NA%NA%NA%NA%NA%NA	10
a755b31fe8489ed942d3a6430a075f0d7abfee7b	NA%NA%NA%NA%NA%NA	10
148bb86d4058b4b83df5145a9faea1841eaf9701	NA%NA%NA%NA%NA%NA	10
1c24c1501fb6d147bafae2f293509c866e935548	NA%NA%NA%NA%NA%NA	10
dcab04649fecd2f6a6bfd402f08fac4274e9fa35	NA%NA%NA%NA%NA%NA	10
da14267caebe3c0186dc4905fa3e97e17c6e428f	NA%NA%NA%NA%NA%NA	10
d6c43b9a94ee82c5ea769712206ca0228aeaf317	NA%NA%NA%NA%NA%NA	10
da9a9f923e26e9566cc66351a8142d28a286ed0b	NA%NA%NA%NA%NA%NA	10
01e11173301c04f3b2a092625f455409ed9503e8	NA%NA%NA%NA%NA%NA	10
03a52fe3d240a14c35d2c8e0d3f64ff579ecf0f0	Chordata%Actinopteri%Clupeiformes%Clupeidae%Dorosoma%NA	3
05156803a14928a8924ae337c1dc767b26b15cbc	NA%NA%NA%NA%NA%NA	10
c8c5e23dc7110785d3ed008551126f7aa496bf3c	NA%NA%NA%NA%NA%NA	10
304ac683c27594114aa25df15ef96e415e1cd2a4	NA%NA%NA%NA%NA%NA	10
3891c82df6c5f98feae040905429d1cf66dc9058	NA%NA%NA%NA%NA%NA	10
4e771411ad1ec480e5d3648245b1a0f6178e62a9	NA%NA%NA%NA%NA%NA	10
6bf1e78a364586a29254045e62a556b225b38158	NA%NA%NA%NA%NA%NA	10
8f802a6cfd8a67fc213b82e146688c123f26cd55	NA%NA%NA%NA%NA%NA	10
94df063e481e0f9ec1d504a1309263207ebf0cba	NA%NA%NA%NA%NA%NA	10
fd1e3cffe0383699ab5e3145b4be7f85c3625c32	Arthropoda%NA%NA%NA%NA%NA	10
5f00ce042ad0a45eac4ed125ad13af58f5715dd5	NA%NA%NA%NA%NA%NA	10
576267a92d40f81cf388b1e0284c67366c2157f4	NA%NA%NA%NA%NA%NA	10
539f2f3594548fd8e8521c65b24952fa1c23b471	NA%NA%NA%NA%NA%NA	10
5024163291e4bc64a477af5330bca6ae14c2fb4a	Discosea%Flabellinia%NA%Vannellidae%Paravannella%Paravannella minima	1
3b4ac4f7eb57d0d36b2f7171435e782eaedbbe73	NA%NA%NA%NA%NA%NA	10
01e7238c23ef0bcdaac91b5c198b127ef23bbff2	NA%NA%NA%NA%NA%NA	10
b1112c07a28c7dbea2c8276df15fa26176326ced	NA%NA%NA%NA%NA%NA	10
1e7e961b4dbbe7ab62f6aa94b2f289bc2a06bde0	NA%NA%NA%NA%NA%NA	10
aceb1c3abdd6bcf47ab069c4ce2c5a39824abf38	NA%NA%NA%NA%NA%NA	10
4debc98863b0839756603d9cbfeb8aa59de32a4a	NA%NA%NA%NA%NA%NA	10
48edc891f1a2a240e25c4a5cf9276646692df39b	NA%NA%NA%NA%NA%NA	10
02c55f31ce16cc0d1738482aa1318c32a845abd4	NA%NA%NA%NA%NA%NA	10
10b9618f552db8efb19b1e576db7b3ee691e7792	Mollusca%Gastropoda%Stylommatophora%Rhytididae%Nata%Nata vernicosa	1
19e03c0a95f739e51a18393c23061359516a35dc	NA%NA%NA%NA%NA%NA	10
646e0607fa452fae0e45ba82eb03b3e6c930d776	NA%NA%NA%NA%NA%NA	10
65c9703be5d0305fd6f176e8081934742585eb43	NA%NA%NA%NA%NA%NA	10
6b2dece576be2d2b73b00c998e43713d49cd7c08	Chordata%Aves%Passeriformes%Monarchidae%Symposiachrus%NA	10
6ea5af5d908e03be335f57d52550ef609f74b448	NA%NA%NA%NA%NA%NA	10
7e40d36932a11681b64601f88a6802e44846b125	NA%NA%NA%NA%NA%NA	10
9d957cfb6f0b93468946cb04e2a1c59e12e82050	NA%NA%NA%NA%NA%NA	10
99dacfe3f34ac19f80cb25785a653203d0522254	Nemertea%Pilidiophora%Heteronemertea%Lineidae%Cerebratulus%Cerebratulus orochi	1
ecece8a03fb8ef92a257350fdd182086945622ae	Ascomycota%Eurotiomycetes%Eurotiales%Aspergillaceae%Penicillium%NA	3
ee0b032b2ee76bdd756c8eb9bd3fa248225e8979	NA%NA%NA%NA%NA%NA	10
8206bfb5d885256375d4bdeb534c3e5f359ccedd	Arthropoda%NA%NA%NA%NA%NA	10
9f51fc88ccfbfbf82b7ab0e69a088135ae0dd400	NA%NA%NA%NA%NA%NA	10
add460d14fa5ae1b6e3e89c6c5e621465c2a1a68	Bacillariophyta%Bacillariophyceae%Bacillariales%NA%NA%NA	10
ad724cfca732ab24ac60cd474b41e91af3c80a22	NA%NA%NA%NA%NA%NA	10
a63c2f8da6730e59558e7e4ec35faea7eacc03a0	NA%NA%NA%NA%NA%NA	10
e66fdf9ad3caec6db2f9a91e6ff26eb9d56d1471	NA%NA%NA%NA%NA%NA	10
f45503e8cd4b28b04755177ac3a62b12dfd4a2ec	NA%NA%NA%NA%NA%NA	10
dbe00663a66414fa1c9b34b6c20c2deea229ce50	Ascomycota%NA%NA%NA%NA%NA	10
db36ba71f82ea4af454b553102040074ce7149ee	Arthropoda%Insecta%NA%NA%NA%NA	10
9c1e6fbeb33d24b5907ebcf5f4b62419fd557510	NA%NA%NA%NA%NA%NA	10
01e822a2956b5f939b0656b0b41bfe71176bd421	NA%NA%NA%NA%NA%NA	10
2a809c1a91c095cf6e90957e8f9b4d70847864c5	NA%NA%NA%NA%NA%NA	10
9c5ac29679bfe14d7200be823e03a1e01a59c786	NA%NA%NA%NA%NA%NA	10
2f4fc3c9ba39e96cbe810415aa21f9bfe8e6dd0b	Arthropoda%Insecta%NA%NA%NA%NA	10
4333b948868a08017b7931947e50d75c2ce6e549	NA%NA%NA%NA%NA%NA	10
44aef369417085ebf8fa8d962eafa8da069122cc	NA%NA%NA%NA%NA%NA	10
45a0e7441975ddc6a8acf065a244747883a1d397	NA%NA%NA%NA%NA%NA	10
4ad274984f7ad60fe8e9e9ac1c5937875f0d4fde	Porifera%Demospongiae%Spongillida%Spongillidae%Corvospongilla%NA	3
1b663588f30bc2f6cbae219766e7208cb5a6de91	NA%NA%NA%NA%NA%NA	10
220fab6b65e0cb2c9b9f03396b5c7560a58a3798	NA%NA%NA%NA%NA%NA	10
233329ce0e996b537629d67c5069609b2c56d100	NA%NA%NA%NA%NA%NA	10
8fff7482c897a0764e1c14df06d8240809103df5	Arthropoda%Ostracoda%Podocopida%NA%NA%NA	10
83c78e14e1008f5a58a54bf70c4eb41e174165de	NA%NA%NA%NA%NA%NA	10
254f7c858cc4f1b6400cdd1c5a9e002260beac37	Bacillariophyta%Bacillariophyceae%Naviculales%NA%NA%NA	10
4d9b40b57fab1016f966cb20c7c2cfa20cbe634c	NA%NA%NA%NA%NA%NA	10
65d4e3a75e8c16c4c738a0e372d24aff784a827e	NA%NA%NA%NA%NA%NA	10
7e195e8cd5c73446ad1b16b25d2520b13d2f020d	Bacillariophyta%Bacillariophyceae%Bacillariales%Bacillariaceae%Nitzschia%Nitzschia palea	2
7cfb962b120dd8ad53bf180b633da4b4eb9692b9	NA%NA%NA%NA%NA%NA	10
753b44ffb63216d01c5ae8ee3977b3f65dad8258	NA%NA%NA%NA%NA%NA	10
719664f02a6f3d1b079303f5e9704472b0fcf16f	NA%NA%NA%NA%NA%NA	10
51738e8abd01529c2665669f9ffd8d58370413a5	NA%NA%NA%NA%NA%NA	10
4f5d07f2a5d947ab8314b181985ea68d8161d730	Arthropoda%Insecta%Lepidoptera%NA%NA%NA	10
6556264dd618a9e376f9a339f4fccf95d081a60a	NA%NA%NA%NA%NA%NA	10
be59cbcd227dcd24aa8ef5a94eb7f1803a001ea5	NA%NA%NA%NA%NA%NA	10
bcbe6138b093999794a3bcde476d3beaabdde3dd	NA%NA%NA%NA%NA%NA	10
c0a793f57e5fe79486f00ea02777cd28ce88598e	NA%NA%NA%NA%NA%NA	10
b351db642746248cba2ab346debf5f8c916a1d41	NA%NA%NA%NA%NA%NA	10
b6e2a49099ebe6e45785b099590dfc1b6472e8db	NA%NA%NA%NA%NA%NA	10
92932a3c68ce9f50e018028c5923519c5298f5a7	NA%NA%NA%NA%NA%NA	10
964540ee76d1487b92dc127d96c2648138573696	Arthropoda%Insecta%Ephemeroptera%Siphlonuridae%Siphlonurus%Siphlonurus lacustris	1
9778f4c3b7dfc821d11b59c40cc92a6149aa61cf	NA%NA%NA%NA%NA%NA	10
9191aa1844e03206eef6abe926c85ed0634dd2d2	NA%NA%NA%NA%NA%NA	10
91d0828d22f30e7c30493748c69bdc9791178b7f	NA%NA%NA%NA%NA%NA	10
9359f1d8e6acc3d29b45039af3d776984394c412	NA%NA%NA%NA%NA%NA	10
93ce8568f17fb7214fa65c262a60a198a322cbf1	Arthropoda%Insecta%NA%NA%NA%NA	10
a7e10dbe1daf9d70ead1308d722d99cb8f60e0a0	NA%NA%NA%NA%NA%NA	10
a596201f760d70efa78015d5d5094a4adc494125	NA%NA%NA%NA%NA%NA	10
a143d2ef6c485b374c997ed87318e5d48ee47cb6	NA%Phaeophyceae%Ectocarpales%Chordariaceae%Elachista%Elachista fucicola	1
9cb9fedbbe78e0b6ba47da605df0fd474c88d9f5	NA%NA%NA%NA%NA%NA	10
e71a61c85e3938d4a03d574daf62373826a58743	NA%NA%NA%NA%NA%NA	10
8a87bae80871858d3e5baac638f5df8c76b8c973	NA%NA%NA%NA%NA%NA	10
ea2d4ac861e4f50ff469554975a3fc87b4812b91	NA%NA%NA%NA%NA%NA	10
e8b074ea5c2033e26f86c940bae3368db11d926e	NA%NA%NA%NA%NA%NA	10
eebfa78d6f74fcf54d172a62fc8a31f1a5975908	NA%Phaeophyceae%Ralfsiales%Ralfsiaceae%Ralfsia%Ralfsia fungiformis	1
ec1fdfcd33c9370383ce11f78c5ee779d832ae58	NA%NA%NA%NA%NA%NA	10
fb7660250c260bc5ffffc44d9d2b04058d9a433c	NA%NA%NA%NA%NA%NA	10
f854eb158fc111d61d91d198355a1508da9310e5	NA%NA%NA%NA%NA%NA	10
f7a98042619bd55d49822a6a649f783c7e43de1e	Ascomycota%NA%NA%NA%NA%NA	10
84019b76c62dfb0f3c80decbf684203a9655e05f	NA%NA%NA%NA%NA%NA	10
fcca4962f9f55d8cee6f8febda23ab87c95d5eef	Ascomycota%Sordariomycetes%Hypocreales%NA%NA%NA	10
809b0555e2248fcbaf7057b17807053a268bfe11	NA%NA%NA%NA%NA%NA	10
81f9d66e50cfeab5f86041336c175fdb66d0fa5b	NA%NA%NA%NA%NA%NA	10
8213298c41050077ba875dca396f9663c8d2057a	NA%NA%NA%NA%NA%NA	10
853bdc20269385c7f12da0ddef69ed0793007f9b	Ascomycota%Sordariomycetes%Hypocreales%NA%NA%NA	10
87ed9c77f3e302463a4758bd14cec030f586602d	Bacillariophyta%Bacillariophyceae%Bacillariales%Bacillariaceae%Nitzschia%Nitzschia palea	2
ceb61fd8a2285003b2a32b502a8e5d97f9130854	NA%NA%NA%NA%NA%NA	10
cf5e32162f5a4f403381fd8936cf7dc1c1db1f54	NA%NA%NA%NA%NA%NA	10
cc577149c67ed0642eb18e3d94c0669c9b9621e5	NA%NA%NA%NA%NA%NA	10
cd93c361a7838cf67dd6c735243d04095162ef23	NA%NA%NA%NA%NA%NA	10
cb09cb6ab720f045a980921997e6e47f469fdeab	NA%NA%NA%NA%NA%NA	10
c4f0937b273239ff060573862ce9377f91a65c5e	NA%NA%NA%NA%NA%NA	10
d0554c4f2ee1cb255d1bb59a107fbdfeb4b116a0	NA%NA%NA%NA%NA%NA	10
f19ce69875ebb219d969c33d2d4a7472fb0d11a2	NA%NA%NA%NA%NA%NA	10
d7375e3d8653e0c7ed0b91eb3b477f7e7901c7c5	NA%NA%NA%NA%NA%NA	10
f1befec4017960eefde6e4858ac84d13e9d5e49d	NA%NA%NA%NA%NA%NA	10
d6d1e6f4481c5d1499cc3f0dc2a195871065b2ac	NA%NA%NA%NA%NA%NA	10
d6a3ef209dc2536ed7d30390df88a83cfe84571f	Bacillariophyta%Bacillariophyceae%Bacillariales%NA%NA%NA	10
d63e4ded32b00327c366b21eaf3732615392b0ad	Arthropoda%Insecta%Diptera%NA%NA%NA	10
d3bdeefee2ed8b29b67216267aa77167ef1d6a25	Ascomycota%Eurotiomycetes%Eurotiales%NA%NA%NA	10
1edf27c1bc14a496abfc32a6549a8983aabcdc25	NA%NA%NA%NA%NA%NA	10
1a270b8bec0de35ee6b1e0dec9a16411eb7e9200	Chlorophyta%Chlorophyceae%Sphaeropleales%Pseudomuriellaceae%Pseudomuriella%NA	3
1a97b6d1eab1f42f7585a4bcbde79c5de2dcbc52	Bacillariophyta%Bacillariophyceae%Naviculales%Sellaphoraceae%Sellaphora%NA	3
1b996ff97ce02cdb95afa39edd39b4c7c40147ac	NA%NA%NA%NA%NA%NA	10
1f72b727cee603f1b4691c9f62671de9dd65f568	NA%NA%NA%NA%NA%NA	10
1faf2dfa2973c88d32ad6d04989fb571635acc28	Mollusca%Gastropoda%Stylommatophora%Clausiliidae%Macrogastra%Macrogastra attenuata	1
2d70e25baa6554ac1e182f2dea56b35f5768af51	NA%NA%NA%NA%NA%NA	10
2adbf1e6c21d3dab793bc3ed279ffc72df3969f3	NA%NA%NA%NA%NA%NA	10
2aea4986e3e0583dcd8d1478de70d78aa83d926f	Arthropoda%Malacostraca%Amphipoda%Talitridae%Platorchestia%Platorchestia joi	1
29facf4850e890e405fa9e9a5325a6220d22afed	NA%NA%NA%NA%NA%NA	10
2b6ccc9e40db5df9d4c40928a855d017cf1e1c76	NA%NA%NA%NA%NA%NA	10
32db4b552322e056975ebca0668fe6b0b57d71a2	NA%NA%NA%NA%NA%NA	10
35406d6ac9ea05e670e14cabc87d0b794cdc7c1b	NA%NA%NA%NA%NA%NA	10
356c0dbbeb6a3c98e9053f69883892711d72bb8c	Arthropoda%Insecta%NA%NA%NA%NA	10
3742899d8bbcb20bce9b2fb2b90981dcb3168109	NA%NA%NA%NA%NA%NA	10
38d24b9afa1df5242b1679d0cac7f49d0e00bd02	Arthropoda%Insecta%Lepidoptera%Geometridae%Eois%Eois memorata	1
3dab325e81da0c9334bc2067e4f9fa001caa03f6	NA%NA%NA%NA%NA%NA	10
0d2dd226cc31e740e6440f48a2ea1cffa398f575	NA%NA%NA%NA%NA%NA	10
0bfaa76ee26b37f140c4dabd3025fae6a09ce4c2	Mollusca%Gastropoda%Stylommatophora%Clausiliidae%Macrogastra%Macrogastra attenuata	1
0485487758d6ca4b61187c2f43c976754dc89378	NA%NA%NA%NA%NA%NA	10
30c7024576a0889f9906ce962a63809df63aca4c	NA%NA%NA%NA%NA%NA	10
0601856dae888a916b6a7c256c02d7c1ce5380dd	NA%NA%NA%NA%NA%NA	10
032b040819b9bd237f503fb7a863953d62eb8e2d	NA%NA%NA%NA%NA%NA	10
3392590b29c14abf8844b4d3a6e031989482a314	NA%NA%NA%NA%NA%NA	10
3009384d8c36f6c544ae858f42691ac775890d0a	NA%NA%NA%NA%NA%NA	10
6ec537ea0a77c0b343a6fa63f1ea5ad8b068c35a	NA%NA%NA%NA%NA%NA	10
6ca845d844ce8a783b755e54b049a1c7b7a47a73	NA%NA%NA%NA%NA%NA	10
6d4149766ec75c982890be03db14f7f2ca4f9b7b	NA%NA%NA%NA%NA%NA	10
64883e05072a64ebd8decad1be29f2645f3b5693	Arthropoda%Insecta%Diptera%NA%NA%NA	10
6561e629528ba9bd1306577158a24518b73a97b2	NA%NA%NA%NA%NA%NA	10
624f74609fe22b971c88c1ae78da4e687f02c0bc	NA%NA%NA%NA%NA%NA	10
60ca4e4ba4d001f130db91c5d79c679de06338f3	NA%NA%NA%NA%NA%NA	10
744a87dd26cfe8b1caffedc63a52080522869411	NA%NA%NA%NA%NA%NA	10
75e11ed699f062da2a3cde9c499ff4f359b5bdaf	Bacillariophyta%Bacillariophyceae%Naviculales%NA%NA%NA	10
7199e99d4e66fa4c53eae1b9ee257e6908c26ee1	NA%NA%NA%NA%NA%NA	10
727c237c1ba23b80f52013de29a608c2eb8c1ad5	NA%NA%NA%NA%NA%NA	10
725391a6e9d96a5c7516f7b4067595d4fbb3c583	NA%NA%NA%NA%NA%NA	10
70f9cedd6b8cfe531c5823b23f7d4275f04cfa3f	NA%NA%NA%NA%NA%NA	10
47accd21616420fad8f0b2e56d63d81d9d7a0b91	NA%NA%NA%NA%NA%NA	10
4ec01ddeeb7f6a4f74ca7d01f2bcd40a1d655f05	NA%NA%NA%NA%NA%NA	10
4c5855c012512fa8d4ac2a391879898ee6a949b6	Discosea%Flabellinia%NA%NA%NA%NA	10
490484946fb747b505197e64659dc18df316e231	Oomycota%NA%NA%NA%NA%NA	10
478881c208c0cc54170419ecf94aed19e4eccbca	NA%NA%NA%NA%NA%NA	10
449cc91d1c6cd660a50dbc95629251d0d99bb2da	Arthropoda%Insecta%Diptera%NA%NA%NA	10
7ca14710863dfc75ea3b0783ff3d8d0a1f1fc936	NA%NA%NA%NA%NA%NA	10
5deae63533fa638fe41bda34d7b0ce292f0a24b5	Bacillariophyta%Bacillariophyceae%Naviculales%Sellaphoraceae%Sellaphora%NA	3
5df8739201f8129f5e94b3b1680d3cc7d0230fb2	NA%NA%NA%NA%NA%NA	10
5eea62f3bf9c9902fc051c59dc0798917b7b0e39	NA%NA%NA%NA%NA%NA	10
5e34ec29f5483e76dfc6a3afab54e591d29cb245	Oomycota%NA%NA%NA%NA%NA	10
5988fed05273d605d1e94739455106aab9bf758a	NA%NA%NA%NA%NA%NA	10
514fd9ff5da751a19fd61ba920b70f2818641283	Ascomycota%Eurotiomycetes%Eurotiales%NA%NA%NA	10
5215fbf1b11f34b3516309a4e20ab45258df9a19	NA%NA%NA%NA%NA%NA	10
7d27e73a37e0056ff8a77387aa1981259f6e86d5	NA%NA%NA%NA%NA%NA	10
b5bb70d20200ec6115a532f33800bf27ce6aa5fb	NA%NA%NA%NA%NA%NA	10
06e74a557453b34372cdc45e14b9a0d8d36d67c7	NA%NA%NA%NA%NA%NA	10
54179ff0eaaa01a3192e185d08f262418b733221	NA%NA%NA%NA%NA%NA	10
403d6bfc8e4d84675029e35899078781db7c2778	NA%Phaeophyceae%Fucales%Sargassaceae%Sargassum%Sargassum zhangii	1
6af9753d3f4c391521138739922461d1d433a9c3	Chordata%Actinopteri%Lophiiformes%Lophiidae%Lophius%Lophius piscatorius	1
74ec2c634e8c92d66ba35d3f4e7e68825f92f271	Chordata%Actinopteri%Argentiniformes%Argentinidae%Argentina%Argentina silus	1
0948e4e8714c27e35158eae79776ffaa90a43dec	NA%NA%NA%NA%NA%NA	10
27c4acf4946cbeb959cd9ab538eba0ac06a10df1	NA%NA%NA%NA%NA%NA	10
7fa46885d6ef4ec81c07705abc9de92767f5e4e1	NA%NA%NA%NA%NA%NA	10
5bac606d52aebadb6d2c3a6e7dc2a5468816c0cf	NA%NA%NA%NA%NA%NA	10
86ecad1f06709aae211d2f6148fc742d6661e092	Mollusca%Gastropoda%Stylommatophora%Clausiliidae%Macrogastra%Macrogastra attenuata	1
4d8a0b04326ba8435b1da9ae94c151eb6fcdcfda	NA%NA%NA%NA%NA%NA	10
90af8d44ccdc3bcf2fd805dfcc507c5291f4e15b	Arthropoda%NA%NA%NA%NA%NA	10
efe7b0e00f488b7dafa82ad6647fffce391af601	NA%NA%NA%NA%NA%NA	10
80c203cd7da5ccffe02ad181adcba004cf174114	Ascomycota%NA%NA%NA%NA%NA	10
426a1a84e6f5a6952aed09d09703a4797e72e51b	Bacillariophyta%Bacillariophyceae%Bacillariales%NA%NA%NA	10
13233471e2dba4b64115230810c5e761beb6fcc5	NA%NA%NA%NA%NA%NA	10
c016fe80389bc48a294ab37df9947f8baa89d44c	Bacillariophyta%Bacillariophyceae%Naviculales%Sellaphoraceae%Sellaphora%NA	3
864bc1a02dd34e01dfbe9f1948946bb56d0a0261	NA%NA%NA%NA%NA%NA	10
1b3a5947c97cd086af8b7e3e770eca739fd58b79	Echinodermata%Echinoidea%Spatangoida%Spatangidae%Spatangus%NA	3
839aa575816ef066acdbb4975e6edf8ffdcb20e5	Ascomycota%Sordariomycetes%Hypocreales%NA%NA%NA	10
2cbd485b8e5bbb84a2628628de9b822834f19bd2	NA%NA%NA%NA%NA%NA	10
3b00d785239bc68e8bdd154a92ef09fc3fa12441	NA%NA%NA%NA%NA%NA	10
b8db2dd7f8abb0ebc0f7dc21e50c455e4ecc98a9	NA%NA%NA%NA%NA%NA	10
c6487df468093e0cdb79721ee43499a7c9d4f2ed	NA%NA%NA%NA%NA%NA	10
41fadc070c67f2f006077f8d864530054e239016	NA%NA%NA%NA%NA%NA	10
df931085fd9b73bfae3856fc672b0c2f79b08487	Mollusca%Gastropoda%Stylommatophora%NA%NA%NA	10
fc6d5215bab6edda2f97a851c1e6a67f786a37f4	NA%NA%NA%NA%NA%NA	10
970cbe9dccc6568cf66eea0d4a46b8a4a6e5f72a	NA%NA%NA%NA%NA%NA	10
a09a23ef1b4915e5b189fd11b66775d95f729642	Ascomycota%Leotiomycetes%Thelebolales%NA%NA%NA	10
38ffee0b8400a63ba3b3d6d1246ec35821393796	NA%NA%NA%NA%NA%NA	10
9d537d75a8dbcbb3d91d8af130fbb7c822d9b442	NA%NA%NA%NA%NA%NA	10
7feb0eba0744f22c8d75448129265f6c9bb31edc	Mollusca%Gastropoda%Littorinimorpha%Ovulidae%Phenacovolva%NA	3
509b8c050acf8ebfced35fa4ff9fe273107cb29a	NA%NA%NA%NA%NA%NA	10
dd921fc05d32d88c04f38915b21bedf7b5c41e40	NA%NA%NA%NA%NA%NA	10
27236060e7da1d609285c956d39bae7759311fb8	Mollusca%Gastropoda%NA%Planorbidae%Gyraulus%Gyraulus parvus	1
377729521db059b8c62f302b93592eb8b5439894	NA%NA%NA%NA%NA%NA	10
eca8fb6121fa917da700b66b8695bdcdcb9fbe3d	NA%NA%NA%NA%NA%NA	10
a31b2bb45a23e3f9155d0da898aff5a54131982b	NA%Phaeophyceae%Fucales%Sargassaceae%Ericaria%NA	3
dbbfdd2e2364979e3e981f763cd018e38b8b19dc	NA%NA%NA%NA%NA%NA	10
6849e7bce078fdafcd7436dedaf17c2ed8c778c7	Bacillariophyta%Bacillariophyceae%Bacillariales%Bacillariaceae%Nitzschia%Nitzschia palea	2
f86bd253257a3576c5398f803e80341794d2caf0	NA%NA%NA%NA%NA%NA	10
296283d5112342a45533ba0b766228e57024c46a	NA%NA%NA%NA%NA%NA	10
5bf2cbff4ad816ac59946700b9b4bc41f9144b2a	NA%NA%NA%NA%NA%NA	10
f04a3b3cfc2065a7ec711675d5b8a2570671b555	NA%NA%NA%NA%NA%NA	10
bee6ac185db9b79891ed3a3671211c13a665e652	NA%NA%NA%NA%NA%NA	10
deae8b3f57129bdf5c7069d611ece2db3efcc04a	Ascomycota%Sordariomycetes%Hypocreales%NA%NA%NA	10
cd031a5d6b0d3c6b8d689baf741dc2fbea326926	NA%NA%NA%NA%NA%NA	10
23dc2abc3b399d4950a9e701f601d146731b5b3b	Chordata%Chondrichthyes%Chimaeriformes%Chimaeridae%Chimaera%Chimaera monstrosa	1
622577712ad1e7427c322824bc62f62677441302	Ascomycota%Leotiomycetes%Thelebolales%NA%NA%NA	10
7f0dcc7d203c559c676e4b0dcbedda94c47a582a	Arthropoda%Insecta%Coleoptera%Meloidae%Meloe%Meloe violaceus	1
f2f0eccccf173a6edbc3e4433ccace1f20e2d982	NA%NA%NA%NA%NA%NA	10
ebe44bc15a0e96e2322350ee81a94482d8b350b6	NA%NA%NA%NA%NA%NA	10
12ec50f2955671f594839ec6657a87ff100f34ad	NA%NA%NA%NA%NA%NA	10
1e3c60a25c009632f725af9e1d61f1dfaaef9f87	Chordata%Chondrichthyes%Squaliformes%Etmopteridae%Etmopterus%Etmopterus spinax	1
e6bb7d677d81f8d2f3fd8dac304bdba3e41de5c3	NA%NA%NA%NA%NA%NA	10
6e07cd7bf903b890c4fd737d51c21c7899c3cec1	NA%NA%NA%NA%NA%NA	10
dc1576bd1af2def1eace681e91ec60cff8976042	NA%NA%NA%NA%NA%NA	10
d40b2fff8059890a68eecea5d7302e9ee9fbf9da	Oomycota%NA%NA%NA%NA%NA	10
1fca7bdb31b59917d920bf293e2c7fe92c83ce66	NA%NA%NA%NA%NA%NA	10
5bd19ec0b5d742a4dc0687cfc0595152f273821f	NA%NA%NA%NA%NA%NA	10
6fc0d8223d84203b057216350ba2fed56c1d5983	NA%NA%NA%NA%NA%NA	10
fb0bbb0f808a8e24a5fabf924f4e4422b2a55e62	NA%NA%NA%NA%NA%NA	10
4c9f3711540ae5d1f58a2e3737384f79d0694313	NA%NA%NA%NA%NA%NA	10
7fe086f788a74bce2b5716cca857288333dd0086	NA%NA%NA%NA%NA%NA	10
ae4aa664864c1ef3ba76faaece8ee3383d21c16b	Chordata%Actinopteri%Perciformes%Triglidae%Eutrigla%Eutrigla gurnardus	1
abba68084e0cddb2fb80c401cdebb6a90ddff9ce	NA%NA%NA%NA%NA%NA	10
a54faa2afaffe7aac5e70ce54f6ff7b287adc87d	NA%NA%NA%NA%NA%NA	10
b06913dc8a96ba49bd3a4fb1c9c5b7fca62c9452	NA%NA%NA%NA%NA%NA	10
3f10cc29964288b32276676fbc47a8dea234b259	NA%NA%NA%NA%NA%NA	10
68b96e62e883297c191525ef0a1c2f2e70598eac	Arthropoda%Insecta%Diptera%NA%NA%NA	10
ec98dde11d6c836cc093b782c37b611d332ca071	NA%NA%NA%NA%NA%NA	10
e071e048eb2716f4e8e65990218b9341b6ab179f	NA%NA%NA%NA%NA%NA	10
57aed298d36555583cb98522f33f156a9550be5f	NA%NA%NA%NA%NA%NA	10
e504f1edc0bb8cff95ce8419da655791b7fbd423	NA%NA%NA%NA%NA%NA	10
1bc4037e38610e55f96f13962eb1a89534f5912b	NA%NA%NA%NA%NA%NA	10
d16a48a97fc86716f1c4952f02e64507d5028527	NA%NA%NA%NA%NA%NA	10
a93b0f9cf87879356125a87672a1dc38bf39d5af	NA%NA%NA%NA%NA%NA	10
92e7f9a07b5c682fd638a4cca25d10ac9d670eab	NA%NA%NA%NA%NA%NA	10
abcec06c0009e4f2845c65defcc147b966956ec5	NA%NA%NA%NA%NA%NA	10
7710ae9b659eae09fed41ecbc64e4c81cf92b86b	NA%NA%NA%NA%NA%NA	10
04a2cf02de27c45b8ee212333672a1559f2bf46a	NA%NA%NA%NA%NA%NA	10
b21f29ba7a08559807263e32a32954be84fe2af1	NA%NA%NA%NA%NA%NA	10
86c6d7909ac654604657b9051102b43e684dd234	NA%NA%NA%NA%NA%NA	10
003f4cb02d72c97602306e68813427a993e53c22	Bacillariophyta%Bacillariophyceae%Cymbellales%Gomphonemataceae%Gomphonema%NA	10
c2767d307285f48780e69d5cbc9663c70f633511	NA%NA%NA%NA%NA%NA	10
875f2c4e2581d3809971d63065be8646418660bf	NA%NA%NA%NA%NA%NA	10
c94169c4c6897620a360b6803e0f35bd58de3857	NA%NA%NA%NA%NA%NA	10
ea9b0ca616ba7743d60bf4ad681e1667796e22cb	NA%NA%NA%NA%NA%NA	10
79572d06cdeea3a688114d5691315f7e0f6f29f9	NA%NA%NA%NA%NA%NA	10
6bcccb69a1bcaad0ad7375d43ada41f69e11584b	NA%NA%NA%NA%NA%NA	10
173cf9adf962a4e6084dee2a763a170ac33c03ab	NA%NA%NA%NA%NA%NA	10
2bbce1fe69eb8561fcdfb557c441d3c48262466c	NA%NA%NA%NA%NA%NA	10
06f21ce4ec8063fc5e5ce7fa1da013d3a1407da7	NA%NA%NA%NA%NA%NA	10
31bcccf95a385e3e78dcb0bfe838131e38940d98	NA%NA%NA%NA%NA%NA	10
3673effc8d5b04fedb4b766648f0a031bdcda49c	NA%NA%NA%NA%NA%NA	10
391e09f40ca45b438c2cbcb37cea2abe2142ee90	NA%NA%NA%NA%NA%NA	10
3c1a20e88df58bedfad327388eedf5a6898f6a65	NA%NA%NA%NA%NA%NA	10
f4632ecce0956ca4f5ac1f2ae58679c507c9902d	NA%NA%NA%NA%NA%NA	10
472bbb2803c4882d695f7b18569046c58f7c7c59	NA%NA%NA%NA%NA%NA	10
053b506b0f035311893847b8d0295a937f730459	NA%NA%NA%NA%NA%NA	10
19670d1afc78de18f889e5608dc1c68b162f2b6b	NA%NA%NA%NA%NA%NA	10
0acd8fb6b0d58e4ce7a6f9af5cfb03000597683c	NA%NA%NA%NA%NA%NA	10
066ddec820461c6bfa52406b816a67f90f3594f2	NA%NA%NA%NA%NA%NA	10
03334fac8b1146d7f46b9e94d7390d6d1d5de926	NA%NA%NA%NA%NA%NA	10
29c61b54f462445098263f52f87b15088402ea8a	Bacillariophyta%Bacillariophyceae%Naviculales%NA%NA%NA	10
aa6bebfd126ff07a17a177cd24ce057130b14319	NA%NA%NA%NA%NA%NA	10
4b5fafc152a16b949e644e852fb95d6b9e00f240	NA%NA%NA%NA%NA%NA	10
539653c9af49a188b3cfd8900896e22f30fa1c88	NA%NA%NA%NA%NA%NA	10
785106a96067565e9e4b204a6b0e11b17f843b3d	NA%NA%NA%NA%NA%NA	10
c78907513342a9bed9a8798d826d1b95a5a3c3d2	Chlorophyta%Chlorophyceae%Sphaeropleales%Hydrodictyaceae%Hydrodictyon%Hydrodictyon reticulatum	1
71954424341fd033869295d79823a5cdea49f0b9	NA%NA%NA%NA%NA%NA	10
6159392be17ba1d7fda5b512d5bed8d2338de4db	Arthropoda%Insecta%Diptera%Tephritidae%Bactrocera%Bactrocera nigra	1
c1d366cc47af394ea1a8804b166b5b2dae3cb3aa	Arthropoda%Insecta%Ephemeroptera%Heptageniidae%Epeorus%Epeorus ikanonis	1
9cc07a29046143807f220947b8847fef2fc57106	Arthropoda%Insecta%Diptera%NA%NA%NA	10
eedf8b99dfaf883971e729f4ab81462c4d8e93b8	Pseudomonadota%Gammaproteobacteria%Pseudomonadales%Pseudomonadaceae%Pseudomonas%Pseudomonas fluorescens	1
20135e915f84b754a639c78eee75417ebf3eb423	NA%NA%NA%NA%NA%NA	10
3342854a2cb2531cffc23870613719a1ce6bb903	Ascomycota%Sordariomycetes%NA%NA%NA%NA	10
57f849a45e3a543ecee8547b34b24ee398d0a90f	NA%NA%NA%NA%NA%NA	10
5d933c3bd3ad5d8f36fe18144c4ffb7bd7a1b500	NA%NA%NA%NA%NA%NA	10
77e9db62e65b30bd6fd2859fc05813fbe8b83f3c	Arthropoda%NA%NA%NA%NA%NA	10
addc9a43cf7df7c5ffb264062214561feaee754a	Bacillariophyta%Bacillariophyceae%Naviculales%Sellaphoraceae%Sellaphora%NA	10
16122630a983414dc2248108ad5d83a3f6acccf9	NA%NA%NA%NA%NA%NA	10
f12ce54df310abafdf281c451fdc096f519e45c9	NA%NA%NA%NA%NA%NA	10
01f697c73e9e161f65c1f413b322c25676bd1d18	NA%NA%NA%NA%NA%NA	10
8bcde30c99ad12f28c0dad99f508629104a89a7b	NA%NA%NA%NA%NA%NA	10
8e3d09c4dd39ca0576ef9961ad276d5be33b4c86	NA%NA%NA%NA%NA%NA	10
3b161ce7c5d983f35f5146a0b1d33dc268b94be2	NA%NA%NA%NA%NA%NA	10
4ab0cbc1a8d4f03604d49add9cf91359b3b81ead	NA%NA%NA%NA%NA%NA	10
161e8218b0217ac381d8902ab6610dcb58470d68	NA%NA%NA%NA%NA%NA	10
1723c20965935ebcd6f100cac38c03d14ef9abe7	Bacillariophyta%Bacillariophyceae%Naviculales%NA%NA%NA	10
5324ed76130532c76d07cdf0f99872399b6c035f	Bacillariophyta%Bacillariophyceae%Naviculales%NA%NA%NA	10
ba997ad958b7b74d94ff937367b771dabfebdfab	Oomycota%NA%NA%NA%NA%NA	10
39f0c090ede912cdaca0905e92d9bf58bb7cbc73	NA%NA%NA%NA%NA%NA	10
332405db9812258c3450484c6bc3581a5fedde4c	NA%NA%NA%NA%NA%NA	10
438836dd83f98c77f344d7edb7c5147b74b96578	NA%NA%NA%NA%NA%NA	10
71bf288e5dbed69a102d20828b9a665daa343c37	Arthropoda%NA%NA%NA%NA%NA	10
a3bdf9183e04fdf60cbc3398e9b8af6cf0285ccb	NA%NA%NA%NA%NA%NA	10
5606481f0227a6aa5453c80c2e4a814e5bd855a0	Ascomycota%Eurotiomycetes%Eurotiales%Aspergillaceae%Penicillium%NA	3
5c59ddc51978de89624b360572934530b6810899	NA%NA%NA%NA%NA%NA	10
2fb4e3994afe5d6fc6cf8fdc18156163695f4465	NA%NA%NA%NA%NA%NA	10
ac120dd420b94e9a988841230f5e667f437286a0	NA%NA%NA%NA%NA%NA	10
6fda73eea646dbd37f3c6b2bb1e1b94746521e6d	NA%NA%NA%NA%NA%NA	10
7f429e3e99d7ea02c5f5d8d19e3405935d2ed11a	NA%NA%NA%NA%NA%NA	10
29cfd9179ae2b7418180489a8f06aae02fed88ec	NA%NA%NA%NA%NA%NA	10
657b05e5d5e21044ed2689f7141217017107b307	NA%NA%NA%NA%NA%NA	10
6342784ae1e9bc04c297c04e3fef35427f656318	NA%NA%NA%NA%NA%NA	10
250486dfc70e65b661cd8ebd88f8d91768c76c2f	Ascomycota%Sordariomycetes%NA%NA%NA%NA	10
8b1fba08ff84fe2c099e9388ca09799a5804bcf0	NA%NA%NA%NA%NA%NA	10
86e523645dbbf4c6afdf3b7290cc672c285bffba	NA%NA%NA%NA%NA%NA	10
bea033106fd375801a8a66ad2ca8fe3a77aa245f	Rotifera%Eurotatoria%Ploima%Brachionidae%Keratella%Keratella americana	2
40022eeb2984f40fe9c186b01a0c751626a0c173	NA%NA%NA%NA%NA%NA	10
ff437b66130dfd18f92f85fa565ea81c23fd864e	Cnidaria%Hydrozoa%NA%NA%NA%NA	10
4575232fd6500e395cbf26a738026c43e8921610	NA%NA%NA%NA%NA%NA	10
16a143a0e4b6f59bef45a143a084ebc37a901b91	NA%NA%NA%NA%NA%NA	10
4d88a391bf693837863844c994122fe249f142d2	NA%NA%NA%NA%NA%NA	10
0cdc06bbeee2527ce5cbe42191e396c2fc59ff95	Mollusca%Gastropoda%Littorinimorpha%Cochliopidae%Pyrgophorus%Pyrgophorus platyrachis	1
e05481c9f69c414fce6120179bb9c40ca2838c76	NA%NA%NA%NA%NA%NA	10
0fe94772dd60eaf472162ea28db41daf56085874	NA%NA%NA%NA%NA%NA	10
bf7fb335bbfe373a78c05a001cd7bde11ebc772f	Oomycota%NA%NA%NA%NA%NA	10
4f5761dbfb6866e73c398f9532f85c76178a8eb3	NA%NA%NA%NA%NA%NA	10
c457f9ee7c75010c90b0829c1379e315157c618e	Arthropoda%Arachnida%Sarcoptiformes%Scutoverticidae%Scutovertex%Scutovertex sculptus	1
cba130f02ffd5efce912a70c66050c229314ebe1	Arthropoda%NA%NA%NA%NA%NA	10
a0ad34019d06e7895838e3f765e2687ba7475402	Chordata%Actinopteri%Gadiformes%Macrouridae%Coelorinchus%Coelorinchus caelorhincus	1
a53cef029ed7b4cea0cc6f46e535dd6c2a5ba7c2	Arthropoda%Hexanauplia%Calanoida%Clausocalanidae%Clausocalanus%Clausocalanus lividus	1
a6d89769e6237bb8cd0bd708875274461627394a	NA%NA%NA%NA%NA%NA	10
a4e144c15d76bb2cc378d615e02f353e18950370	NA%NA%NA%NA%NA%NA	10
7b8f08c3ddd81109a3fc33f1c2c51349339eafba	NA%NA%NA%NA%NA%NA	10
52bee84896c9bd07225f88c6fc1f566230675a85	NA%NA%NA%NA%NA%NA	10
3f453ce3fa9e48df32caf2ec89c2a8ca43382389	Arthropoda%Insecta%NA%NA%NA%NA	10
289448e31839d880a40ecfa4abe09749fc19fe40	NA%NA%NA%NA%NA%NA	10
329f415c830709be8aa03f8dc434a5f00e802986	NA%NA%NA%NA%NA%NA	10
df934f85a33deb4dec4d90a4f0ffb4641cc99696	NA%NA%NA%NA%NA%NA	10
f8069212f7619e18bb42af74e1ff928477c9f644	NA%NA%NA%NA%NA%NA	10
f710e5b5d850c0fe481384280c8a7eddba8ab666	Chordata%Ascidiacea%Stolidobranchia%Styelidae%Cnemidocarpa%Cnemidocarpa verrucosa	1
3ab54d83ad7796257c86ba7353195c0e438d08d7	NA%NA%NA%NA%NA%NA	10
7c9f8800e41abff036cbe66ea557bd62cfde588f	NA%NA%NA%NA%NA%NA	10
3a724ac48ff322f9b5c570429b71d0ac15e24809	NA%NA%NA%NA%NA%NA	10
49b9cbe03713c4f075c15b26ff2b08b45228d071	Arthropoda%Insecta%NA%NA%NA%NA	10
49383846428637606777a6150248ce770e52e629	NA%NA%NA%NA%NA%NA	10
460fd32ea4eefe12024f6d8d078ffac0de101d15	NA%NA%NA%NA%NA%NA	10
744f214cb70fb35c4cb8e1aadbd2ff8e87ddcf68	NA%NA%NA%NA%NA%NA	10
7637626f61fadd9fc1ceb517204318f93c6fb05c	NA%NA%NA%NA%NA%NA	10
76591487b5d96fc634620543e608b46d69619822	NA%NA%NA%NA%NA%NA	10
6ceded64c3f9ba1660ae808481cab4d4b1895612	NA%Phaeophyceae%NA%NA%NA%NA	10
8c1b2a1f8257ee987e272f4e538902e1fdae423d	Bacillariophyta%Bacillariophyceae%Bacillariales%NA%NA%NA	10
8575e44cf57de0c430507f1cb8bd1b996aac13d8	NA%NA%NA%NA%NA%NA	10
bb72dd4b2a0aaad42b738e7444e1879501b92e52	NA%NA%NA%NA%NA%NA	10
143e81fa9d58ac84b52f4cfe0bb6aa68325bc37b	NA%NA%NA%NA%NA%NA	10
06e25d3b4d6196c899b372817deddd635b0f7b1f	NA%NA%NA%NA%NA%NA	10
04c60e5ee02b3cdfcca75e5283b28e5c1dd96f26	NA%NA%NA%NA%NA%NA	10
9de65b3d1b408602cc6ad177094790a8ea68e2ae	Bacillariophyta%Bacillariophyceae%Bacillariales%NA%NA%NA	10
985912c38cf5fd62b14857601cda5e202cfcb2f3	NA%NA%NA%NA%NA%NA	10
1e228e533aab76ed5706c585edaa1f679d2452bd	NA%NA%NA%NA%NA%NA	10
282d7b275cc820a36ba53467bf03c3c413f1a29d	NA%NA%NA%NA%NA%NA	10
c18261c17a0e039524b7833d3a241f9ecf03b2ba	Porifera%Demospongiae%Spongillida%Spongillidae%NA%NA	7
a399589c6253decdae8acada4fdd47ca022a4e43	NA%NA%NA%NA%NA%NA	10
ab3e41f9c59e0247ac37d9b38677cdfeeb107043	NA%NA%NA%NA%NA%NA	10
a62378d8a26c5f6e6f2c636dc5e648c6e136f127	NA%NA%NA%NA%NA%NA	10
89c752d8aeaf13981451bcb3c228632fc5c16eb0	Bacillota%Bacilli%Lactobacillales%Aerococcaceae%Aerococcus%Aerococcus urinae	1
8cdcc2385b44820289365943c07952c3c6cf0d33	Porifera%Demospongiae%Suberitida%NA%NA%NA	10
8d1289c674a45ee2092b90e918b5da82319805b6	Arthropoda%Insecta%NA%NA%NA%NA	10
8b04a9026479e160a598e50d80b10de40617de78	NA%NA%NA%NA%NA%NA	10
97503e961a0b28b79ec0d2511aef6aaa6a5dc8e9	NA%NA%NA%NA%NA%NA	10
e0638cc8a9ba7c48b91e61752cd7d8771dd547df	NA%NA%NA%NA%NA%NA	10
fe48f9d4f416f1f22462e5331b25cf46ddaf6e3c	NA%NA%NA%NA%NA%NA	10
f1aa66e19e276bdaac8da7b97679910ee73f9787	NA%NA%NA%NA%NA%NA	10
fa5d6694c1f6fcf625513dcd51b88da9c955a7ea	Discosea%Flabellinia%NA%NA%NA%NA	10
fae689c5271d3e84e0c02beb6fda51722a70a483	NA%NA%NA%NA%NA%NA	10
abe48f54131413067255626fbe9c470ec7f779cc	Arthropoda%NA%NA%NA%NA%NA	10
c30dc6db66fcb63d3836972eb02bb2f1b81afb82	NA%NA%NA%NA%NA%NA	10
c35f4567ac2c9c8d5de5bdb508af6e76e4921553	Echinodermata%Echinoidea%Spatangoida%Spatangidae%Spatangus%NA	3
c8432e14b51bb984125afcbcb14af2f3611d41c5	Cnidaria%Anthozoa%Actiniaria%Hormathiidae%Calliactis%Calliactis polypus	2
d13f8c2393e3f012f73a3843f83a043f6cf2440a	NA%NA%NA%NA%NA%NA	10
dbd276442e1173336b831befaf5f7488e68e0f94	NA%NA%NA%NA%NA%NA	10
833e7c70fbffa6000cd99c1e294693e8cb632bbb	NA%NA%NA%NA%NA%NA	10
08d1407229a5d66659b64f9b9bccbb147e3d9762	NA%NA%NA%NA%NA%NA	10
300ce0fb71341bc3c2e8102adad2e431b1823c24	NA%NA%NA%NA%NA%NA	10
3249ddbf657e2ea6ba79ffcbfbe38de20f8b9a98	NA%NA%NA%NA%NA%NA	10
1d33591d20989b4ff50418c6d753ab7894b2980e	NA%NA%NA%NA%NA%NA	10
1826f0a0a6dc9302747d36f2e587b8f8cb5b8f66	NA%NA%NA%NA%NA%NA	10
177e3ed737511d8296a0fc628f5f33483e9b83f6	NA%NA%NA%NA%NA%NA	10
16d6579dae7f588dc7373e4bd0545b53ea103d08	NA%NA%NA%NA%NA%NA	10
79fd6f0b9080f698f83798d18f2d615d1993d3c0	NA%NA%NA%NA%NA%NA	10
2c9b8db9372978fcb416e5f272cdc9675fade2ab	NA%NA%NA%NA%NA%NA	10
7804c994db2c0b02a487a83091c445e101787ac3	Arthropoda%Arachnida%Araneae%NA%NA%NA	10
5b4c8344c1e52e4875d9b15a39f6f43ae836eba1	NA%NA%NA%NA%NA%NA	10
6e849c61222c70414611817d5783df2e44736015	NA%NA%NA%NA%NA%NA	10
3c1c8d33acd605da02ada25f4a8aeb536b027556	NA%NA%NA%NA%NA%NA	10
452e5f92fe733cbae41c2c418e343b80973eeca5	Mollusca%Gastropoda%Stylommatophora%Camaenidae%Satsuma%Satsuma polymorpha	1
4847d44f80ee9d20275babcce4d6709b412392f3	NA%NA%NA%NA%NA%NA	10
bea8116777d60293374eaf4a159ba11ce8fabcb2	Mollusca%Gastropoda%NA%Thiaridae%Melanoides%Melanoides tuberculata	1
bc6b5648b205bd6ce1fa703b5e5344b528483b53	NA%NA%NA%NA%NA%NA	10
4c74e03fc46ca52a2b56f14e0dfdd368fe32c927	NA%NA%NA%NA%NA%NA	10
4a3df1e2749871cda1a5dd92b61fb6e35bbcb307	NA%NA%NA%NA%NA%NA	10
4b73c6205d8e0ea0172d18f468ba12a40e8abe25	NA%Phaeophyceae%NA%NA%NA%NA	10
b5102354a71ee7f5b12f26eb13bcd10de8bff482	NA%NA%NA%NA%NA%NA	10
ba1fbd01bd0624d031830bb7d21e5c8c9867c8f4	Bacillariophyta%Bacillariophyceae%Naviculales%NA%NA%NA	10
b7cb81264609dd92da7a8bcdb3bbd928b5031c5a	NA%NA%NA%NA%NA%NA	10
bca3bc0e6cf5c6c68051843a839e0a7d77646761	NA%NA%NA%NA%NA%NA	10
c75f4ba725eb614d8013d53fc5ad518c289122b8	Bacillariophyta%Bacillariophyceae%Cymbellales%NA%NA%NA	10
c6014724e9d85646e4c68cff11a1aa881e2b24ba	NA%NA%NA%NA%NA%NA	10
c4f4744064f5bf3a422cb7bcaaa8cedb850380d2	Discosea%NA%Himatismenida%NA%NA%NA	10
8b6d1e57b3655695e7fe6dc9bcbb331801f9a8cc	Bacillariophyta%Bacillariophyceae%Naviculales%NA%NA%NA	10
8a01f63e8eae74bac44a507798099534213e0b02	Cnidaria%Hydrozoa%Leptothecata%NA%NA%NA	10
889d59176f70d7015a3575deab0927337343690e	NA%NA%NA%NA%NA%NA	10
8b714823bff9894d4154921db6c271b41d2f60c2	Bacillariophyta%Bacillariophyceae%Naviculales%NA%NA%NA	10
8ce39306a2dd33188830a69c852e5538e6aa5630	NA%NA%NA%NA%NA%NA	10
8ce6b8d816802383f603536cfe02107d33d8c325	NA%NA%NA%NA%NA%NA	10
8678e0bb3df177ba3a779c305431c37b33f3a892	NA%NA%NA%NA%NA%NA	10
84ef12a1e5bdaa0c4b1f62b817b66f68f0ed91ef	NA%NA%NA%NA%NA%NA	10
aaa51f0324a67cb25b7e19631370fb8c08f16cb8	NA%NA%NA%NA%NA%NA	10
ab659f7d1c823966eccd8c0cb8431faaf82b6bba	Mollusca%Gastropoda%Littorinimorpha%Cochliopidae%Pyrgophorus%Pyrgophorus platyrachis	2
ab17edf2570721e7ac085a68879dd11e48442774	NA%NA%NA%NA%NA%NA	10
a60a0afafa5e53fc6ddae3bfd14e6eb0c152300f	Oomycota%NA%NA%NA%NA%NA	10
a18dc2fe3ba64cf414bea55d69924ada802c1488	NA%NA%NA%NA%NA%NA	10
e8b3571555f8671119dc15ced603ceba03bccbfd	NA%NA%NA%NA%NA%NA	10
e90ec61a7f43950ea1b3271098dc6196849eed93	NA%NA%NA%NA%NA%NA	10
e78d898476eadaecd610bde5fd1157aba140a3e0	Chordata%Actinopteri%NA%NA%NA%NA	10
e3758cbffd84dcd6702b46d013d800a646d0cb4f	Arthropoda%NA%NA%NA%NA%NA	10
e0f408dbff47bd6b0cc574f8fbe760478d1669ea	NA%NA%NA%NA%NA%NA	10
ef21827ac285137ebf5a893f09b3cd333f905b3d	NA%NA%NA%NA%NA%NA	10
9c59c715ef70f7d400c53355e55ce4ae061aaf58	NA%NA%NA%NA%NA%NA	10
ef07823a61936e7c531331239aa16e36731d5ed5	NA%NA%NA%NA%NA%NA	10
e99d6e2d00c1bc452e22aab85ba651dca3b79ac3	NA%NA%NA%NA%NA%NA	10
f9ea39eb231a415c4b9d66a38cfc3a02e2b52fc1	NA%NA%NA%NA%NA%NA	10
f87fb316c4ed596142610b7a1e1da07e90f2ec4c	Bacillariophyta%Bacillariophyceae%Bacillariales%NA%NA%NA	10
fea4dd87794c269713a01278f6e90d29890c01a1	NA%NA%NA%NA%NA%NA	10
94e80ab543267301f4d5d764c2a2d714716a110a	NA%NA%NA%NA%NA%NA	10
91a67cadc5829afa753aabc9818e3388748d04bf	Bacillariophyta%Bacillariophyceae%Naviculales%NA%NA%NA	10
f51cf20a1c9b3754fd37b9582fed3c9d0e84f16a	NA%NA%NA%NA%NA%NA	10
932a42bda5b93c3ed42a2b6aab6b403d1b165083	Oomycota%NA%NA%NA%NA%NA	10
f6ece27cdff7a471bbafa9243d044e7ac4b76ea4	NA%NA%NA%NA%NA%NA	10
cf5b8143953b1ad5dc864f9f7301c84b70cd4f91	NA%NA%NA%NA%NA%NA	10
d28cd5b1376e470419ab0f1b520b51eaddd92418	Bacillariophyta%Bacillariophyceae%Naviculales%NA%NA%NA	10
d346d48d4cf73803fd9b88fb20a7f429ad2fd90f	NA%NA%NA%NA%NA%NA	10
9d1e083491403f4a70521551c96af902714ca2ac	NA%NA%NA%NA%NA%NA	10
f29fb4d4cf10d2917af7b2aff13590c7bb30d257	NA%NA%NA%NA%NA%NA	10
df75c51cc4a0d0c135dda397d86a919fdbf36893	NA%NA%NA%NA%NA%NA	10
dc4db31aeba0c08165e73dafbff9a66099a01373	NA%NA%NA%NA%NA%NA	10
deb01e06edc07fa648c1c67ff9e517e8916a968f	NA%NA%NA%NA%NA%NA	10
dee0a9d829765c5a50a0c42b411d5114abaf3752	NA%NA%NA%NA%NA%NA	10
d6d8bcfd86cda938ac600a3886e3ffc9ddb89186	NA%NA%NA%NA%NA%NA	10
d4bdf522342b3acea8c4bfde9a2030dfd33195f9	NA%NA%NA%NA%NA%NA	10
2eb6a9367739f037e42530c6ab264917899f9663	NA%NA%NA%NA%NA%NA	10
275c4684315cdceaef8699eaa521d9a39f72d7f1	Oomycota%NA%NA%NA%NA%NA	10
2559674fbc87a11f822b93931e74211ce72bb402	NA%NA%NA%NA%NA%NA	10
2f95c124d2fb0d0bea489fce1c8b4be87350d898	NA%NA%NA%NA%NA%NA	10
3c29d9b8aea626b5d450988d35f85a39751af201	NA%NA%NA%NA%NA%NA	10
3c4d7d1183214b182b70b1ee065d7b56dd5c27a4	NA%NA%NA%NA%NA%NA	10
35d75598581d56fab90518760354d88225701ecf	Chordata%Mammalia%Primates%Hominidae%Homo%Homo sapiens	1
358503df950605e1d3f2cf2358d7df7e54d37b63	NA%NA%NA%NA%NA%NA	10
307cf0e30d60a2226d20a6fc92dd0303a3243aba	NA%NA%NA%NA%NA%NA	10
09f69be6c4971ec41454f49de028944558d28cc7	NA%NA%NA%NA%NA%NA	10
0c4492adc42ff3cbe8ade91fae6e0f96eb541b3b	Oomycota%NA%NA%NA%NA%NA	10
0f3741d7c4d37e921e3d3ddd00a7e07256bae4ee	NA%NA%NA%NA%NA%NA	10
025c85bdcdfad71b5895b665d667e04bfd59c891	Chordata%NA%NA%NA%NA%NA	10
00ae72fe22a1873f882b2ed0ef4329293e10d22a	Arthropoda%NA%NA%NA%NA%NA	10
1a9c3ea6d659c975aa4daec7564a6ed3c4c7b7be	NA%NA%NA%NA%NA%NA	10
170ab5e52567177923eff04a2e547155e2903e88	NA%NA%NA%NA%NA%NA	10
153662d4670a674ec361334189185602e5f2a60f	NA%NA%NA%NA%NA%NA	10
12c0f3a5e6f686594d4b806ebc2735f7c6c56f84	NA%NA%NA%NA%NA%NA	10
13357bf34af30f2e21511e28e2f56803b445b999	NA%NA%NA%NA%NA%NA	10
54c7b396349bb73b2999153f9d96f18b4237014f	NA%NA%NA%NA%NA%NA	10
57aae0bbb00a5ed79b6a4262e85afbaeb56ed563	Rotifera%Eurotatoria%Ploima%Brachionidae%Keratella%Keratella cochlearis	1
5aa562839e7ae7d9ac2b12c3635ca6cb5e023ad8	NA%NA%NA%NA%NA%NA	10
6d46a6947a3a30a7f75775c3b2ef811d0b9a5e91	Oomycota%NA%NA%NA%NA%NA	10
83fe78a9bc4793b985599170734f14e95e5d7710	Oomycota%NA%NA%NA%NA%NA	10
6cc8ec815b7ccc408a1d9b605d5eed9f736529a1	NA%NA%NA%NA%NA%NA	10
6ab3e50c8c598300cf5a7dd6d29046e1890727f7	NA%NA%NA%NA%NA%NA	10
6bddc0db209074c172da9ef9a234ebbcae37feef	NA%NA%NA%NA%NA%NA	10
679643507df75d2ed6829486ae6f86504210c1c8	NA%NA%NA%NA%NA%NA	10
6724a963358544f7874886ee7b75b3b32f2b8d16	Annelida%Clitellata%Tubificida%Opistocystidae%Trieminentia%NA	10
658cb0fb435bfcd7a493ce7b9b76eb035616bb5e	NA%NA%NA%NA%NA%NA	10
3e0438c27e63e6b209608c44c95c3ef245bdb5c2	NA%NA%NA%NA%NA%NA	10
41fdae85e5b74b2174db3fed17c60f1a2e84375a	NA%NA%NA%NA%NA%NA	10
411bea1a6f5f736aebd019b46b05723b59d3ff17	NA%NA%NA%NA%NA%NA	10
79fb93d55278a217b4b746115f0f466b2da0e70c	Bacillariophyta%Bacillariophyceae%Naviculales%Sellaphoraceae%Sellaphora%NA	10
7e8eb6a4b7b290999a5c79fe7c177a51ab862f1e	NA%NA%NA%NA%NA%NA	10
728c4fcac37cc9ed508a03e76697775b62283078	NA%NA%NA%NA%NA%NA	10
70ccc61dca46d86442b3fea21185d94ab7138e41	NA%NA%NA%NA%NA%NA	10
4ea2bba3e9fef7ff78cb75cb422ae5bebda03910	NA%NA%NA%NA%NA%NA	10
4eddb8dd1741bc8dfcb77d8ca47b946d600ccdf4	NA%NA%NA%NA%NA%NA	10
4fca41e7bdf4cb51f0b46ca983212840cfd92ba0	Porifera%Demospongiae%Suberitida%Suberitidae%Suberites%Suberites pagurorum	1
4c7d76b8f61eaed943ebc7a55276151ff42d54b5	NA%NA%NA%NA%NA%NA	10
4dda99fe504b20e81aebaae732f5c5bdb8c40108	Chordata%Actinopteri%Gadiformes%Macrouridae%Coelorinchus%Coelorinchus caelorhincus	1
4aab5962eb2f191b34bdda6409ce03f324cff88f	Bacillariophyta%Coscinodiscophyceae%Thalassiosirales%NA%NA%NA	10
4b8641bff42dd66d2bac83b00ec555dc2d1e3095	NA%NA%NA%NA%NA%NA	10
8b6cd0d991562e0adb8b455b22f37d5db47a47e0	NA%NA%NA%NA%NA%NA	10
28beb0222e35ab7846b941341132ef27f9079764	Ascomycota%Sordariomycetes%Hypocreales%NA%NA%NA	10
ede035ba8dc9532890840fb337b86821e622330c	NA%NA%NA%NA%NA%NA	10
65dec4b2a9f22262495399a8ec831194f7f1f30a	NA%NA%NA%NA%NA%NA	10
8fceea63347a1bbc2a2b082efc5792fb94a58700	NA%NA%NA%NA%NA%NA	10
143ca0f5fcde0e598dae2a6453c57d6fb129bc78	Bacillariophyta%Bacillariophyceae%Bacillariales%Bacillariaceae%Nitzschia%Nitzschia palea	2
9e82ada7715f85ac1348b9dd29fd034734b7effb	NA%NA%NA%NA%NA%NA	10
1e30cf975435e3c43959c9826cf76aaba5e2190d	NA%NA%NA%NA%NA%NA	10
be43dbcd540fd42a769866bd9efdee228523dbc0	NA%NA%NA%NA%NA%NA	10
ee7a8fe0527e0bb348810768ab07dc80cbe00162	NA%NA%NA%NA%NA%NA	10
b2cdc86ebc4822cf931809c560d1e76cf8c27998	NA%NA%NA%NA%NA%NA	10
5cda77388f40963e19c3d00640a16922b25b6adc	NA%NA%NA%NA%NA%NA	10
5788970479dc36869a5cf6f9bb925d5e31d966f1	NA%NA%NA%NA%NA%NA	10
dc8cdf68e0cd90574ef24abbe6a706f05c11979c	NA%NA%NA%NA%NA%NA	10
2de1b6ccf338c7cdf7aadbea66352826855e7050	NA%NA%NA%NA%NA%NA	10
88a0c49d8b435de9bed1b99d651cd55037436e88	NA%NA%NA%NA%NA%NA	10
b01635a13fb0e90ddc7693aee3fa6b799319a456	NA%NA%NA%NA%NA%NA	10
4794a189ad20cd97b32334e18add7932b37056fa	NA%NA%NA%NA%NA%NA	10
467a93eac22a125b9538eb6931182f2743cc2189	NA%NA%NA%NA%NA%NA	10
39db93f4df4ee85603fbef0982707baea17a1208	NA%NA%NA%NA%NA%NA	10
c7ddaf42c00ea8c5c7b25314fbb965fb7e11ce38	NA%NA%NA%NA%NA%NA	10
6cb101c3b504b1a7a8a2f20a39d656464dad50e1	NA%NA%NA%NA%NA%NA	10
4a94181415e737eddace822b86ce5aa59c8f57ba	NA%NA%NA%NA%NA%NA	10
54add6ad4f91d555fb5deb24b20e3c979a7c86af	NA%NA%NA%NA%NA%NA	10
ae3302046e328712e4550d00a0dba69564e11f9e	NA%NA%NA%NA%NA%NA	10
d94586d26ac2d5ee0dcb1dea810078c94eb3b5bb	NA%NA%NA%NA%NA%NA	10
11c6f1cb1f10ebcfc84571e213dd5ca2a51c1286	NA%NA%NA%NA%NA%NA	10
a10a6db8a1117cb06032f871b3776d7401910cc9	NA%NA%NA%NA%NA%NA	10
30082824a8819883c1c67224fad4d3bd739e1433	Ascomycota%Leotiomycetes%Thelebolales%NA%NA%NA	10
cb7ea31c4d31d384c8dd9fa53644c30c20ddffc9	Arthropoda%Insecta%Coleoptera%NA%NA%NA	10
d461693f186d20266f9a739c620ef017fd5bc9e0	NA%NA%NA%NA%NA%NA	10
f52957563ae830de059b584e914d4b5fd881032b	NA%NA%NA%NA%NA%NA	10
8a211cda4ce016cfe6fed4ee4e8a13cae1865406	NA%NA%NA%NA%NA%NA	10
2c52e227ca35adc8762b671ded76c7120e1db2a5	Ascomycota%Sordariomycetes%Hypocreales%Nectriaceae%Cosmospora%Cosmospora meliopsicola	1
76ecc042a62bc9b3357a20465e10d49f2bc38acc	NA%Dinophyceae%NA%NA%NA%NA	10
ac044ea836e29436a1455cce8db432049947951a	NA%NA%NA%NA%NA%NA	10
b21f34153abc77c6a350a4005507b7597de44912	NA%NA%NA%NA%NA%NA	10
e5afce767f263a6fda65a2ae709411ac99b5b7d1	NA%NA%NA%NA%NA%NA	10
00a3e0652922eb36fddd411ba513404546d63ae8	NA%NA%NA%NA%NA%NA	10
a290a25f0fd972225f1590a149e8109b8cb23c12	NA%Dinophyceae%NA%NA%NA%NA	10
f60614583d624fa6997c4354ac7ada537eedd871	NA%NA%NA%NA%NA%NA	10
d78b87895f9df9117869e4707095931467373f09	NA%NA%NA%NA%NA%NA	10
e72ddd9b4b0a13fc8b16889ecd658c36835690d2	NA%NA%NA%NA%NA%NA	10
6d9817c7ecd4019a5077c18cc8faec3553523528	NA%NA%NA%NA%NA%NA	10
dbf21be367711fb32800dd619e4ceab96ccb2411	NA%NA%NA%NA%NA%NA	10
b7bbe23038ae6a35b4eea6b50c1626075952d61f	NA%NA%NA%NA%NA%NA	10
021295448143584038a221c30c4845dfa839dd88	NA%NA%NA%NA%NA%NA	10
7984e62a71fb21725c88348656f48f0fe8ec4b20	NA%NA%NA%NA%NA%NA	10
a97c1718b21686e10cf4ea1432350469f09a65ec	NA%NA%NA%NA%NA%NA	10
ce773bb677615bce0e175b8b60e5246da6220a87	Chordata%Mammalia%Primates%Hominidae%Homo%Homo sapiens	2
442047ef210d5b54b03638f9a34377ba6bb15c2a	NA%NA%NA%NA%NA%NA	10
3f87840cd9c97ce6e04c3d3ee958d8b768d0d9f0	NA%NA%NA%NA%NA%NA	10
b15e2c497db117d4cbfbc98ac8dd2a686ece45e8	NA%NA%NA%NA%NA%NA	10
7f4d527b3e6869bd674354c0d9bd938605b335df	NA%NA%NA%NA%NA%NA	10
be8b43b68f33a8fdae51acd14b9347ecd300d3f7	Ascomycota%Sordariomycetes%Hypocreales%Nectriaceae%Fusarium%Fusarium decemcellulare	1
1d3ea8ec1a7169cc045e8db020491ad824f4975b	NA%NA%NA%NA%NA%NA	10
88f87139c452a07438be01755982a712d690b827	NA%NA%NA%NA%NA%NA	10
de45401397aaefd885d3ca6ce404b17b0352979d	NA%NA%NA%NA%NA%NA	10
afdf5cfb387864c9ef7530be4ce904830c85acdc	NA%NA%NA%NA%NA%NA	10
0b2771ae4506fed43943eb4c7946925dca7902ca	Bacillariophyta%Bacillariophyceae%Cymbellales%NA%NA%NA	10
5f46574b8e1114a5d87574159206b6acbf7aa240	NA%NA%NA%NA%NA%NA	10
59c97b76ceb5d07c051f649f936e7d26567b4f37	NA%NA%NA%NA%NA%NA	10
6053837c73f304044c4d51c2fe327cf633529603	NA%NA%NA%NA%NA%NA	10
1723b6db51a60e807c0b1e599c117503c21fa27f	NA%NA%NA%NA%NA%NA	10
be95233be2f7e5c8e60efd3e04ec388ee8d54026	NA%NA%NA%NA%NA%NA	10
21367e5953264cd43b355583e2d76056e30f967f	NA%NA%NA%NA%NA%NA	10
cd0cc0c7611cd57305d91d26d72af1fee4f9acbb	NA%NA%NA%NA%NA%NA	10
a4e8ab9208980ae7636fde6991d79cba648eee3f	NA%NA%NA%NA%NA%NA	10
8416abb5dbd11dd425df07a1f1e98127a3b4b1d4	NA%NA%NA%NA%NA%NA	10
cf7c9ae8418bf4e13016a06793c2c0b9aa59281c	NA%NA%NA%NA%NA%NA	10
fc36524efffb7a03f2c1233ca07b6ab8adb47009	Arthropoda%NA%NA%NA%NA%NA	10
92f5ee506f973496969f2548ee68ebcfea52ac33	NA%NA%NA%NA%NA%NA	10
f2ef23b53f137883e883958d6e162aac65272d9c	Arthropoda%Insecta%NA%NA%NA%NA	10
213c88a8043d866a8cb99f4e740b9c1a13eb76de	Oomycota%NA%NA%NA%NA%NA	10
dfb56d2afded4318803e978f04d18c2a47a833ad	NA%NA%NA%NA%NA%NA	10
5b8c59bcb13bdf8d5da15dfdc3d93b7eb203f67f	NA%NA%NA%NA%NA%NA	10
05748bd887c2d7ec52d776745bdbac7a8ada2ba6	NA%NA%NA%NA%NA%NA	10
d25a5a90d28f3f81e1106308c7a2312c04c89b44	NA%NA%NA%NA%NA%NA	10
abfcfa5efe4adcd0a7ddb739d8a2fab77ad31035	NA%NA%NA%NA%NA%NA	10
7e94b02c9390638a57189f8cc49fee9cac43b1ee	NA%NA%NA%NA%NA%NA	10
6b65a38ff7c947da17a5a7b25d9f82d84d70ec8c	NA%NA%NA%NA%NA%NA	10
1689c0d6cc186d6d44a9783134997542179f4855	NA%NA%NA%NA%NA%NA	10
9831990d52dbee9feb3539e34932379383f54058	NA%NA%NA%NA%NA%NA	10
121d62441cbc2f0e3be6be3bd6b2ab67ac98d0da	Ascomycota%Sordariomycetes%Hypocreales%NA%NA%NA	10
0b7e187e5c58df4e8e473ca0c05836f722962ea9	NA%NA%NA%NA%NA%NA	10
fe11cfcc48ae01b47b9e0545b8d5cee33024d742	Arthropoda%Insecta%Hymenoptera%Agaonidae%Blastophaga%Blastophaga quadrupes	1
6c29bfb4b5b006c8b788d457988195a6045ebc1d	NA%NA%NA%NA%NA%NA	10
e8619418aa0ef7f0070e02114bb1a82596a09e03	NA%NA%NA%NA%NA%NA	10
bb0a35a0d687d4b6beb1c8d86c1df630fd1c320a	Oomycota%NA%Lagenidiales%NA%NA%NA	10
a928aae248efcc7a0114417f95388283e1698076	NA%NA%NA%NA%NA%NA	10
0d4760e279e0801550d06dcb7bdc6430b158f98d	NA%NA%NA%NA%NA%NA	10
449e3366708338797a5eaba11846b93153aa6371	NA%NA%NA%NA%NA%NA	10
c27f5874660a36700105bcb36a15714b4ccf0c56	NA%NA%NA%NA%NA%NA	10
157d432cf2ac0cbf667cf911825b0fb3a61b1b6c	NA%NA%NA%NA%NA%NA	10
24ff011175823af8e6dc699a49054d00d68d924d	NA%NA%NA%NA%NA%NA	10
2d140a869d2950527b1ec1663924c81358440841	NA%NA%NA%NA%NA%NA	10
3909611bdace8a7cced746882996c0389e1b9b13	NA%NA%NA%NA%NA%NA	10
0b8da3ff6fbec2169b8e7d5f5f24a49fb9f34ed9	NA%NA%NA%NA%NA%NA	10
6165aa6143023766e9070c180b6bfc70366d085a	NA%NA%NA%NA%NA%NA	10
00aebb7a92fe6315d8c560d985541f311aefe126	NA%NA%NA%NA%NA%NA	10
8c7b30893310739d5f1b08dbdf77eb1ffa3f38c4	NA%NA%NA%NA%NA%NA	10
91e0a6eca4dbab450c1ec197086939c92923f4c2	Ascomycota%Sordariomycetes%Glomerellales%NA%NA%NA	10
7e648e28ca52e9ad31610d8b965a4bb4430684a8	NA%NA%NA%NA%NA%NA	10
60ca4c084caa7a97305e51532062bde50f6f1154	NA%NA%NA%NA%NA%NA	10
573e808a8285847ae14c05dc414ab318fc33c086	Chordata%Mammalia%Primates%Cebidae%NA%NA	7
59f6714005c975c84bc4246e17162d1568ef5a4f	NA%NA%NA%NA%NA%NA	10
a2b971ac814ae3fca0e4ca41f464bec0207549ed	NA%NA%NA%NA%NA%NA	10
c0f51bf3c3025cf0143cf5df5c617ab8ee33d6e2	NA%NA%NA%NA%NA%NA	10
c7e67461272cc0bf9c210f17bc3d1a745b7c9f9b	Arthropoda%Insecta%Lepidoptera%Opostegidae%Pseudopostega%Pseudopostega chalcopepla	1
4f5b9f32fd29fe1c1b3b6cbbcc4525365f5a5e3a	NA%NA%NA%NA%NA%NA	10
45830435d76bd465c37fd8935cf1aa1e210d5e7a	NA%NA%NA%NA%NA%NA	10
4b4ce342442b29624bd80ee47a7e38cd0ebae3ea	Bacillariophyta%Bacillariophyceae%Naviculales%NA%NA%NA	10
1e73237c03e97d2daa14ea2f1a964053cd894a0f	NA%NA%NA%NA%NA%NA	10
251c83b79226959a139fabdc4728f7267d23312c	NA%NA%NA%NA%NA%NA	10
2bdc8b20fc8c29b22b2ce6a5341366edd1308049	Basidiomycota%Agaricomycetes%Agaricales%Pluteaceae%Pluteus%NA	3
d5ecd0b3ec4e87ac4d92b74bb66bdd55aba2a283	NA%NA%NA%NA%NA%NA	10
2ac92136b3be7bcf661d59ba1b05afa494a23640	Ascomycota%Leotiomycetes%NA%NA%NA%NA	10
8d7f382083badb433e523e93365a6e3b0874ef8e	NA%NA%NA%NA%NA%NA	10
b40c1793039daef7a02a22b38ce2406850ce8e79	NA%NA%NA%NA%NA%NA	10
9c89b14b58d862acbfcd10025b446652ec659fb4	NA%NA%NA%NA%NA%NA	10
f36194e76f4d3e470011a1bdd1bdb135226d2241	Arthropoda%Insecta%NA%NA%NA%NA	10
6e9ffb187b63bc737d76ccbd7d6d002be90c4441	NA%NA%NA%NA%NA%NA	10
b9d7f07310d4abd95a53774b40c37188d13117dd	NA%NA%NA%NA%NA%NA	10
7057d78fd55ea3148fc1151f06228deca79b03d4	NA%NA%NA%NA%NA%NA	10
b7a7b63ffdf1c3d63525a35c756b20c75b902c8d	NA%NA%NA%NA%NA%NA	10
ca63b52871b0dec2700bf1632235ebfa954ec192	Arthropoda%Insecta%NA%NA%NA%NA	10
2ef05aa578714c3dce73ef555aaf146988a8ae4c	NA%NA%NA%NA%NA%NA	10
9330a42964214983579a90661bcd100b3cb67e26	NA%NA%NA%NA%NA%NA	10
e46ac0979521296477b1e4871850d09308c921f8	NA%NA%NA%NA%NA%NA	10
93d936033869bc145b96002e7bcd56aacbee5c5d	NA%NA%NA%NA%NA%NA	10
7e383dba0e17fb9a548667c9e9386506186b7d85	NA%NA%NA%NA%NA%NA	10
043670f05accf0c28cf9f0b95881684471c5efab	NA%NA%NA%NA%NA%NA	10
11b2d573e42cfbd0c8ad5dc33063ee04c67b51ed	NA%NA%NA%NA%NA%NA	10
0ce607c8f22b8537df87f19c87a7831d59263c41	NA%Phaeophyceae%Fucales%Sargassaceae%Ericaria%NA	3
a0ccab3267ca001f6c964ea4240d1c1bcdd6b380	NA%NA%NA%NA%NA%NA	10
aa9ba086258272ed97cee5aa9e226b342b066338	NA%NA%NA%NA%NA%NA	10
bda9571845ccba3ccd265a1d64e1ddabeda13854	NA%NA%NA%NA%NA%NA	10
28804f93f7bc5b71d0b6b0ba905d98c34803deaf	NA%NA%NA%NA%NA%NA	10
31c76d19865a4b98780a32e2f89f448020d22358	NA%NA%NA%NA%NA%NA	10
a13e29e5e7309e1629464b2e1af02a3316c3bc78	NA%NA%NA%NA%NA%NA	10
d5163b5d4f03eb792efcad4580a9dc1623ce0451	NA%NA%NA%NA%NA%NA	10
7963fa72c73fe024e8b51f268a48a4028efa4bda	Chordata%Actinopteri%Caproiformes%Caproidae%Capros%Capros aper	1
ad1e2a4e0121c0e9c1cf2846ad7dfd695f00b604	NA%NA%NA%NA%NA%NA	10
e28da0866afae44394c150a67fc1fdbd4f02fddd	NA%NA%NA%NA%NA%NA	10
e353b0e0913d0e38dd1ca5bff36648d4115ad793	NA%NA%NA%NA%NA%NA	10
e5152cb98f3cd7eacd09c96c477626ab78766185	NA%NA%NA%NA%NA%NA	10
e96abf2e6627348b5bf9dbddb9851aa952a9a986	Arthropoda%NA%NA%NA%NA%NA	10
ed4f0727fb6a27652393b68ed5793e823f62fd2b	NA%NA%NA%NA%NA%NA	10
ef69e0c49e2abcdadd0f7d904fea243ef3eb2200	NA%NA%NA%NA%NA%NA	10
fa51c0a27656f1760573fbed3bdfa5bee88fef91	NA%NA%NA%NA%NA%NA	10
fea5e036023c332a6425106eb2493d036b0b2831	NA%NA%NA%NA%NA%NA	10
ff29f91eaf2e03427a08429242bd235a166a9f0b	Oomycota%NA%NA%NA%NA%NA	10
45dd7d31d8543005a00018e7d98a8fdcc03bf0bb	NA%NA%NA%NA%NA%NA	10
2eb8f524545f54fd20378f5276cb3c2db609eae0	NA%NA%NA%NA%NA%NA	10
2eccdb6c88f6071df7dd8393b21cadbc98d8f692	NA%NA%NA%NA%NA%NA	10
3f10580f1a260b6bd0f74070121cc631378079cb	NA%NA%NA%NA%NA%NA	10
8608271196db7be114d11ebf83aeddd6a0c12938	NA%NA%NA%NA%NA%NA	10
5ec23bd30f9a8ca47bceb9066afdbdd71454bcc0	NA%NA%NA%NA%NA%NA	10
62a1631db88e21ba24255d339ea275626ef5035b	Arthropoda%NA%NA%NA%NA%NA	10
939329d58f6ca8f0976468d6e9557a964f94ab8d	NA%NA%NA%NA%NA%NA	10
b4fc46be467871e8873299091b7263bb4bc04e50	Oomycota%NA%Pythiales%Pythiaceae%Globisporangium%NA	3
2e4627a2062d11804655c18489813952a8f027b3	NA%NA%NA%NA%NA%NA	10
aa7a11aca613381d7c7ce6aa1e93cb5300f34d87	NA%NA%NA%NA%NA%NA	10
4338498a24fe1b0219dea5bf0d5997d7b6984328	NA%NA%NA%NA%NA%NA	10
44e980a289c664c7e314e9f3674cc1bc6987d6e8	NA%NA%NA%NA%NA%NA	10
54fae0ad9706932c18cb60725ca77789569fd18a	NA%NA%NA%NA%NA%NA	10
db4383674f9cbf8c332d3ed895e47ffbe71f804e	NA%NA%NA%NA%NA%NA	10
5e96d7eb6e15ddbf634be6f13ebf576aece8721c	NA%NA%NA%NA%NA%NA	10
7fa0424d194706275cb9f4073889e86ed8fb17f9	NA%NA%NA%NA%NA%NA	10
b0b1066a31756370e5808a3d6edcb9c49545ef19	NA%NA%NA%NA%NA%NA	10
83c51d28fdd8a15a1bdc4dd720bf0df8128287d3	Arthropoda%Insecta%NA%NA%NA%NA	10
5dbc0fac5fed4fc6fe5cfc50b592478cd8be628b	Porifera%Demospongiae%NA%NA%NA%NA	10
559763b8d295159f4bc02693a924cb1c73083fbb	NA%NA%NA%NA%NA%NA	10
52d56b6832b358df5edebf10b85e82d30891d68b	NA%NA%NA%NA%NA%NA	10
07360d8ea985257c570a0b0965acf3ad23976968	NA%NA%NA%NA%NA%NA	10
4cbb1e16257fed6c8e9b09417be4f3bb3937bb8c	NA%NA%NA%NA%NA%NA	10
f39293eff8eee1ab2630ed8eb5119c515623232d	Arthropoda%Insecta%Coleoptera%NA%NA%NA	10
096b5974060da236d539ee091adbe0036de47486	NA%NA%NA%NA%NA%NA	10
093bd0ba88df06eaa85142269dd18cddd5efb089	NA%NA%NA%NA%NA%NA	10
19263bff537eaf75d0cfd03c6e5eca4e1d7532e5	NA%NA%NA%NA%NA%NA	10
1bb98b42dc1fc0585ead409264ca063e47839b23	NA%NA%NA%NA%NA%NA	10
fd4dbc5a591a973647fb0bd4ea072854c785ef31	Basidiomycota%Agaricomycetes%Agaricales%Pluteaceae%Pluteus%NA	3
14af70b0b166912cad1eed6928526c0465c4a357	Arthropoda%Insecta%NA%NA%NA%NA	10
2594901295e349ff7bc9c0a10a7d980efbf79de3	NA%NA%NA%NA%NA%NA	10
256a2cbaa023d710bcf108ff7103210cfc03ac57	NA%NA%NA%NA%NA%NA	10
252c9ad61ac60a20a38992c01e33f35dfeb08314	NA%NA%NA%NA%NA%NA	10
ee6b650de28f29b1ca25528b6c7223bcfb27e5e6	NA%NA%NA%NA%NA%NA	10
f4e6070b623d01732d3e79902e6781a2fc2b3bc5	NA%NA%NA%NA%NA%NA	10
f5fcca17273a9338d143c244c9f69611ee5b1045	NA%NA%NA%NA%NA%NA	10
f524474a135cd918d8afd59403ba4a9425bd1e10	NA%NA%NA%NA%NA%NA	10
56a0ad9d65a85e94f4d83c0cc04179c8b5b552b2	Arthropoda%Insecta%NA%NA%NA%NA	10
ea1825a962990cc61a4e5f59b2acb25873a6e9d2	NA%NA%NA%NA%NA%NA	10
e9aa4218ba37664b33710a23fc37696c58a5572e	Cnidaria%Hydrozoa%NA%NA%NA%NA	10
dfbd6bc93ae5ba6c64045b08b6a3eb529213482d	NA%Dinophyceae%NA%NA%NA%NA	10
4dfdbd89882592eee0603c709c80787a9d7eaccd	NA%NA%NA%NA%NA%NA	10
f2f7aa6ab6ec651f177bbd570d02addc5a88abc7	NA%NA%NA%NA%NA%NA	10
32684c506399bd1d97580e88be06782d5f4c8e80	Arthropoda%Malacostraca%Decapoda%NA%NA%NA	10
13aed803142d83b327dc09dfcaf69a9a32f47ebb	NA%NA%NA%NA%NA%NA	10
5597f4465fac47778a16a4ea6ec2dc2690a1c43c	NA%NA%NA%NA%NA%NA	10
581d3d5524a0728004107cd72b64d6e2fc10283f	Chordata%NA%NA%NA%NA%NA	10
fc6380cc1cc3293902455a378f3f3fbf0c4f877b	NA%NA%NA%NA%NA%NA	10
f8d160de92e5c3d8db25e896d2d018140a220820	Arthropoda%NA%NA%NA%NA%NA	10
d05c2b20a1dae9b54f1599996030f03757962ab4	NA%NA%NA%NA%NA%NA	10
336728c163d1be4f4c18bfb02d7989486ebadd4d	NA%NA%NA%NA%NA%NA	10
3e458053b15812e32899464b4090c6043d9c8904	NA%NA%NA%NA%NA%NA	10
4330f7b9aa462ad9099882ce620bd9b028ffd3f1	NA%NA%NA%NA%NA%NA	10
472df73c24f889ad7072a30835e6e022c047a235	NA%NA%NA%NA%NA%NA	10
482c342279bd827ea0a437496a93222b7d7be97f	Ascomycota%NA%NA%NA%NA%NA	10
4c6de2b688738b8ca7bf722aa23e79701ff7e22c	NA%NA%NA%NA%NA%NA	10
62e8538a37a2981db98bf932dad92701818a64fd	Arthropoda%Insecta%NA%NA%NA%NA	10
67953bdc113e20f207249dd6236acef812aa946f	NA%NA%NA%NA%NA%NA	10
70e5df315632d819d656aae19dbb18f1ceaac7d3	NA%NA%NA%NA%NA%NA	10
748c495a6be7088b53e9c0777c81ef38a2b26e40	NA%NA%NA%NA%NA%NA	10
81bf2a595b9b9601389c478a56e1a72e57e8a44d	Porifera%Demospongiae%Spongillida%Spongillidae%Spongilla%Spongilla lacustris	1
c9b2d585ceccb366c7ea044cca652485e70dafc8	NA%NA%NA%NA%NA%NA	10
197a9d421b264dd0f07b75f813d9f51a7c99b41a	NA%NA%NA%NA%NA%NA	10
18d1cfd5a20aaa5b14f8042d1a08d2bbbbecf549	Nematoda%Chromadorea%Rhabditida%Aphelenchoididae%Aphelenchoides%Aphelenchoides paradalianensis	1
13da060314a482b5203723f273134a9223738fe4	Ascomycota%Sordariomycetes%Hypocreales%NA%NA%NA	10
2c4961be6d348ad3e9f97e9f225125032936ebe9	NA%NA%NA%NA%NA%NA	10
09f05a27ad6bf2868d546db329ce46c35b4f6e07	NA%NA%NA%NA%NA%NA	10
25aa89d86b4dbbfc1bc9519b082b5b6d8849ca0c	NA%NA%NA%NA%NA%NA	10
bb366806ae90fc21f8f99675afc62b9958940178	Arthropoda%Insecta%NA%NA%NA%NA	10
9825fda0703e7e2f2dd00f65a3f6776e193a4212	NA%NA%NA%NA%NA%NA	10
98898357b277279b065583de0e62cc4d43791e72	NA%NA%NA%NA%NA%NA	10
d2faa390257892e62bf9c0b27455a164fb3dd0bc	Arthropoda%Insecta%Ephemeroptera%NA%NA%NA	10
e123d54820509076cede9ea83c1bb12738bcf32c	NA%NA%NA%NA%NA%NA	10
e5604ae3e0ceaab4609a5c8f6e5f0275715ef82c	NA%NA%NA%NA%NA%NA	10
e5b789651d54a314b36b81279736b274b8bb223d	Bacillariophyta%Bacillariophyceae%Naviculales%NA%NA%NA	10
e95a114b0f7ccecdb348a34dd319214e7c60a6a9	NA%NA%NA%NA%NA%NA	10
aa24637a3d1455fcf5d5bc4240a4168a4282712a	NA%NA%NA%NA%NA%NA	10
ab90ab9a9e141ca21c7acb27676bdbdb77f326c3	Bacillariophyta%Bacillariophyceae%Naviculales%NA%NA%NA	10
c7b42a0e1354146acb3702e538d606b7e2c1f8ff	NA%NA%NA%NA%NA%NA	10
aed0799de03ec2e91b8eb645e236c3da3256c65a	NA%NA%NA%NA%NA%NA	10
be6b023fc8c3f6076fd6efc93be3c0fd4f552a96	NA%NA%NA%NA%NA%NA	10
baec08027ace59b59940bd510f9d25adf9010953	NA%NA%NA%NA%NA%NA	10
ba1b59082cf69b4b16d17aa0f8a4acb721a5285f	NA%NA%NA%NA%NA%NA	10
07f6d586cf43cced5a371438cfc2bc6eaf393691	NA%NA%NA%NA%NA%NA	10
06dc6761d0359dfe1f027fa2c55c5cdd250ff18c	Mollusca%Gastropoda%Stylommatophora%Helicarionidae%Helicarion%Helicarion cuvieri	1
07122cded063aee264700a5be9a9b43feded1914	NA%NA%NA%NA%NA%NA	10
0168a0549cbd2d2200f5d726528ba70aa2ebecf0	NA%NA%NA%NA%NA%NA	10
f27460e3e18b74a816efefe60d7f3dc10220c250	NA%NA%NA%NA%NA%NA	10
f8f404553f0da27550949d5454dd237d447ba1d6	NA%NA%NA%NA%NA%NA	10
1bb3a3d9dfc6951c9dc6690ae45def16f11d8159	NA%NA%NA%NA%NA%NA	10
fd18ec96a228a918786bb8cebb24b5d685504db3	Ascomycota%Sordariomycetes%Glomerellales%NA%NA%NA	10
1c331c57f36af68f855b987bd5438167a549e8f7	NA%NA%NA%NA%NA%NA	10
2ece126a95944d618b9f0de28d3704bb0c493e45	Arthropoda%Ostracoda%Podocopida%NA%NA%NA	10
285ec816be989d688d3cbdcbf54bd771ae92b9d2	NA%NA%NA%NA%NA%NA	10
38e25bbd7f257cdb9a3a3e00f57354b355ad4df5	NA%NA%NA%NA%NA%NA	10
3bc5e6e5e6c560f85a52ebaab8d6a0578cb6317a	NA%NA%NA%NA%NA%NA	10
3efbecd285d5a521c105ec77a7fbf970222a08ca	Discosea%NA%Himatismenida%NA%NA%NA	10
3f1451e0eb0f84fe9815c2f44638b696bf72fd43	NA%NA%NA%NA%NA%NA	10
4455451eba6a1686f67005ed73da297fb94745ad	NA%NA%NA%NA%NA%NA	10
4fd7a442bb65bab1fbf2dd928af542b210e91c14	NA%NA%NA%NA%NA%NA	10
440e2a082a8b24932db4cf5886fc8527a7e043a2	Arthropoda%NA%NA%NA%NA%NA	10
2b4830ee900d8bfc508c5f1ab64dd37b50778d34	NA%NA%NA%NA%NA%NA	10
2e47bc548ac0e8105982103b1ded486ea2a6f54b	NA%NA%NA%NA%NA%NA	10
2f9dcc3766de4f0e47680df0ac68ddb0b4896e25	Oomycota%NA%NA%NA%NA%NA	10
5313abead45cdd358ade2d8a568e1dcbfcc7bbf0	Ascomycota%Sordariomycetes%NA%NA%NA%NA	10
2eb471518daa879eb9e19024becffef93f694604	Oomycota%NA%Pythiales%Pythiaceae%Globisporangium%NA	10
7a113fb5cc8845130db8c20026a6f42d9b684a03	NA%NA%NA%NA%NA%NA	10
74af5b2bc8c5ab7141245160f35217fbf0f4b86b	NA%NA%NA%NA%NA%NA	10
8ee2ebde70792175d0025033f49f1fbb5e3ccc53	NA%NA%NA%NA%NA%NA	10
8758b68cfb94fab09f99a020183495aafb78d9b1	NA%NA%NA%NA%NA%NA	10
8457baebe451c8d93f4af34347ba1d0ec3527b82	Arthropoda%Insecta%Coleoptera%Elmidae%Elmis%Elmis maugetii	1
678f0cb11f815b3a595d3be894fe13b3644e0516	NA%NA%NA%NA%NA%NA	10
926fcbd4748058bf41adc7eec93a00cfca11c996	NA%NA%NA%NA%NA%NA	10
984a1ed28e812d9a802989dd102ece61909bb184	Arthropoda%NA%NA%NA%NA%NA	10
99fa03699d0e51b1dfc12dc917e7b51706d34278	NA%NA%NA%NA%NA%NA	10
aacf17a7ffe587036fe760e159d0f0a68ea83290	Bacillariophyta%Bacillariophyceae%Naviculales%NA%NA%NA	10
979fe85c75151a01d82477cc157c7f45e3b6f4b1	NA%NA%NA%NA%NA%NA	10
a86c0e8481e0e1b87c2d41bbba88fc24ea120690	NA%NA%NA%NA%NA%NA	10
ffa2add694f4c0f21e4aa6e0ced1b9956c9c3649	Bacillariophyta%Bacillariophyceae%Naviculales%Sellaphoraceae%Sellaphora%NA	3
a16484e9dc99350db80aa15539f429572ee2493d	NA%NA%NA%NA%NA%NA	10
9ed28f4a608af56de202267ee80668f55053455b	Oomycota%NA%Pythiales%Pythiaceae%Pythium%NA	3
9c50c7471d6adb3f463f0c6eb10202c41b5a8e61	Arthropoda%Ostracoda%Podocopida%NA%NA%NA	10
9d0a04451c2d8580dac054f8056179d1a2d24738	NA%NA%NA%NA%NA%NA	10
9dbf1e133c0bc82b319e0d35735dab06177dac2d	Ascomycota%Sordariomycetes%Hypocreales%NA%NA%NA	10
a4ba516270a565350e038a63fa056e8019c216e8	NA%NA%NA%NA%NA%NA	10
e3f0242262d074d92b2c37d6fb8d55139ed0b920	NA%Dinophyceae%Gonyaulacales%Amphidomataceae%NA%NA	8
e44f49e9dcef458816caad82ecf92a6b8efb873f	NA%NA%NA%NA%NA%NA	10
ec65395869f00e7c5fbc7e186b1315fedd7e3ac5	Arthropoda%Hexanauplia%Poecilostomatoida%Oncaeidae%Oncaea%Oncaea prendeli	1
ef9a0a40ae2431ef05fc9b13a71f557ec1198244	NA%NA%NA%NA%NA%NA	10
81e9bd67b66a426daa96d7257db6e199c70addd9	NA%NA%NA%NA%NA%NA	10
82a27b4354a02faa58bf0d218c64be28ac681018	NA%NA%NA%NA%NA%NA	10
fe1441d7b47db26fd4603be7c241f9144f4e6391	Bacillariophyta%Bacillariophyceae%Cymbellales%NA%NA%NA	10
fe57885b5748aff77ec4c857161403c3f6c0a559	Annelida%Clitellata%Tubificida%Opistocystidae%Trieminentia%NA	10
8eb2c1cae9f732e8c73d567b9770315a51700aea	NA%NA%NA%NA%NA%NA	10
8d85675b70bdbda9af8441c92cef07e629103d5b	Bacillariophyta%Bacillariophyceae%Naviculales%NA%NA%NA	10
8d633daacff62d216ec4e8870357691e18258104	NA%NA%NA%NA%NA%NA	10
87e76b3365a8bc8172f2b7f4592391e8674dbf37	Bacillariophyta%Bacillariophyceae%Naviculales%NA%NA%NA	10
b3ca0e7690307389e6dadd74b4096a88541e3280	NA%NA%NA%NA%NA%NA	10
b8ab365df5cdaec25a770827683898dd1fcd0e52	NA%NA%NA%NA%NA%NA	10
ba1be996ae6ceab71f1db7e8eacdfff6ccbe3d5e	NA%NA%NA%NA%NA%NA	10
bb5b43e057c1685748d6f87cb4b533a7973e352f	NA%NA%NA%NA%NA%NA	10
bc541c4b2d9670a4847e536fcb0875d989a0a9bb	NA%NA%NA%NA%NA%NA	10
be3e1e73276f1eed450b51c12505ab2e274a453a	Arthropoda%Insecta%NA%NA%NA%NA	10
bf62d528d0840c32061567eb28e3c2fee79f7274	NA%NA%NA%NA%NA%NA	10
cfd5e0b035ee22c68995aaa6017f0d46ec504843	NA%NA%NA%NA%NA%NA	10
ccf85ff8f256058cdec70839d8fbe5b4549c5942	Bacillariophyta%Bacillariophyceae%Naviculales%NA%NA%NA	10
cca1e3de88ad3f9cc2b71d11328595f8e7e1e27c	Bacillariophyta%Bacillariophyceae%Cymbellales%NA%NA%NA	10
cdad3dc3f4edf54c0e94e437871d9c2fa45c98bf	NA%NA%NA%NA%NA%NA	10
cdbc47f8a2849a4a51154db62b057b157e775906	NA%NA%NA%NA%NA%NA	10
ca22e72477e49b04b0bc97ba215554df8f26911e	NA%NA%NA%NA%NA%NA	10
f0309370b883763345be88271e354b8641f76d78	Ascomycota%Leotiomycetes%Chaetomellales%NA%NA%NA	10
f075fe751593ce98e8efd32136d4e1148e31edee	Ascomycota%NA%NA%NA%NA%NA	10
f75dd470a90a4e46eaba9ed4779ab118d6b45c97	NA%NA%NA%NA%NA%NA	10
fafd14113f60037faa247453f9e900ec728b0474	Cnidaria%Anthozoa%Scleractinia%NA%NA%NA	10
ff90bffea0bfd88a23572e191a091aca024b690b	NA%NA%NA%NA%NA%NA	10
c12f84092ce33e9fa54b62de0b98acd09587239c	NA%NA%NA%NA%NA%NA	10
ddd553e954e2976cc43a5c8bdf102068f69c6db2	Discosea%NA%Himatismenida%NA%NA%NA	10
de5dd01764d6493a7397da96535d13633c362185	Ascomycota%Eurotiomycetes%Eurotiales%Trichocomaceae%Talaromyces%NA	10
de825d4c897f1e8e82485e97caa48f03a80014ee	Arthropoda%NA%NA%NA%NA%NA	10
aea06f7f0024e2355685dd4f2df6b179093d2256	NA%NA%NA%NA%NA%NA	10
aeb32f57cf9985666b28e49dff88f4c7152754d8	Mollusca%Gastropoda%Neogastropoda%Muricidae%NA%NA	7
aca61e22e0b66dd5504e5bbe065c05dbe87192b4	NA%NA%NA%NA%NA%NA	10
c2fcabf98f9d387c625ab860ab41a6402bc78add	Bacillariophyta%Bacillariophyceae%Naviculales%NA%NA%NA	10
c5a248db11d1e8d4a4363d5fdce20e26c3e75997	NA%NA%NA%NA%NA%NA	10
c81dd581f79f150917799393c226c52cc4244163	NA%NA%NA%NA%NA%NA	10
d186b52ed006b818b750496ddab99697a96586de	Ascomycota%Sordariomycetes%Glomerellales%NA%NA%NA	10
ab66a44885066dfbc89c63c19cd87cf8f9c3588e	NA%NA%NA%NA%NA%NA	10
d0651865ade373224c68ca1c15dfbe1d2d90b788	NA%NA%NA%NA%NA%NA	10
d0a6bd438d8d6c1843fef2a229cf61628537e555	NA%NA%NA%NA%NA%NA	10
d0de4533449d65fe53e123c874579ee2f64ad8da	Annelida%Clitellata%Tubificida%NA%NA%NA	10
d1248a3e7d5fe42154cda6f76e22c5585837e748	NA%NA%NA%NA%NA%NA	10
d95fedf290c06584a23202649d814818b220eb41	NA%NA%NA%NA%NA%NA	10
2a40a2338e13e9cc6cc62b470b81753fa9da7bc9	NA%NA%NA%NA%NA%NA	10
2721fc755229312a7ad68f5e9a14cfe9a2437f2b	NA%Dinophyceae%NA%NA%NA%NA	10
2320cdf85c61ba4f37df04347e53bda9ad02509d	NA%NA%NA%NA%NA%NA	10
2a4b0df75ee42a026e9af0d0290c84ff7ed995ca	NA%NA%NA%NA%NA%NA	10
2315b3fb6b825a511a9ab913f3203a09c5b0fa88	Bacillariophyta%Bacillariophyceae%Naviculales%NA%NA%NA	10
23171079f508b269758d94c901b3c44b224cdcd4	NA%NA%NA%NA%NA%NA	10
2b7cfe0e8863c5a9a8060fef5542850c95cdfd99	NA%NA%NA%NA%NA%NA	10
24035cd60821ff427db9b72f13419594cc94fb11	NA%NA%NA%NA%NA%NA	10
20c20bc7a87d17612bd4ab8be70b0f5855d4b711	NA%NA%NA%NA%NA%NA	10
21276d876a90235e2b45ed64c98f0176f52142bf	NA%NA%NA%NA%NA%NA	10
21e61d863098f79c938a540c084444de09039c95	Bacillariophyta%Bacillariophyceae%Naviculales%NA%NA%NA	10
2d33bad170d2ade4ee81ed90267ef44ec220f451	NA%NA%NA%NA%NA%NA	10
39b2f6df134f4fca7290c301cc2fb24ea93ef612	NA%NA%NA%NA%NA%NA	10
342d5298bb645a360be5b505cde2fe748211e010	NA%NA%NA%NA%NA%NA	10
330b6dff2a973fe71974a0ac7139d27f7fe8d26e	Bacillariophyta%Bacillariophyceae%Naviculales%NA%NA%NA	10
0a5889b1c48371c2e5557b6b91ff63951daf601d	Basidiomycota%Agaricomycetes%Agaricales%Clitocybaceae%Collybia%Collybia nuda	2
0b0e3037b554b5e376d5e6109f144118b6c5a92c	NA%NA%NA%NA%NA%NA	10
085d077d9f2b3391711e16815695418198a4b29e	Bacillariophyta%Bacillariophyceae%Naviculales%NA%NA%NA	10
0404fe51b07947e843ff3a90dc11867c0a6c6fe8	NA%NA%NA%NA%NA%NA	10
04799213b6b8c57d16aec4ae40519a7457a5a48e	Arthropoda%Insecta%NA%NA%NA%NA	10
06520071d87e12562d1963fa6ce8bfcbd563cb59	NA%NA%NA%NA%NA%NA	10
027811768e80bb421999c7569e8dc196425f456c	NA%NA%NA%NA%NA%NA	10
00eeb023b8744f370ddccb22de832759126287e7	NA%NA%NA%NA%NA%NA	10
00ba57c922c701c71bbe9eb1f3880a956a4cdc1e	NA%NA%NA%NA%NA%NA	10
0d0b0ae73a8205a414b1c19daeb8abf64470aab1	NA%NA%NA%NA%NA%NA	10
1fb54c0b5f99b3aba3eef3f5c7ddfa4d8d7087f7	Ascomycota%Eurotiomycetes%Eurotiales%NA%NA%NA	10
1a1af885b275870178e6d2a1c19cd876dab911dc	Porifera%Demospongiae%Tetractinellida%Theneidae%Thenea%NA	5
100f13e60c5f1fdfbedd608c0b0f6f913a0c793b	NA%NA%NA%NA%NA%NA	10
7429c90ed10d2fbb258e70e0fe8532467fb761ab	NA%NA%NA%NA%NA%NA	10
752182592d742050b154d78231479e6bae532ba8	NA%NA%NA%NA%NA%NA	10
4873ce8f9dad941253193edf1ab3b7c6d5fccb5e	Arthropoda%Insecta%Diptera%NA%NA%NA	10
42b3b8a50f81cd84f5cd42600b70a663ef66cb2a	Arthropoda%Insecta%NA%NA%NA%NA	10
43305886042070c151593c82ac9f18472219e4b9	Bacillariophyta%Bacillariophyceae%Naviculales%NA%NA%NA	10
43aec492c9c16ba786da9b8107600e2b631b6484	Bacillariophyta%Bacillariophyceae%Naviculales%Sellaphoraceae%Sellaphora%NA	3
43d7a7c551377f33aa77f7733bc6f6988264fa38	Bacillariophyta%Bacillariophyceae%Naviculales%Sellaphoraceae%Sellaphora%NA	10
4415285708b8650fbd960804388b68732b6ccacb	NA%NA%NA%NA%NA%NA	10
4490fc0b318ad20b128168aa2b4db53a538819b3	NA%NA%NA%NA%NA%NA	10
45f6eb2a54cff5f5c23ecb811a7d3e4f17814bc8	Arthropoda%Insecta%Hemiptera%Aphididae%Essigella%Essigella knowltoni	1
46ba53976f56fcac796e17e1437b2660001960a5	NA%NA%NA%NA%NA%NA	10
778668b9e1f8df76b58ed5b1a345b4a140356d37	NA%NA%NA%NA%NA%NA	10
7934da98e91efa2594273246c2d2f1375d14af6e	NA%NA%NA%NA%NA%NA	10
5a971e8fa34428c568de624dc206089e2f86e9c5	NA%NA%NA%NA%NA%NA	10
5a2e22d522b9113f0a42a599ccc7e1ce26a5185f	NA%NA%NA%NA%NA%NA	10
585d784b8b252f2f2bb94932cf41aa4497e5ed1e	NA%NA%NA%NA%NA%NA	10
583d602df77677e9be5c529e56a630059a7e9db9	NA%NA%NA%NA%NA%NA	10
53b8c89259a4dd8e46545fcea714354ca8e0acf4	NA%NA%NA%NA%NA%NA	10
54303540b42f58a2960924ebfd2274dd5a0f0723	NA%NA%NA%NA%NA%NA	10
52c5abbf1fad57e6c33718bc0a42ef0244c363c8	NA%NA%NA%NA%NA%NA	10
503a2842038ac8531c15bf3eb75ea654151d4b17	Oomycota%NA%NA%NA%NA%NA	10
3f2a6f137dc72eb6106e4873d31e9d0c531239e3	Bacillariophyta%Bacillariophyceae%Naviculales%NA%NA%NA	10
68270832f496f96924ce2da73b47fd42c192b75c	Ascomycota%Eurotiomycetes%Eurotiales%Aspergillaceae%Aspergillus%NA	10
68775c22baaafae7a61e02811d5e1b192ec6f1f7	NA%NA%NA%NA%NA%NA	10
65aa71cfd23f204ad6f79217984e482ec476ef9a	NA%NA%NA%NA%NA%NA	10
6680e7d7d5d168c0237084f69d0b8f4ab01d5208	NA%NA%NA%NA%NA%NA	10
661dd2b07b9fddbb978300acaae920fc8e66352e	NA%NA%NA%NA%NA%NA	10
618d3dc8627a6877f1622b0386d8a7ab55763534	Arthropoda%NA%NA%NA%NA%NA	10
6a3fa81e9f2de488cf17ec1c54a349f6625700dd	Ciliophora%Heterotrichea%Heterotrichida%Spirostomidae%Spirostomum%NA	3
6b5ff023747e07d7f3a0fb5fc5d6ec5e5871e5fe	NA%NA%NA%NA%NA%NA	10
6bea6dd0c2e11d3d0c07f41b744755b0604c45e1	NA%NA%NA%NA%NA%NA	10
6dd855b5468d0e7f93dd04e208f87fb9d7701d08	NA%NA%NA%NA%NA%NA	10
68e4118feb6b94aa5a859b67ec43d471836efc57	NA%NA%NA%NA%NA%NA	10
7293f1f792242623cde0f9c990d63800e1a1536e	Porifera%Demospongiae%Spongillida%Spongillidae%Spongilla%Spongilla manconiae	1
e29ec8513d10c71e7cd7dfd6ffa4085287861bfe	NA%NA%NA%NA%NA%NA	10
439c88facba79a6981fbeabce7961d3808b78833	Porifera%Demospongiae%NA%NA%NA%NA	10
5c3003db77f0dfa6317f4f774a237174c5485fc7	Porifera%Demospongiae%Spongillida%Spongillidae%Ephydatia%NA	4
8212a43607d7bc0cf43aaa513b870713f8f4f5a7	NA%NA%NA%NA%NA%NA	10
f5b973ac2dc19f9b373b40308ff72c1dc686f9d8	Chordata%Actinopteri%Cyprinodontiformes%NA%NA%NA	10
f7f97a73011f6f2e1a9e295bbed48f8d2f120364	Porifera%Demospongiae%NA%NA%NA%NA	10
644f7c0311f7dae8ffee803eefa575be2f005710	NA%Phaeophyceae%Scytothamnales%NA%Stereocladon%Stereocladon rugulosus	1
737433d26525c63fc025e8ed0ef8014d212d603b	Arthropoda%Malacostraca%Decapoda%NA%NA%NA	10
4fc7780e5348df4e94268442ea291de35314bba8	NA%NA%NA%NA%NA%NA	10
23fff0253d252c2ee43b11ac1307063d01ecb2a5	NA%Dinophyceae%NA%NA%NA%NA	10
0d6bce4bbfa33f92cbe9bbdfc112c416a8d3b70f	NA%NA%NA%NA%NA%NA	10
094d5abc5b3b8714ec5c7e881d278c9df5548763	Chordata%Mammalia%Primates%Hominidae%Homo%Homo sapiens	1
a5c71375da3c25b35838f83db57081c4761e35cd	Porifera%Demospongiae%NA%NA%NA%NA	10
48c03acb5d032c92eeaf93289dce5b61a870be81	NA%NA%NA%NA%NA%NA	10
bea594f364b439b656223a611ce3729255ac48ee	NA%NA%NA%NA%NA%NA	10
5ec2ba7521213edde4d2bd0f448f1a4c6b80c0b6	Porifera%Demospongiae%NA%NA%NA%NA	10
c765649755d3eab7225aca8f433715979979f51f	Porifera%Demospongiae%NA%NA%NA%NA	10
33c824e0435281f5dcbd61277b5e9cc4dc35d302	NA%NA%NA%NA%NA%NA	10
3e880061b67ea43d557f87acc390d947bc2883fc	Oomycota%NA%Peronosporales%Peronosporaceae%NA%NA	7
2c47464cd68a4abc4ec1f86b56a8262a0ffaf0c9	Chordata%Actinopteri%Cichliformes%Cichlidae%Amatitlania%Amatitlania nigrofasciata	1
791a69ba3ef85138295460bdcc1d92c24e1dc1e6	NA%NA%NA%NA%NA%NA	10
a9e584e880890c526e9b849d2ba094538faae2ca	NA%NA%NA%NA%NA%NA	10
244b592413b3b979f8d791d088b363f7ba2a5d61	Chordata%Actinopteri%Cyprinodontiformes%Poeciliidae%Poecilia%NA	3
827d1793a0b6809dcdafa0287a5edecd98271a6c	Chordata%Actinopteri%Cichliformes%Cichlidae%Amphilophus%NA	4
6ad69422580ec3d9a58e53241e033c91db92c18b	NA%NA%NA%NA%NA%NA	10
24ad5e36fe412fead19758d3d0d9c54540025d8c	Porifera%Demospongiae%Spongillida%Spongillidae%Spongilla%Spongilla manconiae	2
256f4365f39408ef09e895512bd81805ff0961ea	Chordata%Mammalia%Primates%Hominidae%Homo%Homo sapiens	1
03457a469fc3cf4107a3a19f781b6e14fb0cb3dd	NA%NA%NA%NA%NA%NA	10
803905f04b0ca904874dfc3c60b98e23759f6a23	NA%NA%NA%NA%NA%NA	10
380ee91ae39f40d2b1cad577e37ad2370884ccec	NA%NA%NA%NA%NA%NA	10
830734ce474d1c8dd9f40918c8d4a1991a9c80ea	NA%NA%NA%NA%NA%NA	10
4ecb4bb31289bf9887d7d4364ea733876586d736	NA%NA%NA%NA%NA%NA	10
8db5b5b3432dbadc8207cc55281cb5c2667901e5	NA%NA%NA%NA%NA%NA	10
a3d615d7ca1b11d4b7d9b8af423a2a9d64565fea	NA%NA%NA%NA%NA%NA	10
7e24b2a08dd9ece39a5dbc76ac1ecb96abe34a5e	NA%NA%NA%NA%NA%NA	10
1c67ab6a8ee32f39bda0693dd613923bb3f1b6a6	NA%NA%NA%NA%NA%NA	10
2bf8df144072d105d51b9f0afa7f4a89d1a08070	Mollusca%Gastropoda%Littorinimorpha%Rissoidae%Pusillina%Pusillina inconspicua	1
804197938027fc1ecfc93de3f32adf6da3eac7d0	NA%NA%NA%NA%NA%NA	10
57ac65273560a8cf7275d91fe17c0275f2bfee6c	NA%NA%NA%NA%NA%NA	10
f237df0395ef66ba57e4dc0a2a2dbe551f06845f	NA%NA%NA%NA%NA%NA	10
5b704243c40abaec20de554ed2ef3b337d05f279	NA%NA%NA%NA%NA%NA	10
d3f2c60d0e4141f9f87eead076c8d5e025069231	NA%NA%NA%NA%NA%NA	10
b5345ec93a9a6eabcf38bf4eac062b7cef2b48a8	Arthropoda%Malacostraca%Decapoda%Pandalidae%Plesionika%NA	10
21c2036ab4151015ae6f19620da42a47d4e30fc3	NA%NA%NA%NA%NA%NA	10
3c103dfc5d38d92e60803162f9fa6b654714e74b	NA%NA%NA%NA%NA%NA	10
e711a1f8abc96c7079fd490f330035ce6911540b	NA%NA%NA%NA%NA%NA	10
1ccae08472bd2115594a34014687bd38e7f0a52f	Oomycota%NA%NA%NA%NA%NA	10
9a36a9f0ab44e93b272a1a24c0aed6da527b0894	Oomycota%NA%NA%NA%NA%NA	10
1df77bb417cdddc77f0b12a45ea4b51683fbcf44	NA%NA%NA%NA%NA%NA	10
3f8ce93fa21f67bd12ac78524d53b23d5b4933db	NA%Dinophyceae%NA%NA%NA%NA	10
3948c1e91ef8665ad8804768f7f5f5e3d5bbb6d9	Mollusca%Cephalopoda%Octopoda%Octopodidae%Eledone%Eledone cirrhosa	1
5c5ae6a32c0e3a070c141b368d8c957dfa2848a7	NA%NA%NA%NA%NA%NA	10
b925053d0514c2d526503deffa5e4b242d669c95	NA%NA%NA%NA%NA%NA	10
d92b39e56a7855f6cb9969df49976acd0ca0eb09	NA%NA%NA%NA%NA%NA	10
e975f461b7b2f7296d2f0ac0ab3aeeae45d5f12b	NA%NA%NA%NA%NA%NA	10
f7c5c8f64a85ed0a0a55415606524d064e1369eb	Chordata%Actinopteri%Cyprinodontiformes%NA%NA%NA	10
f853837f677ed298bc9cc575ae7891020cd6cf78	NA%NA%NA%NA%NA%NA	10
0ef0166a0358758951d1a9eea331d5164b1312b8	Chordata%Actinopteri%Perciformes%Trachinidae%Trachinus%Trachinus draco	1
0b003e495d6cea141b47efd9ba5965a3fa6fec72	NA%Dinophyceae%Prorocentrales%Prorocentraceae%Prorocentrum%NA	3
027dc0865d3782079cac96711a308b774818f519	NA%NA%NA%NA%NA%NA	10
1e8befcf1246ef1c6e0d5547feb3e434a8f928d7	NA%NA%NA%NA%NA%NA	10
15b397f870eddef95c3d5786d589044464d780df	NA%NA%NA%NA%NA%NA	10
d3f002d04ae03a3e1b78b19058cd2f209df5f409	Chordata%Chondrichthyes%Chimaeriformes%Chimaeridae%Chimaera%Chimaera monstrosa	1
6258a071081b7dc9c0c4970000869760f4aead45	Oomycota%NA%NA%NA%NA%NA	10
412794b51c6bd2626a0a52452f360b89b540497c	NA%NA%NA%NA%NA%NA	10
03db4b8f9afc2c1ea6327f6dbfaf9e4318aae957	NA%NA%NA%NA%NA%NA	10
0b8664bf473e9fff1a39f7d09002bdb5ba4bad11	NA%NA%NA%NA%NA%NA	10
e008d817eec660f9a0bfc374e5a61e0843d3f271	NA%NA%NA%NA%NA%NA	10
66f757ce687eebd5b117133e785848cc72b48f52	Chordata%Thaliacea%Salpida%Salpidae%Thalia%Thalia democratica	1
0075a64debb90eb4867297d9c819f3dac07451b6	Cnidaria%Hydrozoa%Siphonophorae%Agalmatidae%Agalma%Agalma elegans	1
c4ca4e3c86692f71a1668df5ffc80180c521ba58	NA%NA%NA%NA%NA%NA	10
9a6cd381f0fdf73c2e11ff4bcb2f98f263d922f7	Arthropoda%Hexanauplia%Calanoida%Calanidae%Ctenocalanus%Ctenocalanus vanus	1
a05f3b1fe03e93826b71d30b18fc003f824b2aea	NA%NA%NA%NA%NA%NA	10
cd38c4384b0cf6d3c6aa69fc9ea16d5f87d64506	Mollusca%Gastropoda%Pteropoda%Cavoliniidae%Cavolinia%Cavolinia inflexa	2
a7d7e5e83c9dc1fbe52d20c627e41f87a44db7a8	Chordata%Thaliacea%Salpida%Salpidae%Thalia%Thalia democratica	1
42e69b0896cdd99e8c4afd4db4047fb3bb2ee768	Cnidaria%Hydrozoa%Trachymedusae%Rhopalonematidae%Rhopalonema%Rhopalonema velatum	1
293a0235f82a48b9f74bb5eb02a3c08df60498e4	Arthropoda%Hexanauplia%Calanoida%Heterorhabdidae%Heterorhabdus%Heterorhabdus papilliger	1
0522e99b52432a11c5147645d33c2f65e6c55eb7	NA%NA%NA%NA%NA%NA	10
ca6377c1805d4d94784b091e3eebeb77f9d1f809	Echinodermata%Echinoidea%Spatangoida%Brissidae%Brissopsis%Brissopsis lyrifera	1
334e4145fef11c8ec699ef391a0a912494487e58	NA%NA%NA%NA%NA%NA	10
1b75c32d3af4ecf5791363105263f3586e6ace57	Arthropoda%Malacostraca%Decapoda%Sergestidae%Eusergestes%Eusergestes arcticus	1
d2b1d8fec556f8e1490de830e7f7dd69935a1847	Cnidaria%Anthozoa%Penicillaria (in: tube anenomes)%Arachnactidae%Isarachnanthus%Isarachnanthus nocturnus	2
817d27e3d48bae6a3d3ee0ac9f581bbce912252e	Cnidaria%Hydrozoa%Siphonophorae%Agalmatidae%Agalma%Agalma elegans	1
f9030f70ea03a79f3b17cd7b8958858cb260db43	NA%NA%NA%NA%NA%NA	10
b73e786610d737dbb33e67c5e315b60569ca48b9	Chordata%Thaliacea%Salpida%Salpidae%Thalia%NA	3
0558415c2228b0d201198324cc44e15bed9aa9da	Arthropoda%Hexanauplia%Calanoida%Metridinidae%Pleuromamma%NA	3
95008043e2cc58afe072d10529428a2a387b140a	NA%NA%NA%NA%NA%NA	10
442fe7917aa36c4042ce6477650e55e7d2ad338b	Cnidaria%Hydrozoa%Siphonophorae%Agalmatidae%Agalma%Agalma elegans	2
f079003fbead147d74f8e398e44e8507ada00589	NA%NA%NA%NA%NA%NA	10
a577356bad623a152b7adbe35b0309f63177c25d	Chordata%NA%NA%NA%NA%NA	10
0b5cc38971a16ec1dbd655bb2abfc5ae3a02b8e8	NA%NA%NA%NA%NA%NA	10
0c282eb564fe23cd9b13ed7291323c028b815e30	Cnidaria%Hydrozoa%Siphonophorae%Agalmatidae%Agalma%Agalma elegans	2
8e9ba7746180078fdbe3d1d82fe22342253195e1	NA%Dinophyceae%NA%NA%NA%NA	10
f22d696921446d7cb8866bfb81403372e3bca699	NA%NA%NA%NA%NA%NA	10
1d2dee5ea394547ae1de7ee4c6fda7bfea50b9cd	Arthropoda%Hexanauplia%Calanoida%Metridinidae%Pleuromamma%Pleuromamma gracilis	1
8936ce33c2e621f9e314aa9d01bc6b0705faae2c	NA%NA%NA%NA%NA%NA	10
35fb61b2ed716b67a2a26551eea3ce663053e283	NA%NA%NA%NA%NA%NA	10
9203a86174b1b48faa1e58146b60bf69e9e3c15c	Chordata%Actinopteri%Cichliformes%Cichlidae%Amatitlania%Amatitlania nigrofasciata	1
bc50891953766e2e2e6cc248b5f4378f85989fd8	Arthropoda%NA%NA%NA%NA%NA	10
0caac96005a1ac33ce77ef59619ef562ffc7d337	Arthropoda%Hexanauplia%Calanoida%Metridinidae%Metridia%Metridia lucens	1
6845494c2c6c528afe4685afc4ee7b10c95026be	NA%NA%NA%NA%NA%NA	10
2efa88c197ef55310e43aec0c241410bee043a7e	Arthropoda%Insecta%NA%NA%NA%NA	10
7c21086bf051c3dbb94948e6f3b97bf007108e16	Chordata%Mammalia%Primates%Hominidae%Homo%Homo sapiens	1
1e17de97651b79a9596c77e126534e7e073e91a9	Arthropoda%Arachnida%Araneae%Linyphiidae%Agyneta%Agyneta mossica	1
2f22c531a49123077ec7c54d77212fc7729f7710	NA%NA%NA%NA%NA%NA	10
72d6cc6b6f6bb362646a0db0fd96951ef8313c37	NA%NA%NA%NA%NA%NA	10
cac71340dbe190ab8048cfb60f10f588923964c6	Arthropoda%Ostracoda%Halocyprida%NA%NA%NA	10
eb1bc67e4b66100b70171167440a980b6059fd9d	Chordata%NA%NA%NA%NA%NA	10
2c9f5be78f51bac6b4b12c9b1a7b63e723b56a39	NA%NA%NA%NA%NA%NA	10
275ee4d66b46202a06f9716e6d8e672d29af8551	NA%NA%NA%NA%NA%NA	10
15b4531844735e7ec7432e9bccc185738d45d6b4	Arthropoda%Hexanauplia%Poecilostomatoida%Sapphirinidae%Sapphirina%Sapphirina angusta	1
877b78f99e3ee945cb3633cb001d2df720c7f392	NA%NA%NA%NA%NA%NA	10
88b94937cb9ca6ea963a966af3b00147738d7570	NA%NA%NA%NA%NA%NA	10
62b2c022b4aa52869eb9c76c2bc37f5060bbe57c	Cnidaria%Hydrozoa%Siphonophorae%Agalmatidae%Nanomia%Nanomia bijuga	2
a0b9e41566bcdd5b7d1bd6bff94a63e4002a217b	NA%NA%NA%NA%NA%NA	10
97b336b2cc6af94bee5aafa405683e2122578456	NA%NA%NA%NA%NA%NA	10
9816358799fdf0256a8f1c866d27ba3eac09ca32	NA%NA%NA%NA%NA%NA	10
9aef33d0efab372759665e503264f6e5bacb42f5	Arthropoda%Hexanauplia%Calanoida%Metridinidae%Pleuromamma%Pleuromamma gracilis	1
9fe094deba5e1967b4c6cd486b4469d359c9d1f6	NA%NA%NA%NA%NA%NA	10
a2e68dada87484616b3dffa74f375b0c3f46ed49	Porifera%Demospongiae%NA%NA%NA%NA	10
d78415d7e1ee45e36e2f8cf8f35c9ee4cbc0fb08	NA%NA%NA%NA%NA%NA	10
8b31c92bd12242d7cba8e04bfd39d9b2f09a5ba5	Arthropoda%Insecta%Lepidoptera%NA%NA%NA	10
8bef0ee841b4b69598827f4121618023277717ea	NA%NA%NA%NA%NA%NA	10
e4f43b392a36310d8fedab4f9606aa49bee6cc00	Echinodermata%Echinoidea%Spatangoida%Loveniidae%Echinocardium%Echinocardium flavescens	1
e1e45b76a9823641b0e82523cfa68e4eca59c227	NA%NA%NA%NA%NA%NA	10
e233a1ca9caa6c60dafba3990ad2c57953fe7fbe	Arthropoda%NA%NA%NA%NA%NA	10
f02f146ba4dccad5716b00e03c041dc170ddad50	Arthropoda%Hexanauplia%Calanoida%Clausocalanidae%Clausocalanus%Clausocalanus pergens	1
bef35f3f16eb7a9b3842b6ef3c5b5b79cb760386	NA%NA%NA%NA%NA%NA	10
bf147f66e2ec6de9b15f01f40d5a82953d5ac347	NA%NA%NA%NA%NA%NA	10
b29fe4cd22f1f5d92af9f90b613a6172ac50af91	NA%NA%NA%NA%NA%NA	10
c66c0b6de3e0aad6daafc2f61a64ea4cf419a905	NA%NA%NA%NA%NA%NA	10
ce603d706e02b5a7c009dae9430fc3617e93dd68	NA%NA%NA%NA%NA%NA	10
19236fde261c06b2ab1d91e56a9a3a5166f47228	NA%NA%NA%NA%NA%NA	10
2a936d71e188e2a22f699ca1193ea954159d1e1a	Cnidaria%Anthozoa%Scleractinia%NA%NA%NA	10
275935c4cabd10437f642d7914aaa588ba5242f4	NA%NA%NA%NA%NA%NA	10
4cc24dd7c3595093258a0e5632868fb82dd47c58	NA%NA%NA%NA%NA%NA	10
2a6707d1ba8e2ad740a6f63015cde831d8bef01f	NA%NA%NA%NA%NA%NA	10
30e788d2545a5cadc70cff8303f0b461efbc5f49	NA%Dinophyceae%Gymnodiniales%Kareniaceae%NA%NA	8
3a6e5ae7ebe22546883a3d17777f0e3309e2bbcb	NA%NA%NA%NA%NA%NA	10
3f77fe752d9182013cbc4f0489abc99498cb3775	Arthropoda%NA%NA%NA%NA%NA	10
07ddcd67687e4f23c75958053cad1d0eef51a8d6	Oomycota%NA%NA%NA%NA%NA	10
07220892bc2a2feee8b7b7c979f58e4505063744	NA%NA%NA%NA%NA%NA	10
7e0391b28813ff12cddbe50a34ba69665e07be96	NA%NA%NA%NA%NA%NA	10
7c87e43bd4dab7ee6c6facef06ccc1b3a7dad839	Arthropoda%Hexanauplia%Calanoida%Calanidae%Mesocalanus%Mesocalanus tenuicornis	1
7717fe9bff1151db4757de951b9151e8eb4781d4	Arthropoda%NA%NA%NA%NA%NA	10
788c176ee1dfd9f78c4df193990b38dc6f5fe19b	NA%NA%NA%NA%NA%NA	10
7246a8dd6d385bf3792b084dbd1dd074a4d157a9	NA%NA%NA%NA%NA%NA	10
73ca5c451b3676023363193d5274fdd78798f170	NA%NA%NA%NA%NA%NA	10
5a5b00761bab251030027f338a9c54315e54f98d	NA%NA%NA%NA%NA%NA	10
6fa52eda1f9a502a4624ae6373ea264e511bdfab	NA%NA%NA%NA%NA%NA	10
6ad4963c2d86219b79338feffe701f49cfa3ed55	NA%NA%NA%NA%NA%NA	10
fc783950fa70048ef0097950d0f36e4231e2792b	Echinodermata%Echinoidea%Spatangoida%Spatangidae%Spatangus%NA	3
12095b6ae56039359dfec938df7aa21436fcf772	Chordata%Actinopteri%Gadiformes%Gadidae%Gadiculus%Gadiculus argenteus	1
ff5616e7bdcf1d4fdae30e4df8379474b98f80e4	Chordata%Actinopteri%Pleuronectiformes%Scophthalmidae%Lepidorhombus%Lepidorhombus boscii	1
f3f3b126d6414da07b87fea3b5303bc656e3e1fd	Chordata%NA%NA%NA%NA%NA	10
2c9246cbae173af21792403d243c9dad5c0027bc	Cnidaria%Hydrozoa%Anthoathecata%Bougainvilliidae%Lizzia%Lizzia blondina	2
982cca9719e01804538ae672c5fd9d801be6b872	Echinodermata%Echinoidea%Camarodonta%Echinidae%NA%NA	7
aff6dec8f4ad4145f82dcfc55780c098385552bf	Porifera%Demospongiae%Tetractinellida%Theneidae%Thenea%NA	5
d507f12a210f4455791384143acccd2dc88c6886	Chordata%NA%NA%NA%NA%NA	10
05e81530f881baa469cc8e35923a86e49f719ce9	Mollusca%Gastropoda%Stylommatophora%Helicidae%Eremina%Eremina duroi	1
cc041a4cc393e6f7be24843b7091fa71f2404756	Chordata%Actinopteri%Perciformes%Triglidae%Eutrigla%Eutrigla gurnardus	1
a855f4f9756cfcd2776b9a726215bf00efbf4ea2	Porifera%Demospongiae%NA%NA%NA%NA	10
ac85bc1b84e7711712322f8eb8b0e613145958d1	NA%NA%NA%NA%NA%NA	10
c24418a7eb604fce3470045d79574eb8799449b3	Echinodermata%Echinoidea%Camarodonta%Echinidae%NA%NA	7
b5d5e052c0c0676904dc402bae853802ac2443a9	NA%NA%NA%NA%NA%NA	10
b195f81f50a9b9913d3a2134db681b3f22ef682c	NA%NA%NA%NA%NA%NA	10
8ffb5ed9cc4b7e03420bc3464b7aff76178412d2	NA%NA%NA%NA%NA%NA	10
81881449f02f3f71fdb3a5517a22ee5a1ac60e13	NA%NA%NA%NA%NA%NA	10
6f7597303fc85fa72314caf730487f731d5b2e21	Mollusca%Gastropoda%Stylommatophora%Helicidae%Eremina%Eremina duroi	1
67f5bf7e95ad561087e07bb91843641cbc3c26f1	NA%NA%NA%NA%NA%NA	10
0a6d305469003a35f3d4ca42af97436fead31d7d	NA%NA%NA%NA%NA%NA	10
9bf03956d28cc083d06b099f20c8b78f0ee7831f	NA%NA%NA%NA%NA%NA	10
9e1315e4a3fa199d00b2d3b4308e3693a723bf91	Porifera%Demospongiae%NA%NA%NA%NA	10
37c1b53e8eeec68fee04b2374836b26e4e1c3b7c	NA%NA%NA%NA%NA%NA	10
2d49289c0fd872d1bec53ab684042db5e5b5387c	NA%NA%NA%NA%NA%NA	10
d22e0275034c99f1dc6260695e7fe3efc9e6b445	NA%NA%NA%NA%NA%NA	10
1b05b5ed1cb360b825d77e31036593872322ba86	Chordata%Actinopteri%Cichliformes%Cichlidae%Amphilophus%NA	4
f67a3fc55c63d1eb5ca6da2f77b839e7fd710f4a	Arthropoda%Branchiopoda%Diplostraca%Sididae%Penilia%Penilia avirostris	1
3286c5a6d453c0c96ca4e320aa6df695cbef092d	Chordata%Actinopteri%NA%NA%NA%NA	10
51b5b412ba1d380f6320b1736fd36108080129d1	Arthropoda%Hexanauplia%Calanoida%Temoridae%Temora%Temora stylifera	1
56124795cec8a51f08eef08d0191936d6a84944e	Arthropoda%Malacostraca%Decapoda%Alpheidae%Athanas%Athanas nitescens	1
83d0602edd3b0c21ef18d043b5102a0ed0e52bc5	Arthropoda%Hexanauplia%Poecilostomatoida%Oncaeidae%Oncaea%Oncaea waldemari	1
ce3980b004731a752337fc4e422dc5e1ab28dbd5	Mollusca%Gastropoda%Neogastropoda%Nassariidae%NA%NA	7
4abd840ab3b610905ab8a4ae10eec965e38c3e18	Arthropoda%Malacostraca%Decapoda%Pilumnidae%Pilumnus%Pilumnus hirtellus	1
208c6aa9c59afdb3770724f6efffc8f1d770095b	Arthropoda%Malacostraca%Decapoda%Varunidae%Hemigrapsus%NA	3
b14f3c7ac064666ebc595ed04840b9449de244e3	Arthropoda%Hexanauplia%Calanoida%Temoridae%Temora%Temora stylifera	1
13a76453345489959ef5f1d6cd466137430e50af	Echinodermata%Ophiuroidea%Amphilepidida%NA%NA%NA	10
0f3a89af2e4bc23e6cbbb268b54e951ddd774fe0	NA%NA%NA%NA%NA%NA	10
fdc481c752266fc8ffa943f2212316c41dc3797d	NA%NA%NA%NA%NA%NA	10
abba9cab93462fd061db7c9d812240a3a131a05e	NA%NA%NA%NA%NA%NA	10
47c91662de81d7a67bc00a7c53771c70f332d813	NA%NA%NA%NA%NA%NA	10
af7d87d337cc406b4f561f6a3c32e5090dbe7946	Chordata%Actinopteri%NA%NA%NA%NA	10
ad4054f7a23bfc0ddb76309b90e9414977b86d92	NA%NA%NA%NA%NA%NA	10
7339c6dad7145f4ef257d17687dff365bfeec0a1	Chordata%Actinopteri%Clupeiformes%Engraulidae%Engraulis%Engraulis encrasicolus	1
f50e6cd8cd29f411d28d40459f6077af255006fb	Cnidaria%Hydrozoa%Leptothecata%Obeliidae%Obelia%Obelia geniculata	1
c46e992559075b8758af2556e19c002a5deeab90	Cnidaria%Hydrozoa%Anthoathecata%Bougainvilliidae%Lizzia%Lizzia blondina	1
6f4156bd7aff0a506cd570c6eeaa404fef06bb90	Chordata%Actinopteri%Pleuronectiformes%Scophthalmidae%Lepidorhombus%Lepidorhombus boscii	1
71d739fdd1b84af96f2463499ec943315bb343e2	Rhodophyta%Florideophyceae%Bonnemaisoniales%Bonnemaisoniaceae%Asparagopsis%Asparagopsis armata	1
b4b22afe4d8947b9aad719a3ce12f752e0f0d173	NA%NA%NA%NA%NA%NA	10
f1d6b0f95dc86a873c42938b084ac4e6cf5fb919	NA%NA%NA%NA%NA%NA	10
ac8090c3432959a90ace53e1967798a768472cb1	Rhodophyta%Florideophyceae%Gelidiales%Gelidiaceae%Gelidium%Gelidium corneum	1
16894c3fc89a7b49d7af79a031501630e67c2c68	Arthropoda%Branchiopoda%Diplostraca%Podonidae%Podon%Podon intermedius	1
f6a47b2c1a63ee51a71f7317ba6f195364ab254f	Arthropoda%Hexanauplia%Calanoida%Temoridae%Temora%Temora stylifera	1
e6bbb7bfd12a1fe8a53bd24c5f60a4d73a2a598a	Arthropoda%Hexanauplia%Calanoida%Paracalanidae%Paracalanus%NA	3
a12ff8ea2c7e46a19ee641ad2c7750cdae8195f0	Chordata%Actinopteri%Clupeiformes%Clupeidae%Sardina%Sardina pilchardus	1
56cc66fd54168b0ec1cb1b64649063918254ec6b	Mollusca%Gastropoda%Neogastropoda%Nassariidae%NA%NA	7
3af67676250f97464af6f045562813ba23ef0e53	Cnidaria%Hydrozoa%Leptothecata%Clytiidae%Clytia%Clytia hemisphaerica	1
1f119404a79e3f604279c7fcdbe9d48ba46c2cc4	NA%NA%NA%NA%NA%NA	10
9b511c24eb8b62fc709d4f882325bd2995521b1a	Arthropoda%Insecta%Coleoptera%Latridiidae%Corticarina%NA	3
a251594c3e19eed164be6a7cc80a240d126583a1	NA%NA%NA%NA%NA%NA	10
a1a6f74f3f7a056764736babc060c6eecd70faac	NA%NA%NA%NA%NA%NA	10
125414dd33528a70f280fa8d1cefa3bf141ba072	NA%NA%NA%NA%NA%NA	10
d9148e533e4c78507c677eb1ce51af49f747de54	NA%NA%NA%NA%NA%NA	10
d7713548b8f0547eb9625f894dbf7931b010f341	NA%NA%NA%NA%NA%NA	10
263b76713303a6f1171c22e36d77d68cc5e7c6a5	Arthropoda%Hexanauplia%Calanoida%Centropagidae%Centropages%NA	3
bee936501bffa0409eec4a4da0a745956f3a612d	Echinodermata%Holothuroidea%Aspidochirotida%Holothuriidae%Holothuria%Holothuria forskali	1
c3855f12f237b1259abae7d7dd274903edfa19bb	NA%NA%NA%NA%NA%NA	10
ac801ea3ae03b2cfbd69441ec11e7ab99fb2ce93	NA%NA%NA%NA%NA%NA	10
88003ec3ba3181261dd06851aee9a1d93ef84bca	NA%NA%NA%NA%NA%NA	10
60eda2bed858ee09a99365d23380df0cd23231c0	NA%Dinophyceae%Peridiniales%Heterocapsaceae%Heterocapsa%Heterocapsa triquetra	1
3e6d7e0e7bdcf98c6aadc730cc4e9da17a1031dd	Arthropoda%Malacostraca%Decapoda%Alpheidae%Athanas%Athanas nitescens	2
bffb85bcf53217f6d3d2e73fc24ab6eb7a8585f7	Arthropoda%Hexanauplia%Poecilostomatoida%Oncaeidae%Oncaea%Oncaea waldemari	1
b8c12e42f8f6e000002e7fe4e2640f13404a3f4f	Arthropoda%Hexanauplia%Calanoida%Temoridae%Temora%Temora stylifera	2
c36038847a8dc7e4fea728e2421644159aedcd52	Arthropoda%Branchiopoda%Diplostraca%Sididae%Penilia%Penilia avirostris	2
a539d3c8b7261c6770ad0c18c8c38140fbf1b721	Chordata%Actinopteri%NA%NA%NA%NA	10
92c281bc2e91fc9dbacecb558c5d2e3e63a5c230	Arthropoda%Hexanauplia%Calanoida%Temoridae%Temora%Temora stylifera	1
ff4b39907208146a0eba8dba35af3172c2e79283	Mollusca%Gastropoda%Stylommatophora%Helicidae%Eremina%Eremina duroi	1
c44ce80187c1ee4d956f8447f6d1ad2c082d8747	NA%NA%NA%NA%NA%NA	10
ccd4e1ef8963efc4830dc7304acd28de38319745	Oomycota%NA%NA%NA%NA%NA	10
d19d54e26143ef6f5b7414619042388e1e8313b4	Arthropoda%Hexanauplia%Calanoida%Temoridae%Temora%Temora stylifera	1
d98118f89bd4c1656b85a9c3a16ee53b6090debc	Arthropoda%Hexanauplia%Calanoida%Centropagidae%Centropages%NA	3
e5fe796227ce22d304ec2936cdc4658dd0bb616e	Porifera%Demospongiae%Suberitida%Suberitidae%Suberites%NA	3
e631945159a432082bbeaaee4d93b84954af47fa	NA%NA%NA%NA%NA%NA	10
932a1978d235a99fdc7c9a60af0462efd7258a05	NA%NA%NA%NA%NA%NA	10
4b1632e1e8e67562843583ea0b27526335d3746e	NA%NA%NA%NA%NA%NA	10
00c172ef2bfc0119bd394016da76a1f9e9589d47	Chordata%Actinopteri%Spariformes%Sparidae%Pagellus%Pagellus erythrinus	1
04d012bdd60b3442ef0c585dd2601e4772d7273e	Arthropoda%Hexanauplia%Calanoida%Temoridae%Temora%Temora stylifera	2
138eaa9ae8d88aeee302b5c88dd13025b1a4f380	NA%NA%NA%NA%NA%NA	10
250e0e1d06c4e1c4ea56cecf005840769600b156	NA%NA%NA%NA%NA%NA	10
29582c3a9da328716b1fe25268d83ea446d60c96	Chordata%Mammalia%Primates%Hominidae%Homo%Homo sapiens	1
4340b28b5187a704d98ca9df48690d9ef242cbad	Chordata%Actinopteri%NA%NA%NA%NA	10
56cdaeebbde07fabc06cd38c581e0f2eadb121ac	Arthropoda%Hexanauplia%Calanoida%Clausocalanidae%Clausocalanus%Clausocalanus jobei	1
58720fc8de0fd91bc26d87bf3f3260cbaca07445	NA%NA%NA%NA%NA%NA	10
64fb535f705ca44872c02d5a8f918bd4b35e51b5	NA%NA%NA%NA%NA%NA	10
6de753365ace4bb88c377dff6d4ab0ea5445ded0	Porifera%Demospongiae%Clionaida%Clionaidae%Cliona%Cliona celata	1
75139c64eaade56b672599b92f275433a99f0d4d	Arthropoda%Hexanauplia%Calanoida%Centropagidae%Centropages%NA	3
76033c305e08d7a6622cc17c916bb1f190798aef	Porifera%Demospongiae%Poecilosclerida%Tedaniidae%Tedania%NA	3
81893951639e34a3109455e275974877009db47a	Ascomycota%Dothideomycetes%Cladosporiales%NA%NA%NA	10
83297869af2ec06f7e3dcc833ca91a3465f1703f	NA%NA%NA%NA%NA%NA	10
bc493df3628a59e3478e7a044f3e324f042d6461	NA%NA%NA%NA%NA%NA	10
c6be88ac1117704088aa41362811249d04e2d99e	NA%NA%NA%NA%NA%NA	10
9564e6e6512aac7e49f1293d9218f8e3e8d62400	NA%NA%NA%NA%NA%NA	10
f4d08c90016b60693298ee40188ad34522d2ff72	NA%NA%NA%NA%NA%NA	10
6da793a41f0ac62a24d7bf05f5bf6c650bed5356	Arthropoda%Hexanauplia%Cyclopoida%Cyclopidae%Macrocyclops%Macrocyclops albidus	1
504c323a4043be8e2c674823867e902af5c9cd6b	NA%NA%NA%NA%NA%NA	10
d24c376a4e4e6da1eb9ef71c39449d1c468c47f9	Arthropoda%NA%NA%NA%NA%NA	10
ff00ed3a967729fdf6127d845faf8e3d3533ec42	Chordata%Actinopteri%Siluriformes%Mochokidae%Synodontis%NA	3
b5b5f5d9969ef279f02e244b8fdbf7cf3ce57c1f	NA%NA%NA%NA%NA%NA	10
eeeb5d41bd1bff55811b2f906660ba841889b3ea	NA%NA%NA%NA%NA%NA	10
2666a7c23af7edfe699dad9834bb9b427e22051b	NA%NA%NA%NA%NA%NA	10
04d95ed31f224cf91efa7b489074e440d02b26d1	Discosea%NA%Longamoebia%Acanthamoebidae%Acanthamoeba%NA	3
d5e55b75ab98e19488db2ab5db5985bc06dd0557	NA%NA%NA%NA%NA%NA	10
5149c80dd21de25e1a177700e75ca00da9533a76	NA%NA%NA%NA%NA%NA	10
8358ebd192e6b3c99d336faa17da45417e871f08	NA%NA%NA%NA%NA%NA	10
800a728bb05edae69da0ce75034686e75cb97066	Ascomycota%Eurotiomycetes%Eurotiales%NA%NA%NA	10
6b8424004326d95878f452db230d90235099ed3f	NA%NA%NA%NA%NA%NA	10
21f4babf5c1fdaaafd2ca8d394599944b1b59685	NA%NA%NA%NA%NA%NA	10
35c98ddfc3c8c10135ca5a9e6e554108dbceb75b	NA%NA%NA%NA%NA%NA	10
aeee3efc10a76a7068f96c506113e4bdacc2eae3	NA%NA%NA%NA%NA%NA	10
7e7b0a7891b4ab9a48b7bb735fb7281cabff7e21	Bacillariophyta%Bacillariophyceae%Cymbellales%NA%NA%NA	10
f81ce331ba48afe8a4e4110da80c4487b0e36c08	NA%NA%NA%NA%NA%NA	10
940dc3df944fbb5b61143099b90a6fbeb409bb65	NA%NA%NA%NA%NA%NA	10
7f0ee59653aa280922cbed637243f8c397afe07c	Ascomycota%Sordariomycetes%Hypocreales%NA%NA%NA	10
38fbcd55ba0c957269b0432702b2a8680af9bc47	NA%NA%NA%NA%NA%NA	10
0c9e0e3dc47d07b21fe55865f84340abecedb86a	Arthropoda%Insecta%NA%NA%NA%NA	10
1980b1c14d9e85acc5a645e6fdd71e36f36b32f3	NA%NA%NA%NA%NA%NA	10
9b6cec13bbca7342ccd9521fc9cb168f96b89d91	Mollusca%Gastropoda%Systellommatophora%Onchidiidae%Onchidella%Onchidella celtica	1
f07e3c3c2ffb8c2f2e74c6841be52dc0ae37a1c3	NA%NA%NA%NA%NA%NA	10
922c03059b365e1f76205540be76cc9c100ec10f	NA%NA%NA%NA%NA%NA	10
1a8dba01a2fd1cc71ccd71e42d64cc59f9ffd685	NA%NA%NA%NA%NA%NA	10
01916a7ed20ec7971cd94d4754d625abad7d6dc9	NA%NA%NA%NA%NA%NA	10
14925ac97da6d0e37622e8f7d5a8ea9f7d1f54fe	NA%NA%NA%NA%NA%NA	10
7f14db267ea3c00c100eb03c1ca164a20586dfd9	NA%NA%NA%NA%NA%NA	10
29ea3bdbb02061cdbd9301dd66808df72879fd83	NA%NA%NA%NA%NA%NA	10
a5e2d7d95aef4333a350baddc388e867f7ff2fbd	NA%NA%NA%NA%NA%NA	10
24908488a8ba5d1aebb374c830bf29934846d1a2	Arthropoda%NA%NA%NA%NA%NA	10
38385684d304d993c5337b8eead2b274d0102bc4	NA%NA%NA%NA%NA%NA	10
59ac512fb7f421551612cb22a9f826b0f5c9e8ad	NA%NA%NA%NA%NA%NA	10
6f214adcf74d4bc8a8b2ab20d606f43a1591a333	NA%NA%NA%NA%NA%NA	10
8569881f26bf9ca2c18bc63354428383d7f5290e	NA%NA%NA%NA%NA%NA	10
7279e38050fdfbdf11dfe3de63682834a0257f25	NA%NA%NA%NA%NA%NA	10
5657e09848fabbcd45fb2fa28aca8758b5c8029b	NA%NA%NA%NA%NA%NA	10
22409d4ddaefae1fb9d799d185865b0ffcaa431b	NA%NA%NA%NA%NA%NA	10
c4fae36a90a641041db871c9acbf1e6679b3f6b6	Arthropoda%Insecta%Hymenoptera%Eulophidae%Euplectrus%Euplectrus hansoni	1
93c157b5cbf3e92ba6486d03bae54ebd74345e29	NA%NA%NA%NA%NA%NA	10
20c32e70371fc3d763080bace86003967c4e09e5	NA%NA%NA%NA%NA%NA	10
4ed8f7e6053539a992bd57f91aa64c94e1ab2449	NA%NA%NA%NA%NA%NA	10
1e308d14f6e4f0e308f32d10fd9093995faa4a7b	NA%NA%NA%NA%NA%NA	10
ef652a2756c8915cc39104d5d58c68c5e701769a	NA%NA%NA%NA%NA%NA	10
088fe75fbcfcfa4d30d2b2c0a20f61545e9f800e	NA%NA%NA%NA%NA%NA	10
cda9e0a23191ef7853887e8c905e0b72cdc06be8	NA%NA%NA%NA%NA%NA	10
75c3678fc9f20727d607937c973316e9b60490bb	Oomycota%NA%NA%NA%NA%NA	10
8fb6c7d8e84c305d3fec66939feec5b43dad262c	NA%NA%NA%NA%NA%NA	10
98e22a88acc29afc1e71ca4d00efa8895c12c3a7	NA%NA%NA%NA%NA%NA	10
1a6159945fd367169999e3f3dc7de23d43eab700	Ascomycota%Sordariomycetes%NA%NA%NA%NA	10
9e688042c761017dd4e2cf2d6d01d8e139079aab	NA%NA%NA%NA%NA%NA	10
da183b1c1dd78d5043e69628b44f7d1cb50e172f	NA%NA%NA%NA%NA%NA	10
e8cd98cdacf8c6e3989e5ed353a39aef33ced1f9	NA%NA%NA%NA%NA%NA	10
1be95ea1dcdd30812f281ba09099c134ef90da35	Ascomycota%Sordariomycetes%Hypocreales%NA%NA%NA	10
22abe4b927ce1092564d2dbff9eaa5c218ed2e9e	NA%NA%NA%NA%NA%NA	10
34b3821c83859793d14efd49a6f65d829125efea	NA%NA%NA%NA%NA%NA	10
3fbcb78aa9e1b34ecc3b1af891c7ee3bd4aec123	NA%NA%NA%NA%NA%NA	10
6bb6fde0db35c882f91aa30a45093100b0814c61	Arthropoda%Insecta%NA%NA%NA%NA	10
64d9668d0508b3827728e1c0313ba9bfe2408e1f	NA%NA%NA%NA%NA%NA	10
a1863eaee9968d28cd0e9a03a358703a080dc70e	NA%NA%NA%NA%NA%NA	10
bb0e78fd923dbee43b98ffc3dc2e611d6e20eafd	NA%NA%NA%NA%NA%NA	10
ffe91a342b579485813b91ce9bcb146c09c176b5	NA%Dinophyceae%Peridiniales%Kryptoperidiniaceae%Durinskia%Durinskia baltica	1
9848ef2065fce5dcf7af88532b7c3cca979f2433	NA%NA%NA%NA%NA%NA	10
76add64e1dd3c386e3510fee16398df7e94a87a5	Ascomycota%Eurotiomycetes%Eurotiales%NA%NA%NA	10
76aa75049119769bbe5c79cb577322bfd7758912	NA%NA%NA%NA%NA%NA	10
ecdb40eccaf7dbb7bae9e961de7f4e0768325235	NA%NA%NA%NA%NA%NA	10
8c8a545ba8138b5a404dd3e527d2effe7915a724	Ascomycota%Dothideomycetes%Cladosporiales%NA%NA%NA	10
fb3d0f60fb7445d4b40dbe3107e28fad8823cbe0	Ascomycota%Sordariomycetes%NA%NA%NA%NA	10
fe1be118ed44907421691e8fdf31e844d19c5e33	NA%NA%NA%NA%NA%NA	10
8e73bd1c50a82c4568d8a02d48aa5a2d2a26ed94	NA%NA%NA%NA%NA%NA	10
8bae237990370046ddf5721a43516846ae4b3665	Chordata%NA%NA%NA%NA%NA	10
fc83f139336dad48ae177797c4f09b3c7532deec	Ascomycota%Sordariomycetes%Glomerellales%NA%NA%NA	10
bdb9b4cededb6c429a1232b095ed9a0787261696	NA%NA%NA%NA%NA%NA	10
f71ed1964914e3b8dd96e4a68a2e4c6fc0f286c7	NA%NA%NA%NA%NA%NA	10
d243ba5e758d16152e9cdaa31b6bf7ed3804165b	NA%NA%NA%NA%NA%NA	10
d30a62f629622a545246582439dac5503266a201	NA%NA%NA%NA%NA%NA	10
2449d3bad58afc36e19b5d88a44ffebcd55bfd72	NA%NA%NA%NA%NA%NA	10
2b7ca5e1b89ba6d93bf8e3cbda797bd90709a55b	Arthropoda%Insecta%NA%NA%NA%NA	10
246636b4e22cb716daf36ff71843baf9ed21d7fb	NA%NA%NA%NA%NA%NA	10
44a581baad16d7a54406210dcc545553ab281f93	NA%NA%NA%NA%NA%NA	10
03154a71c1e717f81709231a66b040c83d9bd2d4	NA%NA%NA%NA%NA%NA	10
25d6c6d516ab7f7c232754913233de51c28f7a0d	Arthropoda%Arachnida%Sarcoptiformes%NA%NA%NA	10
0b979edff86332281822a5579c93176a00af7201	NA%NA%NA%NA%NA%NA	10
4c122d260c47b59f46b7f705138a02df35593a16	NA%NA%NA%NA%NA%NA	10
4d36a57456e2e05b21fbe3083f1eb0ec401a8a7f	NA%NA%NA%NA%NA%NA	10
4acb70d1fb8cc81c901bf20c94f2eed13eb666f5	NA%NA%NA%NA%NA%NA	10
476c33f41d54cf5598b617a5112ffde20b4c55eb	NA%NA%NA%NA%NA%NA	10
5c82a869e84dc12457b454639242f09f818a584e	Chordata%Mammalia%Primates%Hominidae%Homo%Homo sapiens	1
57804aaa5bdfa1f7d16090ee6306bbe4c56e3b0e	NA%NA%NA%NA%NA%NA	10
5211a277d8ec27cb31583c29cd06647865551223	NA%NA%NA%NA%NA%NA	10
62380607727f7133c8f70defde28ac432ddcbb0b	NA%NA%NA%NA%NA%NA	10
65bf40952dd5181fc974684d7ecd18ac2df9635d	Arthropoda%Arachnida%Sarcoptiformes%NA%NA%NA	10
68628b186ddd7f0ba2ac3b1a2d919327553b20fa	Ascomycota%Dothideomycetes%Cladosporiales%NA%NA%NA	10
6f5cd85fc03f8e67972326b36ffc2b760c37579b	NA%NA%NA%NA%NA%NA	10
306c41d2dcda1b8df1e70889c38f1a42c560cf81	Arthropoda%Hexanauplia%Calanoida%NA%NA%NA	10
59fac8bba3647184251d64e3b657a71701e3ca64	Chordata%Actinopteri%NA%NA%NA%NA	10
9fec816cd2b673efc6aeda4f5214c7811e4ae78e	NA%NA%NA%NA%NA%NA	10
ddf17d6b02b5d10b85faa9fc0a3871f31de3429e	Chordata%Actinopteri%Priacanthiformes%Priacanthidae%Priacanthus%Priacanthus macracanthus	1
2dea58cdf818f53ed2cacf7e18a951c59e3b3c25	Chordata%NA%NA%NA%NA%NA	10
549dffda559b478a7dde5a5b4776109094df2adc	Mollusca%Gastropoda%Systellommatophora%Onchidiidae%Onchidella%Onchidella celtica	1
5cbb36f9734756d7d96d5a790001d8afbc807408	Arthropoda%Insecta%Plecoptera%Chloroperlidae%Plumiperla%Plumiperla diversa	1
cfb5b29c4da273261139b9de2bba9ebc614dec5b	NA%NA%NA%NA%NA%NA	10
d4cfad4297e46d9dde26f87099541aa2c807644e	Arthropoda%Insecta%Coleoptera%Curculionidae%Scolytus%Scolytus praeceps	1
89c4c3fb70ad43db607f4aa58357a82ce84a9267	NA%NA%NA%NA%NA%NA	10
6ca4ca57e20f33ac35cd0ff8cc3b43f8df419ce0	Arthropoda%Arachnida%Sarcoptiformes%NA%NA%NA	10
cb77aa9d6bdef4f7e857ae44be9814ea88cea8ed	NA%NA%NA%NA%NA%NA	10
6ec6553dab577e537b0aeaceaa98d13055c6f172	Arthropoda%Insecta%NA%NA%NA%NA	10
834517e287746cb502854ada76474485be161a25	NA%NA%NA%NA%NA%NA	10
665d9cfb443dba4023f0e13d9e9e325804be66bc	NA%NA%NA%NA%NA%NA	10
b90dc69e34f258151840235590445034f6680cee	NA%NA%NA%NA%NA%NA	10
387dc62d41352be75d03826356ab8405570fc704	NA%NA%NA%NA%NA%NA	10
6d9fbbf35b169de6d89c83c1bf6c42b0967c339a	Arthropoda%Insecta%Hymenoptera%NA%NA%NA	10
10fb0877d6080f842f2a5a922d5c3c10a0a1627e	Chordata%NA%NA%NA%NA%NA	10
483a02c2f6e9405fc20e12d1676d4ee6f1fe0940	Ascomycota%NA%NA%NA%NA%NA	10
f34b93ac92318fa91743a06b12ae328c60c8cf44	NA%NA%NA%NA%NA%NA	10
e5fed1620f529a38ee2d9a5b89d505e60acfc89c	NA%NA%NA%NA%NA%NA	10
54b901deecf0c48ceec3fe09a3a71537f2c8d109	NA%NA%NA%NA%NA%NA	10
7c7d9d0b182368d3f9820e993824c49ca272d8b3	NA%NA%NA%NA%NA%NA	10
cdb62cedc2846a10ac06def2ff445e5413c2e500	NA%NA%NA%NA%NA%NA	10
dfb07120894142a38100337dd70d6d3f721d644f	NA%NA%NA%NA%NA%NA	10
aafa48bf649589bc6dcd357c55687b95dc7a086a	NA%NA%NA%NA%NA%NA	10
566c7d9ff98a97600127bcc32b006e5dfe0a5f13	NA%NA%NA%NA%NA%NA	10
88796e823e3d427ed0b464c44494e616d9fd2bfa	NA%NA%NA%NA%NA%NA	10
c23851464fd36b331ffe4a9fc9c5e09264f7d669	NA%NA%NA%NA%NA%NA	10
b5825584dd3c75577e280594122cb84d82608028	NA%NA%NA%NA%NA%NA	10
3ac83986c75b6ce3217e3728185f8bc842244d1e	Nemertea%Enopla%Bdellonemertea%Malacobdellidae%Malacobdella%Malacobdella grossa	1
4f1edab3523c681ea5b65c98fe7cdf5e33c14958	NA%NA%NA%NA%NA%NA	10
45b1bad6f66507f8b5240a20d77738c1e237cd23	NA%NA%NA%NA%NA%NA	10
5db9b3c9d73468017f1c8838f51ebc37fc9f6a71	NA%NA%NA%NA%NA%NA	10
69b8272d36e4da8e520e895b19079a233fc1d446	NA%NA%NA%NA%NA%NA	10
ade4a2f533e49207d42778b42f3953dcac4708b4	NA%NA%NA%NA%NA%NA	10
b45fccbb8a9cd6303a061530c823899968e2ab7f	NA%NA%NA%NA%NA%NA	10
b811d8630f0df4015a35375c3e2f98147fdd3872	NA%NA%NA%NA%NA%NA	10
bc8fee7ff105a6846fd9d7834ede564fcf5f9462	NA%NA%NA%NA%NA%NA	10
bd8b93b52ab50923e5039a846d45cf64e237a7bd	NA%NA%NA%NA%NA%NA	10
c641f953854385bc88634d3265a9a15eae37acc5	NA%NA%NA%NA%NA%NA	10
a6cefae8b660264967b14af4dde7501a0de44653	NA%NA%NA%NA%NA%NA	10
8777fa5a565675f68380941eef8873265557be8e	NA%NA%NA%NA%NA%NA	10
8b5033cf5ed56e09f989c3b82d789f3fefd91d86	Arthropoda%Arachnida%Araneae%NA%NA%NA	10
a4dca8477d60e562a05ca5c36a88ed72c84062a2	NA%NA%NA%NA%NA%NA	10
a7bbe711e905c0079092b90529b0e766d8789281	Oomycota%NA%Pythiales%NA%NA%NA	10
ae0cdaa27597105c2f635aa6dde7b485ec0d56b6	NA%NA%NA%NA%NA%NA	10
ae44a207a7905ca93177cc72ed6f80c2bb54baa8	NA%NA%NA%NA%NA%NA	10
ec7680cb9854e92509caa5f510f3357c53c28992	NA%NA%NA%NA%NA%NA	10
9bc7634b98de91a062bb82fe84b83d8eec081e27	NA%NA%NA%NA%NA%NA	10
eff437b54802907c3c17d2f0252c189817ab0189	NA%NA%NA%NA%NA%NA	10
8251e38a3725e3044c183f74d98e71335efec4dc	NA%NA%NA%NA%NA%NA	10
e2ac7bad7b74aa2218a2e5d922c6b685bdf85f4e	Arthropoda%Insecta%NA%NA%NA%NA	10
9759f439b13ca4949e58e44f2cdda82e18c68bc7	NA%NA%NA%NA%NA%NA	10
9751ef2eabd2f78d21dc5868ac0a0e491fb46e76	Arthropoda%Insecta%NA%NA%NA%NA	10
f2c34917fcf375d72e36e15e9d80dc91d230afdc	Nemertea%Pilidiophora%Heteronemertea%Lineidae%Cerebratulus%Cerebratulus orochi	1
cceb1bef81b87b56357b49599120ebb0f08a4a05	NA%NA%NA%NA%NA%NA	10
d184905a62306a372c2ac61d84aa0b913f92bc59	NA%NA%NA%NA%NA%NA	10
f0cff6c3c6a946ce0619ced7e8f79afbbbaf9363	NA%NA%NA%NA%NA%NA	10
d5f46b6c26e44b514b38dca7c4ef4fb0367930ef	NA%NA%NA%NA%NA%NA	10
d7a867935f2f0445d98a09211ac51ad78f5b41ec	NA%NA%NA%NA%NA%NA	10
f0b198dd3f1881142836c286555ef8745e629335	Arthropoda%Thecostraca%Balanomorpha%Chthamalidae%Chthamalus%Chthamalus malayensis	1
1eb431b7d5bbd3160c725efdfba107fff42d7e0e	NA%NA%NA%NA%NA%NA	10
1472062c3b10bd61974ca44e8773c15001b9b083	Arthropoda%Insecta%NA%NA%NA%NA	10
2349f02f8658f2dfbef07ea019d3326931c36ee6	NA%NA%NA%NA%NA%NA	10
4c14e2a36fdc7f9a8e95cf90d8c77e56fc560db0	NA%NA%NA%NA%NA%NA	10
26e4b22f090570d4fdb1365f6d6b41651a830143	NA%NA%NA%NA%NA%NA	10
2a094a2af8fa9b6f74b68e305e5014bd1ecbd672	NA%NA%NA%NA%NA%NA	10
00964a0debfa5d90bdbf0a627a88a3e8ac50d4a9	NA%NA%NA%NA%NA%NA	10
00f0d0e2b255915fab0143bfbccfaa8e832f3120	NA%NA%NA%NA%NA%NA	10
0563c7635b21da51989b4070674310e47654d518	NA%NA%NA%NA%NA%NA	10
0f7a564ab331a479b655ec51db9c527bb24a6815	Arthropoda%Arachnida%NA%NA%NA%NA	10
33958129183bfca8b9e39dc2b1058a224992e943	NA%NA%NA%NA%NA%NA	10
3201378ba6d947eec655ddc4d4fb96e120edf0d4	Bacillariophyta%Coscinodiscophyceae%Stephanodiscales%Stephanodiscaceae%Cyclostephanos%Cyclostephanos invisitatus	1
08eb082fdd89a6817ac7a0f80548f5416b1a1231	NA%NA%NA%NA%NA%NA	10
62d6de60f7051530fa983e61449ca5d6d29f6619	NA%NA%NA%NA%NA%NA	10
6bead5617ec4457d9745ff476b89067148aa5bc6	Arthropoda%Insecta%NA%NA%NA%NA	10
6da92f27b5c4f982dee5396386f5e93026164990	NA%NA%NA%NA%NA%NA	10
7eabaac8166a12caf5a209a4aa6ad9150b5eeff0	NA%NA%NA%NA%NA%NA	10
73fc3340ce27e1bd0f3aba8d3e078d60fbcc8405	NA%NA%NA%NA%NA%NA	10
56434e6135c591049dd7d5b7aeff497d560baca5	Oomycota%NA%Pythiales%NA%NA%NA	10
5575ceea0b390d29752456f76cedce03a8fa4140	NA%NA%NA%NA%NA%NA	10
5e835c8b557eb61e5d43fb44ae66811758897bf5	NA%NA%NA%NA%NA%NA	10
5797d905fa3600fd4a0b8c2a909d0bc03418ba30	NA%NA%NA%NA%NA%NA	10
fad53ed69a15e60718e07aa3cefbd35b0b225c4f	Chordata%Actinopteri%Siluriformes%Mochokidae%Synodontis%NA	3
5a0855ea39f7f1cab4e217228762b7de3c472589	Arthropoda%Hexanauplia%Calanoida%NA%NA%NA	10
10cf7807a6985d09888acd733c8ef3d22ee55706	NA%NA%NA%NA%NA%NA	10
bda2939c2d65fd51a348887a24c7603bb888bd43	NA%NA%NA%NA%NA%NA	10
61851d2decf16ff2bde644c898f079701425d121	NA%NA%NA%NA%NA%NA	10
e63d586980a5dbe408413682eef70830d7588cbb	NA%NA%NA%NA%NA%NA	10
c774d3dc7948224cbf5a0dd7a239f39d5b779b46	Arthropoda%Malacostraca%Isopoda%Cirolanidae%Eurydice%Eurydice longiantennata	1
d78c8fbb5fefb6ccc54a3d269494cc03fdb39e10	Arthropoda%NA%NA%NA%NA%NA	10
125d4266024e2e7ee2c5106310321723b3147f6c	NA%NA%NA%NA%NA%NA	10
54dd4601d76f409c5eef5a4449a16f239a7e76ac	NA%NA%NA%NA%NA%NA	10
3f4e623f1045957ec39ab0092c4b5d37787458a5	Bacillota%Bacilli%Lactobacillales%Aerococcaceae%Aerococcus%Aerococcus urinae	1
88f046fe6307690c0496140a5edc33c2d53259a6	NA%NA%NA%NA%NA%NA	10
8ed7f630c9579ea893e42d45fa7db0a26f7038d6	NA%NA%NA%NA%NA%NA	10
c140c9cd60940a45b95191c2ee5b469c612cdb17	NA%NA%NA%NA%NA%NA	10
16b092421ee40d390589128ba0ae00c55ee7eefd	NA%NA%NA%NA%NA%NA	10
f1886bee5225e3a09b16c07ac7d6655672cc1392	Bacillariophyta%Bacillariophyceae%Naviculales%Phaeodactylaceae%Phaeodactylum%Phaeodactylum tricornutum	1
7d83a71935bc9bbb3883c2da027af3c02b8c0638	Arthropoda%Insecta%NA%NA%NA%NA	10
04d451ab53cffdc70206ac7043926d97adc5b8fc	NA%NA%NA%NA%NA%NA	10
160b8436d0f9a7dba3d2eb13ccf9e20f6aada10e	Rhodophyta%Florideophyceae%Sebdeniales%Sebdeniaceae%Sebdenia%Sebdenia flabellata	1
280bd903e04d2feede131e30f7d60c9f9668c3ce	NA%NA%NA%NA%NA%NA	10
2b4ed627c8afe77dc5e9f045ee8ec9d4a0905046	Rhodophyta%Florideophyceae%Gelidiales%Gelidiellaceae%Parviphycus%Parviphycus felicinii	1
3f3ddfad93801c12a370c4504b0e66e33a89b04e	Arthropoda%Arachnida%NA%NA%NA%NA	10
58bcdb33441e900ad82415db116641956d7f5434	NA%NA%NA%NA%NA%NA	10
8634544dc0ff48249630d06fe2114b298f0ad13a	NA%NA%NA%NA%NA%NA	10
5f53e08c2fe0f515dbf8455b9f05484c8547aa81	NA%NA%NA%NA%NA%NA	10
8138c1f2b631d2ab2d6951805d97fad2ce42c33f	NA%NA%NA%NA%NA%NA	10
ae0bd8d00d6f2ddb4b39285ce7f0b4338487661f	Mollusca%Gastropoda%Systellommatophora%Onchidiidae%Onchidella%Onchidella celtica	1
9c0cf0ce0bd27af2da2b78d5ad95de80f7601e6b	NA%NA%NA%NA%NA%NA	10
96407710e514dc91da25fd7da303bbcbb663f7b6	Discosea%Flabellinia%Dactylopodida%NA%NA%NA	10
974a3d88b5ec1e1bff28e9bcce71e294b94e7593	NA%NA%NA%NA%NA%NA	10
d92bca17454880fd54f41467936d5d0bd6b9a56c	NA%NA%NA%NA%NA%NA	10
e7f52c6fada93b7055943ff067e87e44d27be5fb	NA%NA%NA%NA%NA%NA	10
36ad5196752e397039e31e096201871b6fc126fb	NA%NA%NA%NA%NA%NA	10
1fe22a0a04d38d0d1fc48ca7c92e63532d7f18e1	NA%NA%NA%NA%NA%NA	10
1ce6f99be6f8aecb0d913166e3196a2299a91774	NA%NA%NA%NA%NA%NA	10
13cac7b992f4f4acf56756c565271017d94a1d39	NA%NA%NA%NA%NA%NA	10
454aed8b47f5b909b619f17c7d5715a7fc9c0d1b	NA%NA%NA%NA%NA%NA	10
60f63f6c42046999573fad403be38fe566fac991	NA%NA%NA%NA%NA%NA	10
75bbd9f5de1b8cda7a8fb05d906049eee7c18714	NA%NA%NA%NA%NA%NA	10
4fa1d546e0e4779ec11e9b54e29380d72e45029f	NA%NA%NA%NA%NA%NA	10
4f1a683313b82baf0c489059d3908d1c56ce278f	NA%NA%NA%NA%NA%NA	10
8090987e618de46c4273573335a4aef984c2625f	Rotifera%Eurotatoria%Ploima%Brachionidae%NA%NA	7
fa14f9f7eade9072f0a0a400fddfc3e73f845375	Arthropoda%Insecta%Diptera%NA%NA%NA	10
2e9847f3f06c7c1d5681a6b7ac59aae1586439a1	Arthropoda%NA%NA%NA%NA%NA	10
a7d4b6fe570488ca8c533432a7bb799cc143b8ae	Arthropoda%Hexanauplia%Calanoida%NA%NA%NA	10
2766743a737b8046637603c41a2288b4b95eaeb6	NA%NA%NA%NA%NA%NA	10
2d49608f6717341b1c44f6cbd9eca965caec25d1	Arthropoda%Insecta%NA%NA%NA%NA	10
877c0f21e7b9b1244f2d89107e92bd1cac05e1e0	Arthropoda%Insecta%Hymenoptera%Formicidae%NA%NA	7
6257de7606851cece2f8d17824aa1df80c439390	NA%NA%NA%NA%NA%NA	10
9d5ea6563dca03948eee434920c3b7e88bc21a33	NA%NA%NA%NA%NA%NA	10
9a84fdc60dc92b41b0195fdd5c8dcc3c085f71de	Oomycota%NA%NA%NA%NA%NA	10
43676e01466b671a3e9ed7d7670f38c542c6e5d1	NA%NA%NA%NA%NA%NA	10
b978b850200b2c1adf640a54ec8977e77bf66f49	NA%NA%NA%NA%NA%NA	10
692a12477d164b24295c50ef0d7bf8cd2ecc659f	NA%NA%NA%NA%NA%NA	10
f793df25c3ceb29b588be84cf1aeb2cfd2daf4c6	Ascomycota%Sordariomycetes%Hypocreales%NA%NA%NA	10
d93b75a63c72a3afb59c852e21c7f83eae6ada9e	NA%NA%NA%NA%NA%NA	10
d459746b38b7c501676eb00c0c806761947dbf86	Porifera%Demospongiae%Verongiida%Pseudoceratinidae%Pseudoceratina%Pseudoceratina verrucosa	1
7d4f2caf41085551eba48e7d44c745c521f0cb69	Arthropoda%Insecta%Hymenoptera%Formicidae%NA%NA	7
007520d267360da351c568303960bdf781c3114c	Ascomycota%Sordariomycetes%NA%NA%NA%NA	10
2428a78d4a78c8c98336cbf8a33de9acef8af27c	NA%NA%NA%NA%NA%NA	10
3b20250af08e4fa9953863d056ae9ce83c020e0b	NA%NA%NA%NA%NA%NA	10
3937829c4906b1e504265ebec5d694aa004563e3	NA%NA%NA%NA%NA%NA	10
30cbb3c72f9f2d6e7b4f4891318f47e98d822355	Arthropoda%Insecta%NA%NA%NA%NA	10
154edb3fe2e08d205c36b6732538756563e3da87	NA%NA%NA%NA%NA%NA	10
89335a21cfea519e5afffbc4c99e3681cf02b5b0	NA%NA%NA%NA%NA%NA	10
43389fb5853b52148826c318316df6feb70171f5	Ascomycota%NA%NA%NA%NA%NA	10
58244bc41f4454e0a3827d188ac1189254e6a542	NA%NA%NA%NA%NA%NA	10
543706f3ef2a0913d02e994dc7d229613b7a50a7	Chordata%Mammalia%Artiodactyla%Suidae%Sus%Sus scrofa	1
3c127a5c6bac8a31b5ac20d3829d441ddd0fde85	NA%NA%NA%NA%NA%NA	10
dbe3ca1c1608285fd009c5273f08b198598aa6ca	NA%NA%NA%NA%NA%NA	10
798740e763fd325d158e48c06d0bc878c8e6362a	NA%NA%NA%NA%NA%NA	10
f4919afcc1621e973e191be69ce7ec69c49062f5	Ascomycota%Sordariomycetes%Glomerellales%NA%NA%NA	10
5edda6f2863147148e54e120edd5a8358afa111a	Oomycota%NA%NA%NA%NA%NA	10
8aab0eaf494544569c42dad0cee0e59548cace00	NA%NA%NA%NA%NA%NA	10
1b1c0c2de1dbaef399643a178f36fd8e132efc33	NA%NA%NA%NA%NA%NA	10
7db103a0abd141eafd242dbe8d57681d9348fcf7	Oomycota%NA%Pythiales%Pythiaceae%Pythium%Pythium subutonaiense	1
6f75a416b90ea66b234ace7b4c999b88ef8d38b1	Rhodophyta%Florideophyceae%Batrachospermales%NA%NA%NA	10
fdf07588b31182f66d388f9721dc04b018056c76	NA%NA%NA%NA%NA%NA	10
779f8e2e7aebb673543958ea331d702251cd520b	NA%NA%NA%NA%NA%NA	10
1fd8d4d247b0cb22dd500a21103b9b15391fdf00	NA%NA%NA%NA%NA%NA	10
4636b9cf385889f8ec282cc2ebd649dd09f37bc4	Haptophyta%NA%Pavlovales%NA%NA%NA	10
ec9ba6dc626fdc710a345d37bff473c32f0c9726	NA%NA%NA%NA%NA%NA	10
4dba5734c0a43f1f84aae7bfad17c6eb7be8dd58	NA%NA%NA%NA%NA%NA	10
193d4e8b6be097ba0e102879cd3d528fc620fe8e	NA%NA%NA%NA%NA%NA	10
3ce5eecbc7a39cad9666937f079c5aa195504dec	Arthropoda%Insecta%Diptera%NA%NA%NA	10
e6a259c77a0517ba6e43459104d641b603e01c96	NA%NA%NA%NA%NA%NA	10
4cf0c4de5702e176b1665f44ba147e93c1cea040	NA%NA%NA%NA%NA%NA	10
5f6802e389724fb3a8a0a05b403292802a19e3a8	NA%NA%NA%NA%NA%NA	10
cb4cba96dbef5c318b0fb84903f599447a4d4b31	NA%NA%NA%NA%NA%NA	10
55b1a04fcb4f81eabe866e56ef56a1306b8afbc9	NA%NA%NA%NA%NA%NA	10
8dbe1cddfbc2510d95847cc2a92888dafed8e68d	NA%NA%NA%NA%NA%NA	10
1e0bcea9aa41cedb5468966cbb8a25dcd1fffa53	Arthropoda%Hexanauplia%Calanoida%Diaptomidae%Arctodiaptomus%Arctodiaptomus dorsalis	2
70b86e670843bc2f1e183e65856fb475fb1e7f17	NA%NA%NA%NA%NA%NA	10
9f793e436272cff04e1e428b08e940f924959530	Ascomycota%Eurotiomycetes%Eurotiales%NA%NA%NA	10
9d9e6584a2e6625f16cc643e66144438f9f43a88	Arthropoda%Insecta%NA%NA%NA%NA	10
298204c013114324d41b642b109367ad684e6708	NA%NA%NA%NA%NA%NA	10
b37a0982829387697e59c05b4e79c18aa4d3d8a3	NA%NA%NA%NA%NA%NA	10
89b2792e2c941d5260e102d3e82612006c99441a	NA%NA%NA%NA%NA%NA	10
2d3c83ccb5ed7f8f3f7b3dca1b1115d688d8b2d5	NA%NA%NA%NA%NA%NA	10
e9ba9445d8ebe7838b032f591396821e98da3cfb	NA%NA%NA%NA%NA%NA	10
0a0555609884caab79f634ef1c736191eeb6c8ed	NA%NA%NA%NA%NA%NA	10
49798ca088dbee42b6b65402eb2b0fd69f71903f	Arthropoda%Insecta%NA%NA%NA%NA	10
bc039ddef8affd5dd89efe1ad2f161f86dcd9b1a	NA%NA%NA%NA%NA%NA	10
ba6d6eb7b3bb09fb7d1c9fe9454fe96e604ef8d0	NA%NA%NA%NA%NA%NA	10
9ecb09eb2638c5a6f7e6bbcc0d8e1f80f0d37b8d	Oomycota%NA%Pythiales%Pythiaceae%Pythium%NA	3
2e459ebf80755b6ff0f3e0d02960bdd767e80958	NA%NA%NA%NA%NA%NA	10
91e63d6e0cd6a05cc2a94dbd2680329d3fea6e1e	Cnidaria%Hydrozoa%Leptothecata%NA%NA%NA	10
4d18a76a01c1fc43e87110e0647ede30843e9f2d	NA%Phaeophyceae%Fucales%Sargassaceae%Gongolaria%Gongolaria abies-marina	1
82b5f0416f21fb39718ee668f610c48dbe1472e2	Discosea%NA%Himatismenida%NA%NA%NA	10
504fbdb0a5dcd3922ca8cb2a2e361bf5478afc0d	Arthropoda%NA%NA%NA%NA%NA	10
ef96e62e0aa7d5f0a9031b65c96f01a56e5f651e	NA%NA%NA%NA%NA%NA	10
4e0b5fcd77f630c2197ac5040ad84fdbc153eb2d	Oomycota%NA%Saprolegniales%Saprolegniaceae%NA%NA	7
4b21067c4aaebdb7c8a3002f65d03fa936822b96	NA%NA%NA%NA%NA%NA	10
281817b62d9b739b6d6a5188fb457fc62c355e89	NA%NA%NA%NA%NA%NA	10
3f308fb28425a12d819cd661542d87e40be7cfa4	NA%NA%NA%NA%NA%NA	10
1fd9324cc4e2a45f58c37e778a08f92f892229c5	Ascomycota%Sordariomycetes%NA%NA%NA%NA	10
1c544396048920fdbe5ebc113224c3bba7b20f9b	NA%NA%NA%NA%NA%NA	10
1216bfeda4691307e5c7fcd23d6d56caac6e6f2b	Ascomycota%Sordariomycetes%Hypocreales%NA%NA%NA	10
02413b76e6198bf0b28db4f2147e6d6bdbab983c	NA%NA%NA%NA%NA%NA	10
06fada16e28e4b2ccf0590585ff7840f8fc445e2	NA%NA%NA%NA%NA%NA	10
840d8bdadbf7f066cfd8438347db6e5f4b66e414	NA%NA%NA%NA%NA%NA	10
8f92ae3eb3ac283e08f0ec70b239e37257b71938	NA%NA%NA%NA%NA%NA	10
555d6d227641907ceab6abc8d7f2ce5385ddb904	NA%NA%NA%NA%NA%NA	10
b7e8ed66d7a97d367206d6cd5308f963042c9db1	Arthropoda%Insecta%Diptera%Simuliidae%Simulium%Simulium intermedium	1
7bc0ab5f2ec346449e7b8c0940c58ca43cb53de6	NA%NA%NA%NA%NA%NA	10
58a8fd982fb2eb93a174dd374dcfc1cc56b0a42f	Rotifera%Eurotatoria%Ploima%Notommatidae%Cephalodella%Cephalodella catellina	1
26451798982330615393e7b030fd3752392b9f46	NA%NA%NA%NA%NA%NA	10
a0fdd825d5864aa6a466c27c6988d3d176471254	Ascomycota%Leotiomycetes%Chaetomellales%NA%NA%NA	10
890bd9935d41eba79d53fbfed0dbd0a1d8335a39	NA%NA%NA%NA%NA%NA	10
10b3615893ea7c91deb970d8da2229c454c89067	NA%NA%NA%NA%NA%NA	10
11fc428c087176c7afeda654b99d3d9a48c6fa5c	Arthropoda%Insecta%Coleoptera%Scarabaeidae%Pachysoma%Pachysoma gariepinus	1
f0750b69c64c46e513fa1cc5c60cf3846a29af7c	NA%NA%NA%NA%NA%NA	10
a5754ba84457aa6fd70df27ca76bf4eb14ea7463	NA%NA%NA%NA%NA%NA	10
03e8dfd7bb1419c4974dad8e86ee990188cf4e07	NA%NA%NA%NA%NA%NA	10
0a63763f1c4d52914ca6397e65a30f85b56826d6	Ascomycota%Eurotiomycetes%Eurotiales%NA%NA%NA	10
8de89d98c25c5b28c65d41ff0c321bdb69a29fa0	Oomycota%NA%Pythiales%Pythiaceae%Pythium%NA	3
a32a8b0e6a4b3691c4d9725be4a0b949c189966d	Oomycota%NA%Lagenidiales%Lagenidiaceae%Lagenidium%Lagenidium caudatum	2
fd386f501ea305942cd68453f6a6d119edda9fa1	Oomycota%NA%Saprolegniales%Saprolegniaceae%Saprolegnia%Saprolegnia parasitica	1
a6a7e7f234eb9339a28fb26c2c34dc11a257070b	NA%NA%NA%NA%NA%NA	10
e3ad6f3fc675391479d7bdf58e96bcafbb05cae3	NA%NA%NA%NA%NA%NA	10
3162e9ee99f27cd427d45de5232944840ff24bad	Oomycota%NA%Saprolegniales%Saprolegniaceae%Brevilegnia%NA	10
406b094b78e71bde7a8687ca18c1b181b129f9d2	NA%NA%NA%NA%NA%NA	10
9be65ebd5a59751ab5b9f7d31c30c261a49af93f	Arthropoda%Insecta%Lepidoptera%NA%NA%NA	10
8a38e79b3bcbbe27dd70d65bd4ee236ed882098f	NA%NA%NA%NA%NA%NA	10
4e28932a0f09b07bf143e8a5a54ce172ed5ab355	Arthropoda%Malacostraca%Decapoda%Munididae%NA%NA	7
859d1ceb3175d8323842673016aa21c7c8f5c4d2	Oomycota%NA%Pythiales%Pythiaceae%Pythium%NA	3
6f5c120aa71de31537ef5c433e02c5122bae45c5	NA%NA%NA%NA%NA%NA	10
0b4e4573fbcdd4024edf58c5b725717c12ad0893	NA%NA%NA%NA%NA%NA	10
667751e6da23bd57ec6766a4c12b5d54a8c39221	NA%NA%NA%NA%NA%NA	10
a224ebb40d3f6630599b7fd007a8a491f476832e	NA%NA%NA%NA%NA%NA	10
a4bb6c1e19a6e64f208f100b73e094c34bd494d2	NA%NA%NA%NA%NA%NA	10
ab573bf190e0f5c2619e7af0f7aceb0a2babf307	NA%NA%NA%NA%NA%NA	10
b0d618fd11b67cc3d10aa13912e1dc45ce80bf8b	Ascomycota%Eurotiomycetes%Eurotiales%NA%NA%NA	10
b0f6ec59b703de8cb301e35e1e7224e3c39cd835	Echinodermata%Ophiuroidea%Amphilepidida%Amphiuridae%Amphiura%Amphiura filiformis	1
eb9179461c66b1992aeff9a7b488d57f2b9f1087	NA%NA%NA%NA%NA%NA	10
d861858abf2aa789aefb1543b46dffdd49d91894	NA%NA%NA%NA%NA%NA	10
cacd9abc4e50bf24961fc88c74e98600df0ae42b	NA%NA%NA%NA%NA%NA	10
c7d044f567d94f1a38a37ea9eb68b8fc4c98fc19	NA%NA%NA%NA%NA%NA	10
c586646f1d35b4f478bded49d9d2ca4a8d4c15b9	NA%NA%NA%NA%NA%NA	10
19245c2900d762d760c4d0493d0d5a7a3c55eb9c	Cnidaria%Hydrozoa%Anthoathecata%Hydridae%Hydra%Hydra vulgaris	1
11ef4257cbc6c6a003f0c260b4345170129bab85	Oomycota%NA%Saprolegniales%Saprolegniaceae%Saprolegnia%NA	3
233b5daaf4f7f8b56a0b04eeb0ef424996f47127	NA%NA%NA%NA%NA%NA	10
2a773ad3b6371d0be13a52082b3eae89f74acfed	Oomycota%NA%Saprolegniales%Saprolegniaceae%Saprolegnia%NA	3
3a78458e2f07786b54ed866dec845d86fca03230	NA%NA%NA%NA%NA%NA	10
3b41cfe124d020bf3f56db6b63a10f4200440816	NA%NA%NA%NA%NA%NA	10
87609a4f59f4b677aa9ec0460d355eb4e03bdac5	Mollusca%Gastropoda%Ellobiida%Ellobiidae%Pleuroloba%Pleuroloba quoyi	1
816b444b930628d4356023dea9fa5e7c474d2378	NA%NA%NA%NA%NA%NA	10
62aa959f9d345334ffcbb5c525e358afb07def32	NA%NA%NA%NA%NA%NA	10
63d79b121a038803f72201a6a57c391d18db7c62	Oomycota%NA%NA%NA%NA%NA	10
6d8960e7e3520b16701ca95de9ba48510f833af6	NA%NA%NA%NA%NA%NA	10
45e80265eba3adae3fe95da0b4733bee70d84bba	Chordata%Actinopteri%Cypriniformes%Leuciscidae%Achondrostoma%NA	3
9162a301644e39d5e8ee0fff76c90d581993a53f	NA%NA%NA%NA%NA%NA	10
971283de70666af4b73675388e5da78a38d5ba3a	NA%NA%NA%NA%NA%NA	10
991c66b485f18583b28caba1c65c21c03281746e	Arthropoda%Insecta%Ephemeroptera%Baetidae%NA%NA	7
999f25c824b58bdc7f53a0fa99f1c43cf8b3dfd8	NA%NA%NA%NA%NA%NA	10
49a3fe50c57cb9ff73b89b792d14c248c673635f	Arthropoda%Insecta%Coleoptera%Cerylonidae%Cerylon%Cerylon unicolor	1
5c43827f4c7a06b5cb6b297ff4e314a50ad56c77	NA%NA%NA%NA%NA%NA	10
5ab2934d46afeebc9c3c1fc30dc255c6f8d1e64c	NA%NA%NA%NA%NA%NA	10
96d427e8e88d1d2bdf7f81876451ece55e490b03	NA%NA%NA%NA%NA%NA	10
adf5f6835798503ec85a921dd29463ad2531bb51	NA%NA%NA%NA%NA%NA	10
ad185147b13e98e24f87e6f44b64c815f3a884a9	NA%NA%NA%NA%NA%NA	10
aa026d236ff703b20564b37f78a7adb0b29094fd	NA%NA%NA%NA%NA%NA	10
a4abc7eedbbf328d97b18ac30179286f65f536fa	Oomycota%NA%Pythiales%Pythiaceae%Pythium%Pythium pachycaule	2
a67fc8a69a291427a144fe2e62171935e9a0aabe	NA%NA%NA%NA%NA%NA	10
acdd318638da837dd8fb5ac76af2046f5c94f681	NA%NA%NA%NA%NA%NA	10
ac8cf7055a4c4368cb8ca52514f73caa4b1dee0f	NA%NA%NA%NA%NA%NA	10
ac8a8388abf0babcc24cea6a1c7a57f74b638179	NA%NA%NA%NA%NA%NA	10
ac84698f43e5452a3fb57356d4e165f93b0a65bb	NA%NA%NA%NA%NA%NA	10
a6d5e4f657509cab6fa9feb48ff5f7ab24274aee	Arthropoda%Insecta%Hymenoptera%Formicidae%NA%NA	7
8a6d7ce2cc74870aa4c2b04928d90407606f9b04	NA%NA%NA%NA%NA%NA	10
ea82f7175669278b121e09ab9854d7405c4ff2a6	NA%NA%NA%NA%NA%NA	10
ee0eeaec554be4d36128ffe3e33714325dc56be9	Arthropoda%Insecta%Plecoptera%Nemouridae%Nemoura%Nemoura lacustris	1
ee154a1078833011b1c7424788b5b280200f1bdf	NA%NA%NA%NA%NA%NA	10
e471a16d1799979256f0e2fea9bb15af97aae65c	NA%NA%NA%NA%NA%NA	10
8694c520d3f8c4e83b637d282b5d5202ea14b348	NA%NA%NA%NA%NA%NA	10
856d55c7ee035447d633680369143e3872491484	NA%NA%NA%NA%NA%NA	10
85cdfcbaabddd803e12613805d90f5830f63359f	Oomycota%NA%NA%NA%NA%NA	10
85e4f9451fa347e02cfae179db41c7edb0f0b1b9	Ascomycota%Sordariomycetes%Hypocreales%NA%NA%NA	10
8717f24b440bd275d31d6f1ff7e5308d6cb28e27	Oomycota%NA%NA%NA%NA%NA	10
8e83ef7362a0076e44d8c01c72f0344bb3de6a05	NA%NA%NA%NA%NA%NA	10
8f41f1b74cb06e91c8a3aea4f08ccaeb510d5f95	Ascomycota%Sordariomycetes%NA%NA%NA%NA	10
91cde62ee25d8a6fdb416ce8a1c55b0cbf15ae52	NA%NA%NA%NA%NA%NA	10
9338b0a45c23ae090bcfe8d0d767889e5b336d72	NA%NA%NA%NA%NA%NA	10
95ce7c3280e45819e5d217f9679335bcaf149a5e	Rotifera%Eurotatoria%Ploima%Notommatidae%Cephalodella%Cephalodella catellina	1
903a8d4471ee4754be205a6ad38c27799666e133	Ascomycota%NA%NA%NA%NA%NA	10
904bb05348c1303b3b02b3405ac742eb11a0fa05	NA%NA%NA%NA%NA%NA	10
914c102052fa5cf6d6970340b61b637ace35feaf	NA%NA%NA%NA%NA%NA	10
de75c893594a97a74bc082fabbb800c5c6038f12	NA%NA%NA%NA%NA%NA	10
dcba75820298759ff196fe9f2145bc0639d75381	NA%NA%NA%NA%NA%NA	10
dd03329a42ecae3439b013f1e50131ddaa2bffa2	NA%NA%NA%NA%NA%NA	10
dd114ded414fe3cbd60361820416f7437653cd0d	Bacillariophyta%Bacillariophyceae%Naviculales%Phaeodactylaceae%Phaeodactylum%Phaeodactylum tricornutum	1
da71d5d9809912de745cb942cb1c4386e45ec5d8	NA%NA%NA%NA%NA%NA	10
db31c7604b6e49c47b2fcdf183e6fc2b6f2eeeb1	NA%NA%NA%NA%NA%NA	10
d6c94fb3a02f44297580b18077e9b458e4e9fcae	NA%NA%NA%NA%NA%NA	10
d47970afa292f6a70c7e20117f20ad3af73dad75	Oomycota%NA%NA%NA%NA%NA	10
d0d091eb5c127e8536c9d488dc98f864f4739d30	NA%NA%NA%NA%NA%NA	10
d035022a419bb650a2812d854c3e98e7df9bc26f	NA%NA%NA%NA%NA%NA	10
e0813adcd806125afce8b98cf753d87914074d16	Arthropoda%Insecta%NA%NA%NA%NA	10
e284f70bb83be8fed53f2754c93a61365c7caec4	NA%NA%NA%NA%NA%NA	10
faedb81a9841e8495c485058cce4195d4e4348ff	NA%NA%NA%NA%NA%NA	10
faee8d2ce779b113bb6d6f2b2eaefdb1cb470770	NA%NA%NA%NA%NA%NA	10
f3c1a0e709483e60e9bd2e16a726d02a115f409e	NA%NA%NA%NA%NA%NA	10
f137b59346052c9999b2c9aef4d019016f7df637	NA%NA%NA%NA%NA%NA	10
beda5ab1c26cbedc303a26893ae2302506f174a7	NA%NA%NA%NA%NA%NA	10
bcc8560b1d16f0d7dd611e49cbb2a67fe6f5be13	Arthropoda%Insecta%NA%NA%NA%NA	10
ba71a0be1bd109bb9e3291ab1b7ee7279038e8a4	NA%NA%NA%NA%NA%NA	10
b8f74b15a0557f74112c6eebac1dba79f55a7c58	NA%NA%NA%NA%NA%NA	10
b6bac0bf17056e241a958349f79ae36cd98d99ae	Cnidaria%Hydrozoa%Siphonophorae%Agalmatidae%Nanomia%Nanomia cara	1
b324f03143d8e87c2aac5a92bca192ab5238f3b7	NA%Eustigmatophyceae%Eustigmatales%NA%NA%NA	10
cf673240c24d10893ca5719674261b874be3843b	NA%NA%NA%NA%NA%NA	10
c9ae1741fa09a10c7f33c68a51173118fdbcf874	Arthropoda%Insecta%Diptera%NA%NA%NA	10
c5f5da095e0e5e6cc19dfc95f6c7810a5dc6fdef	Ascomycota%Dothideomycetes%Cladosporiales%Cladosporiaceae%Cladosporium%NA	10
cb2c36e74974204cb9643e413469ae4c2219c032	Mollusca%Gastropoda%Stylommatophora%Clausiliidae%Albinaria%Albinaria schuchii	1
cb39b9e17ec6a193e1a516cb12e7a503e43b073b	NA%NA%NA%NA%NA%NA	10
cbf686e17114aa42113fa24a6985046e129ccc01	NA%NA%NA%NA%NA%NA	10
c867d73bae54f98075c4022d92b25d5119e04354	NA%NA%NA%NA%NA%NA	10
27066a8507b10714710f276689a856eda3b7dba4	NA%NA%NA%NA%NA%NA	10
26347115d602c739ccbca26f746c430227eb39a8	NA%NA%NA%NA%NA%NA	10
22af0aeba2edba7a2d9e1dc77292ec8a74fa6ca7	NA%NA%NA%NA%NA%NA	10
2338b0fe00efe555a46370ed05f5815455da1ac1	NA%Dinophyceae%Gonyaulacales%Amphidomataceae%Azadinium%NA	4
20b4e4ba569d6822151cbdf32f86da2e5fcdcb40	NA%NA%NA%NA%NA%NA	10
21db84778cb15af857fe2ace806fd3acd840755e	NA%NA%NA%NA%NA%NA	10
21d4d746348ebef742769660b199d8810c70761c	Oomycota%NA%NA%NA%NA%NA	10
2beb1117b09a35f1f339b4060bb75e532a220b3b	NA%NA%NA%NA%NA%NA	10
2e62b7093aa659ac2b79cf5d13fa72201ea3fe74	NA%NA%NA%NA%NA%NA	10
372396144bbf3f908f11dd4036683f9075fd29b4	NA%NA%NA%NA%NA%NA	10
342fe432f0fdb053ad75d6607bf0203d110100c3	NA%NA%NA%NA%NA%NA	10
32a0491ba7377fe8842eae0dc7f32703d83f6f3c	NA%NA%NA%NA%NA%NA	10
3327f54cfc5117fa32cb8f97f46eab25a69ec7fa	Mollusca%Gastropoda%Nudibranchia%Arminidae%Armina%Armina californica	1
33258929f6c4b6b1232757086413fbda49b3dadf	NA%NA%NA%NA%NA%NA	10
0d73dda8591763b23f822a5097a244780bb12eb5	Arthropoda%Insecta%NA%NA%NA%NA	10
0d26c9abee60334a449e29608f142ff41874fcd2	NA%NA%NA%NA%NA%NA	10
0bd882c005adf53d2ef09fc2ee00faa5ea6a3243	NA%NA%NA%NA%NA%NA	10
0b5da37272bc55b7885389e89e2c38eed176eda4	NA%NA%NA%NA%NA%NA	10
06d4e66608dfe0bbbf8a34da737a95aff0ddf2c0	NA%NA%NA%NA%NA%NA	10
04488811856b128f5f077c0197208b656595a84f	Oomycota%NA%Pythiales%NA%NA%NA	10
0170e1c4be6a8093567b83b878a892a80e177157	Arthropoda%Insecta%Hymenoptera%Formicidae%NA%NA	7
00c793ca8eea511228168bcd37e45c5cb873c30b	NA%NA%NA%NA%NA%NA	10
00a13f92b913c197ab9dc5910491917a7f344c49	NA%NA%NA%NA%NA%NA	10
382938b7b142fc877e71b25849347e5306f6576e	NA%NA%NA%NA%NA%NA	10
0f1cd4780a1315e0f74b62ad8db9f2e0481c2f3c	NA%NA%NA%NA%NA%NA	10
17e2dbff5c50c0f4ce92c5f61f9c3e2ae15e2f93	NA%NA%NA%NA%NA%NA	10
1ed9a3885d41ce80de195c01ede3bfb734f013a3	Chlorophyta%Mamiellophyceae%Mamiellales%Mamiellaceae%Micromonas%Micromonas pusilla	1
1fc8e7dead34ac12006de8c615528dcdc32fc48d	NA%NA%NA%NA%NA%NA	10
188c862e4c728afd1f9a3cc68005eb6f9e6b97ac	Arthropoda%Insecta%Hymenoptera%Formicidae%NA%NA	7
1b894feba1227f67e604a27e1acad8c2714f01c6	Arthropoda%Arachnida%Araneae%Linyphiidae%Microneta%Microneta viaria	1
1730a7c065c7fa050c1b56a19e0d080cd0ce1e84	Arthropoda%Insecta%Diptera%NA%NA%NA	10
15abc7380f4f19ce76e553e8e0080a01c48dd504	NA%NA%NA%NA%NA%NA	10
4dfa1170d8420c46a9fe95e5b5ccbcb4a78d5efb	NA%NA%NA%NA%NA%NA	10
4bb2d34eb49010e97a84894497336e9a41375292	NA%NA%NA%NA%NA%NA	10
4cb1d66f3f4dc4625fd4d8ff42355b5be8b868b0	NA%NA%NA%NA%NA%NA	10
4d716a3ea6159f43b89786a3843619f1224c19f6	NA%NA%NA%NA%NA%NA	10
4da39647f6a5ce9d1e25d556aea081605497a0bc	NA%NA%NA%NA%NA%NA	10
4f7f240902770912e9bded2ac392071aae930fe9	NA%NA%NA%NA%NA%NA	10
73be2e34d0ba4648d833bd07dc922dede5caee4e	NA%NA%NA%NA%NA%NA	10
74c118334f2bbb889889e6af15461a484eb8722a	NA%NA%NA%NA%NA%NA	10
4296267d54356b084fff8dba90be88b8b0dbde98	Bacillariophyta%Coscinodiscophyceae%Stephanodiscales%Stephanodiscaceae%Stephanodiscus%NA	3
42271ba11cd404861e4b505a509a06c8a7430d65	NA%Phaeophyceae%Fucales%Sargassaceae%Sargassum%Sargassum horneri	1
5f756a577da335b551053fe79d7714602ca484e0	Rotifera%Eurotatoria%Ploima%Notommatidae%Cephalodella%NA	10
5fe8bd83b9afbd419fef0829d31d82725366e787	Annelida%Clitellata%Tubificida%Naididae%Nais%Nais elinguis	1
70471a51e985bbb16d09e78a24a12c8b77496443	NA%NA%NA%NA%NA%NA	10
71701819ddec5fed9a626ea0bb6cf5b1c7cb4982	NA%NA%NA%NA%NA%NA	10
5f1e4350070fea8d69408ab7dd632980bf8ad116	NA%NA%NA%NA%NA%NA	10
718d9b88483be4f5eb141be53e6693c3269437dd	NA%NA%NA%NA%NA%NA	10
7ec04745c32214d3a69ac453b18f76816b45b4d5	Chordata%Actinopteri%Ophidiiformes%Carapidae%Onuxodon%Onuxodon fowleri	1
7bcc61ceb4eee6a012729cff315ef9d77f48cff3	NA%NA%NA%NA%NA%NA	10
7b84f56c95d3f69a4d97b7e199c74dc55fca682d	Oomycota%NA%NA%NA%NA%NA	10
7c8dd193d52056e0811fb4543884155e89751f79	NA%NA%NA%NA%NA%NA	10
7c1bf87b48c669af48f10310369d2408d34fe138	NA%NA%NA%NA%NA%NA	10
77d203ebe056880ad2f84bd7bfadde111fac03a7	Oomycota%NA%Peronosporales%Peronosporaceae%Phytophthora%NA	3
775f39e2ac19873e3640151f51dfb180b7837adb	NA%NA%NA%NA%NA%NA	10
8129a30acb67a4451d78e4e88d4bc83cd74b2466	NA%NA%NA%NA%NA%NA	10
816c87bc3b20685d6ac3f7b924df503cd6e95ce7	Ascomycota%Eurotiomycetes%Eurotiales%NA%NA%NA	10
81e1be5e36fbdd238f288bbdccf614ce54c28cd3	Oomycota%NA%NA%NA%NA%NA	10
8226a7a6102a5044842c9e68c3cf0d4baab6ec6b	NA%NA%NA%NA%NA%NA	10
824598fec85602f4773e04ca8492ba3412973ffb	NA%NA%NA%NA%NA%NA	10
5638ecca5048e7d722bbc0f1676b42673c59e3b5	NA%NA%NA%NA%NA%NA	10
514f61b9b8671b9bda9ea91ea3a51d452b4ff4f2	NA%NA%NA%NA%NA%NA	10
56676c3b9ab4d0882707f77025f957252c08f259	NA%NA%NA%NA%NA%NA	10
39a267f73a0be578bf9ccf6a42d37e60e5a656a2	NA%NA%NA%NA%NA%NA	10
5cc482f017cd96c99ca409434d559506512e957a	NA%NA%NA%NA%NA%NA	10
5c5fe5d6b416dc232cb44715a110133ba49496a3	NA%NA%NA%NA%NA%NA	10
5c212e855cf5edb600d54dc0982d91928df139a9	NA%NA%NA%NA%NA%NA	10
59725da2fad76bbdaca411131ccb83efae37a8ed	NA%NA%NA%NA%NA%NA	10
5795801e5aefeec54c0218ae3089f5ddaa8f5f52	Oomycota%NA%Pythiales%Pythiaceae%Pythium%Pythium monospermum	1
f36c98f08467a0103d11aa995de17872046fad1a	Ascomycota%Eurotiomycetes%Eurotiales%NA%NA%NA	10
b48d5f60a02fd595ddf0d8bdb6cc8fa367428e93	NA%NA%NA%NA%NA%NA	10
9370aabef2199e99896d826cc900776eaa1ee156	NA%NA%NA%NA%NA%NA	10
9ec41e99774c92b97295961fccf23dd30ac2ec6b	Ascomycota%Eurotiomycetes%Eurotiales%Aspergillaceae%Penicillium%Penicillium polonicum	2
b046b939b0a908a7f178b22cfd666a718769bd80	NA%NA%NA%NA%NA%NA	10
de81ba82f3c54a43441445b95a67ee7cc132448d	Ascomycota%Sordariomycetes%Hypocreales%NA%NA%NA	10
cd99395eff7ce92ff467cda05210c1d7bd3304be	Ascomycota%Sordariomycetes%NA%NA%NA%NA	10
27e1925c172c95f97f2f65086ce32e89eba8d6bf	NA%NA%NA%NA%NA%NA	10
d1ab620f22d0ca8e42cae673444744d6cd05eed2	NA%NA%NA%NA%NA%NA	10
c6b9a70e38f87a5e1d6af4f76de5269c583e8ce9	NA%NA%NA%NA%NA%NA	10
1834fe5377eaf73ebf5318b7b79c5d9196ff20c0	NA%NA%NA%NA%NA%NA	10
9a634e8b4d442f9a10769c36c1be3c8d8a78b28f	Ascomycota%Eurotiomycetes%Eurotiales%NA%NA%NA	10
90d693a604e815b7d672a74d060583bd5864071e	Ascomycota%Eurotiomycetes%Eurotiales%NA%NA%NA	10
b99b29141b6ffcbe97ab3d932a3cede1fb264439	NA%NA%NA%NA%NA%NA	10
8afc430229a187cc1d23f93dce992547eb6c4f90	Ascomycota%Sordariomycetes%Glomerellales%NA%NA%NA	10
253572fe11ed6f8a250206e81e328f99d0bd4caf	Arthropoda%Hexanauplia%Calanoida%NA%NA%NA	10
7d9b425992a39ba33d1e016616bddf66716784d6	Ascomycota%Sordariomycetes%Hypocreales%NA%NA%NA	10
063982ce031e12be50886d23355bd3ce24e48d2b	Ascomycota%Sordariomycetes%NA%NA%NA%NA	10
2add5924a3ac8760342a42f2b18f4bc69a08d17a	Ascomycota%Eurotiomycetes%Eurotiales%NA%NA%NA	10
4fd86f6efc63e3595a2e34e2d53439db43ccc4b2	NA%NA%NA%NA%NA%NA	10
e17f4413672be191495ec0db7c6d359cb1d5da61	NA%NA%NA%NA%NA%NA	10
fd7b6717fb70970f388b2b3a7bd8fbfcc21806d2	Arthropoda%Insecta%Hymenoptera%Formicidae%Pheidole%NA	7
e2a3215a7eb401a681cb79f0f8f54c369052b172	NA%NA%NA%NA%NA%NA	10
f51a4218e56a82234982b7a5379826ebd2fa1a93	Arthropoda%Insecta%Hymenoptera%Formicidae%NA%NA	7
f629e174f91ba443d1f29ca5c6eaf672679b1e97	NA%NA%NA%NA%NA%NA	10
4cf01e4e2de1db2a15211eb76088f31339eae06a	Porifera%Demospongiae%NA%NA%NA%NA	10
05a5b9fe3b68eea79b91f148d7f9cfd93d3a80a7	NA%NA%NA%NA%NA%NA	10
3d6586563951eb0c6633c910748a43d8f2bfb146	Arthropoda%Hexanauplia%Calanoida%NA%NA%NA	10
6f50c492fd96d32ee87f43791140fa1c119d4900	Arthropoda%Insecta%Diptera%NA%NA%NA	10
73ed9d6a89ee7d1a670ab23812b459c60ac25e84	Ascomycota%Dothideomycetes%Cladosporiales%Cladosporiaceae%Cladosporium%NA	10
99f69a9c8962272eb2224c9da6d8cfa24fcde3f5	NA%NA%NA%NA%NA%NA	10
515d2a104998f3005c72665dad8cc2b427f2a0d8	NA%NA%NA%NA%NA%NA	10
6ca413703a4cabafb684be819b47bcfe1b4a32dc	NA%NA%NA%NA%NA%NA	10
52fb0bbbc8ac04a203f7b7bfcb8760e4d98730d9	Mucoromycota%Mucoromycetes%Mucorales%Mucoraceae%Mucor%NA	10
2f25700f26db21070f67ad293b80913c7266f47b	NA%NA%NA%NA%NA%NA	10
56ec175f424bd2aaa5b55478a6e4c2a67fb301a3	NA%NA%NA%NA%NA%NA	10
240d4504e4a339c8c71027cfe0b78f5c39dcd4e3	Arthropoda%Insecta%NA%NA%NA%NA	10
c987bcd0cad851d5d77d226ef304134ce49e823c	Ascomycota%Sordariomycetes%Hypocreales%NA%Gliocladium%Gliocladium viride	2
dac28e6817794db3a8b5a735eb90d2e341436924	NA%NA%NA%NA%NA%NA	10
a2a7e9e33722c6548ac4b7f48ebaa0704baea644	NA%NA%NA%NA%NA%NA	10
8d11b76f69397d634d680348166a5d70121fc82d	NA%NA%NA%NA%NA%NA	10
7b09d2a5c9b1f09200072c37e6b83972e1cbd0be	NA%NA%NA%NA%NA%NA	10
d4c3eda5d80cf0a5fceeed8af8ce1a01f7c1aecf	Arthropoda%Hexanauplia%Cyclopoida%Cyclopidae%Mesocyclops%Mesocyclops edax	1
3ad45d089951482a3a704557d1015f857b2e09c9	NA%Phaeophyceae%Ectocarpales%NA%NA%NA	10
599a7c708e370c1c8a5d925e7698f9a9243258dd	Arthropoda%Hexanauplia%Cyclopoida%Cyclopidae%Thermocyclops%Thermocyclops inversus	1
ce443b55a16ba379cd2143cfb5c8a66baac3fda1	NA%NA%NA%NA%NA%NA	10
7385c7bb518ca207641e2dd320b0d4ebd13db2a6	NA%NA%NA%NA%NA%NA	10
eca11b1c282858da43440a7a1baae9c3001b6ee4	Arthropoda%Insecta%Lepidoptera%Erebidae%Antiblemma%Antiblemma ceras	1
54296558636e924fc159eda45bacce10421e82ae	NA%NA%NA%NA%NA%NA	10
c18e01a73d583daaecd5b695a3fcd1cb05b273be	NA%NA%NA%NA%NA%NA	10
c571038e4646a381e091ef648a53bd92261bc24b	Ascomycota%Eurotiomycetes%Eurotiales%Aspergillaceae%Aspergillus%Aspergillus terreus	2
edadc0d6c49089a9a2c6599f82ab9284ff185631	NA%NA%NA%NA%NA%NA	10
04e15beffbbcc961f25fec69f8ce03dad9d09ff1	NA%NA%NA%NA%NA%NA	10
4b19ed1a719d2d8eccbd3dd42d5dc157b6da3dc0	Ascomycota%Eurotiomycetes%Eurotiales%Aspergillaceae%Aspergillus%Aspergillus terreus	1
a30ff8325d92a78c7b0aacf9790c092fb0fdabdf	Oomycota%NA%NA%NA%NA%NA	10
a8cd85a636cd9b855427254066ab2e1ecbeb3b1e	NA%NA%NA%NA%NA%NA	10
4da636d0443625375ee0492e564967c021306231	Porifera%Demospongiae%NA%NA%NA%NA	10
5e808fce61faf727348930b51b18a54e691baed5	Ascomycota%Eurotiomycetes%Eurotiales%Aspergillaceae%Penicillium%Penicillium rolfsii	2
60384aac53b1108c1ce20cca0e168d46d4350af8	NA%NA%NA%NA%NA%NA	10
919f1acbe6533c3d62ce03ec548927d79772c049	NA%NA%NA%NA%NA%NA	10
c68d4697625bf19cff07976530953bfeceff77c7	NA%NA%NA%NA%NA%NA	10
5db141855f4854cd0689b60092dc69d3a01058ff	Ascomycota%Sordariomycetes%Glomerellales%NA%NA%NA	10
e6fa9c533179ef5b84ded692de54d84c4ea313f4	NA%NA%NA%NA%NA%NA	10
10ab967885080d2e50b9271cc650604acc102158	Ascomycota%Eurotiomycetes%Eurotiales%Aspergillaceae%Aspergillus%Aspergillus ustus	2
f5c5c5e84e2ae80874abab3be848493041dfd793	NA%NA%NA%NA%NA%NA	10
ff011f7959d33086d5f6e1e9941ce382575a5592	Arthropoda%Insecta%Coleoptera%NA%NA%NA	10
10e7e60b6039fa95ca535ada3d8207c91b13ffa6	NA%NA%NA%NA%NA%NA	10
2748c6736823494f6179c5c0d1c86061141a0877	Ascomycota%NA%NA%NA%NA%NA	10
3362ee8fe8f894b9db652084dbecfe2fdd25c69d	Arthropoda%Hexanauplia%Calanoida%Diaptomidae%Arctodiaptomus%Arctodiaptomus dorsalis	2
b7b0913c3e53603b8adecbeb9c2918719a316e2a	NA%NA%NA%NA%NA%NA	10
2ac302069e6624b26a7d237c182475087c005d44	NA%NA%NA%NA%NA%NA	10
5beccf9c6fd793121a62034729e93be8655a2496	NA%NA%NA%NA%NA%NA	10
8fe5d2b38ec6e59d73d2bf8ba5a228f6a28e41e1	NA%NA%NA%NA%NA%NA	10
d13cfa3eab81ce2040d0785783a954da830852b1	NA%NA%NA%NA%NA%NA	10
9e95b3e510a6fc9f140ae9deeaa01a8f31e161d3	NA%NA%NA%NA%NA%NA	10
01ad8614c936ea0eb4a71f8ffdefa3db52606e72	NA%NA%NA%NA%NA%NA	10
6eac1903a2c07d6c9b084059cc3ede8455f72c4f	NA%NA%NA%NA%NA%NA	10
40be44ca9c300eecb422eb70d2d7eb1b454d550b	NA%NA%NA%NA%NA%NA	10
5dc1c59d214d22e05a3744e40837f16c7c8911c9	NA%NA%NA%NA%NA%NA	10
63d88812de927a6212430c3b56a1b2f7f55157c0	NA%NA%NA%NA%NA%NA	10
44037f768939957e43ea0a96f13210b8b508660c	NA%NA%NA%NA%NA%NA	10
624f5c206dfcfd78157638b03d6c2b48fccb44ce	NA%NA%NA%NA%NA%NA	10
2b08263d4603057866db4963694ea27aa3c001a6	NA%NA%NA%NA%NA%NA	10
b7675f2ab48feb77c265b0772eb1f157df7fa93a	NA%NA%NA%NA%NA%NA	10
ccaeeff16fd0bf0502600e5fbc8f01dbe25ce516	Ascomycota%Sordariomycetes%Hypocreales%NA%Gliocladium%NA	10
6506935a8d0007f9e7a74fa15b40f5b6aeae5388	NA%NA%NA%NA%NA%NA	10
3663f6f207f57ffb87bf3e3e6c2152d433218703	Rotifera%Eurotatoria%Ploima%NA%NA%NA	10
392578bd3678af5cf70d7ce26b3382f74c169a8f	NA%NA%NA%NA%NA%NA	10
4cb60a972f8721091ef6c95c1be75abf74ad904b	NA%NA%NA%NA%NA%NA	10
54f538e7040ffa10da770dbc4b2a0191e2e7aa2e	Rotifera%Eurotatoria%Ploima%Brachionidae%Keratella%Keratella americana	1
1e2e8ebbe0e04a7ed62d064303676481711bccc8	NA%NA%NA%NA%NA%NA	10
3f851909441ceebb4c8b8f93116340498516bcec	NA%NA%NA%NA%NA%NA	10
a131dd7be811cd58b97290785a80dbd0b96ed18a	NA%NA%NA%NA%NA%NA	10
92526b8aa60a546e60f93b14b57ea8ddd8ee09b2	NA%NA%NA%NA%NA%NA	10
d74a26d497ab86795cda517769498ef3ed1b188d	NA%NA%NA%NA%NA%NA	10
be2f8de5d93c0f479c87a238327ad43247a8ff51	Arthropoda%Arachnida%Scorpiones%Buthidae%NA%NA	7
541743322dde9c5f1433dd3f8bcc778c63d5181c	NA%NA%NA%NA%NA%NA	10
d82f1bcd8b94471239c8b2765f51b7ab962b51de	Ascomycota%Eurotiomycetes%Eurotiales%Aspergillaceae%Aspergillus%NA	10
fc9a2e9248c45726f2fb60aad62f1d3489be37a7	Arthropoda%NA%NA%NA%NA%NA	10
44f36a999ce1926eca96eb6eb352de60afd99f15	NA%NA%NA%NA%NA%NA	10
79437f3a537edf11f4892fa245d1b69e9ac5308f	NA%NA%NA%NA%NA%NA	10
80312adeebc52d55ddb39a25aad4a7aa7f9eb038	NA%NA%NA%NA%NA%NA	10
6a6854c28708aad8312ddf105fa688cd8c48a4d0	Nematoda%Chromadorea%Rhabditida%Aphelenchoididae%Aphelenchoides%Aphelenchoides bicaudatus	2
937f15a3cb401bf0866467d9af97158745fd9523	NA%NA%NA%NA%NA%NA	10
3f7820686b9d718f74ebd16b4fa3ff32e103c8df	Ascomycota%Sordariomycetes%Hypocreales%NA%Gliocladium%Gliocladium viride	2
f1c984413cce54ab934bda886dc0b0ad441b613c	NA%NA%NA%NA%NA%NA	10
b709df97468e620760c9762ac157731f2c70e61d	NA%NA%NA%NA%NA%NA	10
260f812ba96e1dee15ed92c390077e54fcc9a636	NA%NA%NA%NA%NA%NA	10
c57a5ce3cac6c21a89ee700f8ad6e34194eba385	Ascomycota%Sordariomycetes%Hypocreales%NA%NA%NA	10
0d10705352cb38d7f6778032b643a9693d887639	NA%NA%NA%NA%NA%NA	10
36dbf72925ac56f0534cd989aca38c16212e662e	NA%NA%NA%NA%NA%NA	10
48382231b2981835aae29f5696569aac60f69d32	NA%NA%NA%NA%NA%NA	10
49982cd6606eacd492b08fcbd832c9390fd59b8a	Chlorophyta%Chlorophyceae%Sphaeropleales%Hydrodictyaceae%Hydrodictyon%Hydrodictyon reticulatum	1
4248d13e4e8ea329525f9b92ab1c205baa58b720	Cnidaria%Anthozoa%Scleractinia%Fungiidae%Herpolitha%Herpolitha limax	1
4823064792a0e041f9d8c230da0ba4646dd6710d	NA%NA%NA%NA%NA%NA	10
5c51e7310ad5de72356b7faeab40dba189ab6b08	NA%NA%NA%NA%NA%NA	10
8daca990609ee9f36cedcb04e832a562eadc915b	NA%NA%NA%NA%NA%NA	10
a7674d073558b2f0003b03fcf1cafdfb34ecd650	NA%NA%NA%NA%NA%NA	10
a8e3348841f23eec3372cbb5691cc8d54d380391	NA%NA%NA%NA%NA%NA	10
fdbcb5f5d4e1ae827124d1ff5f6cd4b1200cc794	NA%NA%NA%NA%NA%NA	10
e39e83e406b0ef7a84e9fe356eada7f50fad2425	NA%NA%NA%NA%NA%NA	10
315a3d20c6162a342e599bd656d18af44ad86710	NA%NA%NA%NA%NA%NA	10
115c4f9a22bc1a5b0da768b96f7a064e7e633827	Discosea%NA%Longamoebia%NA%NA%NA	10
4033663bfa66c4a4eaf35fda70076e6f2e006475	Ascomycota%Sordariomycetes%Hypocreales%NA%NA%NA	10
2f40c1e051dceec07cc8264f1c133e2f4c9602f0	NA%NA%NA%NA%NA%NA	10
fe3708e830521facfb921ae18a0fe1bb94045f8c	NA%NA%NA%NA%NA%NA	10
f0afa563d6490f27dfe44fd6bdc28b01c3f5a91a	NA%NA%NA%NA%NA%NA	10
8798b2178ee7568955664dbf553618883baaf4c0	Ascomycota%Sordariomycetes%Hypocreales%NA%NA%NA	10
3cc3c38caae0b41e0a32c5807de624d3bc352899	NA%NA%NA%NA%NA%NA	10
bda01b12f35fb88100a27b97c22ae2f72d5ceae5	NA%NA%NA%NA%NA%NA	10
b2f71619c20dc7ead367c411e2cc871da328c6b2	NA%NA%NA%NA%NA%NA	10
2aa78521bfb9dd3df834e71dc81273ab3fcfa041	Ascomycota%Sordariomycetes%Hypocreales%NA%Gliocladium%NA	10
da192cbcf57b4603f5bb9f580f6e546642928ef4	NA%NA%NA%NA%NA%NA	10
b085e1e5eb0aaba50d1c8d632b0efc7a443b58dd	NA%NA%NA%NA%NA%NA	10
01213f80ac0c990073ec1957c02afdd323b1db9d	Mollusca%Gastropoda%Stylommatophora%Helicidae%Helix%Helix nucula	1
93c5e72917934e4f40b5175d8025b31048208fd1	NA%NA%NA%NA%NA%NA	10
5b9e7c2d6dd9b54c0fc17d8354e0bc04bfe57682	NA%NA%NA%NA%NA%NA	10
54ef236074ff29ecb4983f36ded2d4ca3ddf08f0	NA%NA%NA%NA%NA%NA	10
69d7c1e79383bb598707621bdd0f37cdbac62638	NA%NA%NA%NA%NA%NA	10
2ea44ef575d2f6de3f9aef3f26687caf42fe0d28	Chordata%Mammalia%Artiodactyla%Bovidae%Bos%NA	3
4fe6aef27f2b8905da1ee5e6dc1b0087375b6189	Oomycota%NA%NA%NA%NA%NA	10
ebdf8b922f4abeacd9896d311b7a6604a12fd213	NA%NA%NA%NA%NA%NA	10
f9ab17bca8a0024dc3bbb9587254e6722e6ed0a3	Ascomycota%Eurotiomycetes%Eurotiales%Aspergillaceae%Penicillium%NA	10
51149afa8645a715bd6a8df602600dd621aeb548	NA%NA%NA%NA%NA%NA	10
f43cacb2899ed8eecad607964754cdd24678b440	NA%NA%NA%NA%NA%NA	10
dc94e3c309d57448717252db0b0c967d69549578	NA%NA%NA%NA%NA%NA	10
83bae355bf8974d06f27cd1835b30329e3d690bd	Ascomycota%Sordariomycetes%Hypocreales%NA%NA%NA	10
92c34416ababdc3bbb13f2e822dc431ff72863c1	NA%NA%NA%NA%NA%NA	10
337309e2f6532df444a653e2af8ae60a318cd1a9	NA%NA%NA%NA%NA%NA	10
009c92ecb1298ca532c775444f55a50316cee0d0	NA%NA%NA%NA%NA%NA	10
2b4493585417fe3e9212b0acc47a67025c5f7727	Ascomycota%Sordariomycetes%Hypocreales%NA%NA%NA	10
2ca95dc548e0d2c3f3ba47e63e2d566013d43d20	NA%NA%NA%NA%NA%NA	10
4dfc6705262587c8291ac6e28db7c754309de175	NA%NA%NA%NA%NA%NA	10
47ab64efc831077a2d94c76e0618641b4706841d	Ascomycota%Eurotiomycetes%Eurotiales%NA%NA%NA	10
6b16083d19beb6ae8444b383eabb6a4bdea7f9f5	Chlorophyta%Chlorophyceae%Sphaeropleales%Radiococcaceae%Follicularia%Follicularia texensis	1
38e673faccc4b56948d41920a398e19b36bceba3	NA%NA%NA%NA%NA%NA	10
4782745ce71a1210b84ae85e62e48d619393d916	NA%NA%NA%NA%NA%NA	10
4eb7027103a8bc56fc910ae383b0b58fed780019	NA%NA%NA%NA%NA%NA	10
4edf35266efcb2bc1deec328dfaf94ecc45cfa3d	NA%NA%NA%NA%NA%NA	10
5345e471b188a80215f96430c8397c8c6a8f725e	NA%NA%NA%NA%NA%NA	10
57c33b9df04a396042271c9a6d1b0cc9f56cef17	NA%NA%NA%NA%NA%NA	10
b069496fe9f75db9773721f5f89edf9c842021cb	NA%NA%NA%NA%NA%NA	10
b8ec11e5b4e69a60a1ae86d4da03ee2349a58139	NA%NA%NA%NA%NA%NA	10
57cb35885fa4f832ed8da8c88962cbdebb526a6f	Arthropoda%Insecta%Trichoptera%Leptoceridae%Leptocerina%Leptocerina ramosa	1
4ab84b1cfe15f26bd79fca3e580413a4952eb93f	Ascomycota%Sordariomycetes%Hypocreales%NA%NA%NA	10
78cbfc92a794761a8d910fddf6f0f307442ef38d	Ascomycota%Sordariomycetes%Hypocreales%NA%NA%NA	10
c3e4d523aef5e73780a88c1bb85f5c9ab4ef9029	NA%NA%NA%NA%NA%NA	10
c1dbfecb14eca1bd799413c1fd1846f57fa6c9c1	Ascomycota%Eurotiomycetes%Eurotiales%Aspergillaceae%Penicillium%NA	10
9d0662d39536c5d0d559462b0a5b1ad576d8098f	NA%NA%NA%NA%NA%NA	10
942ac82ea26bd3d5b3d01882aa1691a1935eff31	NA%NA%NA%NA%NA%NA	10
92f805ea0da685f5df8d2376cfb60e23caedb542	NA%NA%NA%NA%NA%NA	10
092b5b9dce2b4ca02281dbc1ea8a2305b1b06d9f	NA%NA%NA%NA%NA%NA	10
85df9b5818fe1d95730ca981769cdce09f8a95a2	NA%NA%NA%NA%NA%NA	10
df90d6ef6959eb971b26581dfc2a47122b00a864	NA%NA%NA%NA%NA%NA	10
dabe79323f1ad3dd21e59ac1e9f0264d9ff73607	Ascomycota%Sordariomycetes%Hypocreales%NA%NA%NA	10
d99f09f25a7a6c00fe019c0097e36ab7dcd38691	Arthropoda%Hexanauplia%Calanoida%Diaptomidae%Arctodiaptomus%Arctodiaptomus dorsalis	2
d4d1d86d8117d5a9ad2008f5e1a716e479b9861c	NA%NA%NA%NA%NA%NA	10
56ff3cf1a52f1db8ab756ef651f3fcaae9256aba	NA%NA%NA%NA%NA%NA	10
d45e01262f3e4e00aa6d17128ae087571cf6c65d	Ascomycota%Sordariomycetes%Hypocreales%NA%NA%NA	10
d1572a77ee10668a99be54f48336e6b83620e547	NA%NA%NA%NA%NA%NA	10
e2a9c9458418ac824764abb5cc293b312ac5cfbf	NA%NA%NA%NA%NA%NA	10
47039f590f64a720c95d6fbbed6e17ac04a31e5d	NA%NA%NA%NA%NA%NA	10
c2864e56613157ba594a92141a29577b6ba12001	NA%NA%NA%NA%NA%NA	10
c2b904ae625c35f612d1c3dcb939b26fa03e65eb	Ascomycota%Sordariomycetes%Hypocreales%NA%NA%NA	10
c73f998c9d26971f6e8899a06bfe9f3749e3d414	NA%NA%NA%NA%NA%NA	10
4a2bd303676e6355b18dd9452f3919199a777ec9	Ascomycota%Sordariomycetes%NA%NA%NA%NA	10
4a75224760cea3ade4474e1b6364c5593e35b992	NA%NA%NA%NA%NA%NA	10
ebd99804298f407caaa559bee282422d1cec8dcd	Ascomycota%Sordariomycetes%NA%NA%NA%NA	10
e8bb72e7b22f20ac4c953ec55979ad2708a3c0f7	NA%NA%NA%NA%NA%NA	10
e6a8f1157edb4b53c7045cdb633ddc653543e637	NA%NA%NA%NA%NA%NA	10
e2781b56f4103bce6596beffd7ab0ff059c2fe8f	NA%NA%NA%NA%NA%NA	10
f6fa99a175a4648330d5af9344e6e79585ef35fa	Ascomycota%Sordariomycetes%Hypocreales%NA%NA%NA	10
f08c18c69cadae27739528e995b7872e0d41a5b7	Ascomycota%Eurotiomycetes%Eurotiales%NA%NA%NA	10
6cb9357c72f488fe723069888e9ba1f5bae351ba	Ascomycota%Sordariomycetes%NA%NA%NA%NA	10
2cac322ea77acb1a80eb1f2cc658a4705e8f1084	NA%NA%NA%NA%NA%NA	10
2079652d35e3eff4de4b73f555637c604cae8dad	Ascomycota%Sordariomycetes%Glomerellales%NA%NA%NA	10
50ce6ed145769adbf36372d180685086a51cf285	NA%NA%NA%NA%NA%NA	10
51eaac0e216498153760b71f8526dfa11cf7a358	NA%NA%NA%NA%NA%NA	10
6ae751a16071799a8897bd3155d59cba868d392c	Ascomycota%Sordariomycetes%Hypocreales%NA%NA%NA	10
68f249364783ed87cd99f1a609f85f8bb8ea0acf	NA%NA%NA%NA%NA%NA	10
01f9f806d06d3aceecf20d8af24f422d4b1428fa	NA%NA%NA%NA%NA%NA	10
08ba4ca39f6a2c402ee0e501f1bd176b2a1353e6	Arthropoda%Hexanauplia%Calanoida%Diaptomidae%Arctodiaptomus%NA	10
166fa07ad92c4d38ec995c89cfde96e46482409a	NA%Phaeophyceae%Ectocarpales%NA%NA%NA	10
1c823c1e4108179649f954a182eb82763a2ee983	NA%NA%NA%NA%NA%NA	10
1f58d53d15e273fb249288418cb9934dc36a894c	NA%NA%NA%NA%NA%NA	10
6e070f7a1e2e25b424c0619ce84ddfb68e2e26d0	Arthropoda%NA%NA%NA%NA%NA	10
9b5e2736edd8423f445e40f6e350dd00cd3bf462	Cnidaria%Anthozoa%Scleractinia%Caryophylliidae%Gardineria%NA	3
9b984252d265eb8832311d1b175e2a02f3b4598a	Ascomycota%Sordariomycetes%NA%NA%NA%NA	10
a28cf64f6a4e4f0d5a215a7c531ed6962a798262	Ascomycota%Eurotiomycetes%Eurotiales%Aspergillaceae%Penicillium%NA	3
8f7a0ca89c93a862da4db616d8c4df0a87ff0926	Oomycota%NA%NA%NA%NA%NA	10
9bfd1e8b04458f7975086cf6e1fceaccd4919b02	Ascomycota%Eurotiomycetes%Eurotiales%Aspergillaceae%Penicillium%NA	10
7ec84ab465af2761cd170b14c0eda3b1b3d85a1d	NA%Dinophyceae%Suessiales%Suessiaceae%Yihiella%Yihiella yeosuensis	2
78b2655a32a445c1424d39e2d13851aa65093fde	NA%NA%NA%NA%NA%NA	10
72c197f05d683b15bf453c80f2a69c318b6965f1	Ascomycota%Eurotiomycetes%Eurotiales%Aspergillaceae%Penicillium%NA	3
8e7e92f1f0efc64ea9a70955e2563b1f27e9cc62	NA%NA%NA%NA%NA%NA	10
878e8768e19cb52e902921e2b00df0bd70384178	NA%Dinophyceae%Suessiales%Suessiaceae%NA%NA	9
84def4e81067b3f3f283f8e7bad9b6f27446cd81	NA%NA%NA%NA%NA%NA	10
811eb0513ac7eee90221d05975ba986e3e73de77	NA%NA%NA%NA%NA%NA	10
b9a0529263ceda4af5a80bd1779cedfabe6d3569	NA%NA%NA%NA%NA%NA	10
b76319cea659e6a0f33dbb4d48fa84d911580d3b	Arthropoda%Insecta%Diptera%Simuliidae%Austrosimulium%Austrosimulium furiosum	1
b08ac6fa26171b7b503673d4bad223b8d07d1e19	Ascomycota%Sordariomycetes%Hypocreales%Nectriaceae%Macroconia%NA	10
b4b457597713c0be0079df91b687b7c935e8ddc2	NA%NA%NA%NA%NA%NA	10
b4fc1ddbce8a07ce44010db2b4c4907cbf155268	NA%NA%NA%NA%NA%NA	10
b62ebc4f9139f307ce925e2664086f65a970efc6	NA%NA%NA%NA%NA%NA	10
b6c91bd6b0feda6bf2646eff218cdf81679f06ba	NA%NA%NA%NA%NA%NA	10
bc3b4d43f80fed6e34150e080d9ec209922849ee	NA%NA%NA%NA%NA%NA	10
bc3cce5f0ae7cb4b9a8701b18bdcf1571bacb88c	Ascomycota%Eurotiomycetes%Eurotiales%NA%NA%NA	10
b86ab22e5801753943115c7d6e9c6e49546c6024	NA%NA%NA%NA%NA%NA	10
bd660cdcf6970b8f8d00bcd2271bf110fd9c22ed	Ascomycota%Eurotiomycetes%Eurotiales%NA%NA%NA	10
bee6f1e3f1109cc96066065427bfb06d81e429c1	NA%NA%NA%NA%NA%NA	10
ca40cce75b488beb34e8c87f3f84a33f9e72ef19	NA%NA%NA%NA%NA%NA	10
c889ae07d7b69e7d3c6fa0272709a99904849ae5	NA%NA%NA%NA%NA%NA	10
c7a0f29d62d3d62ceb684cfd8845aa25f08c760a	NA%NA%NA%NA%NA%NA	10
c0046aaed3b20984a45e3163cc4895757e47ddcd	NA%NA%NA%NA%NA%NA	10
a028b3992110425f3f7b806311f555d8a8a61ab1	Ascomycota%Eurotiomycetes%Eurotiales%Aspergillaceae%Aspergillus%NA	10
fffd05ee08f67b04d20fd404aa132330f8c01a13	Ascomycota%Sordariomycetes%Hypocreales%NA%NA%NA	10
81ec075ea54164c70a96dd08dfd1934c3659ce64	NA%NA%NA%NA%NA%NA	10
84a78c13f72369c6c47610e40a29d5f8216d1c5d	Ascomycota%Sordariomycetes%Hypocreales%NA%NA%NA	10
85475ddb4c2459600cfc1f988ff92f4ce3236058	NA%NA%NA%NA%NA%NA	10
880edd8bc92af59de606498e631234653e9878d8	Ascomycota%Sordariomycetes%Hypocreales%NA%NA%NA	10
8a8a27b4b21e6974da386380c4761c4c14563d86	Mollusca%Gastropoda%Nudibranchia%Dendronotidae%Dendronotus%Dendronotus venustus	1
8d441408e09f3726fd392c29fe1e798cd7dc09fd	Ascomycota%Eurotiomycetes%Eurotiales%Trichocomaceae%Talaromyces%NA	10
8f48c0f81ffee304a7dcb0efc4b341b2b96cb751	NA%NA%NA%NA%NA%NA	10
8f5706837621cfcb2f45e885d02d980b9881d4e1	Ascomycota%Sordariomycetes%Hypocreales%NA%NA%NA	10
a17f7c57f9b9ccb8fa0f6dcba23e3fe53f02cf4d	Ascomycota%Eurotiomycetes%Eurotiales%Aspergillaceae%Aspergillus%Aspergillus nomiae	1
a42d44c604189074dbd1739939e7c47a829a0052	NA%NA%NA%NA%NA%NA	10
a508b29ef9ee6f1cc5f4e8652478afbb7d98ea1c	NA%NA%NA%NA%NA%NA	10
a5a8e5d077ed9ea5a8c2e596804ccf0b3dc05caa	NA%NA%NA%NA%NA%NA	10
a65ebcfad8234c300fca901a74c71b9533cf1266	NA%NA%NA%NA%NA%NA	10
a85b872147feb649b6f3e6ceb2ddcd514ad5a904	NA%NA%NA%NA%NA%NA	10
a967f5e661ff009bc520bc917b92ab368fd6e840	NA%NA%NA%NA%NA%NA	10
e9549b807a0c4022779718be86ff2a69733b166f	NA%NA%NA%NA%NA%NA	10
e04d26d21623a7ce36e94012f082246354f734b8	Ascomycota%Sordariomycetes%Hypocreales%NA%Gliocladium%NA	10
e1b336175e5854f969c9cda3d88ae26efe132cc2	NA%NA%NA%NA%NA%NA	10
e3787c1f34841073f3865a4a85b728d9a216da4f	NA%NA%NA%NA%NA%NA	10
e59549baedd76f46b0c6fa42943ff769d1fdef69	NA%NA%NA%NA%NA%NA	10
e6099e50b3ae46f1bfd805b7808b706dcf22109d	Ascomycota%Eurotiomycetes%Eurotiales%NA%NA%NA	10
e84f835bd9febd2532969e122224e0e117469e38	NA%NA%NA%NA%NA%NA	10
e87e767233f640efb25fdafde0eb46eb04f5cfeb	NA%NA%NA%NA%NA%NA	10
e90422fe77a41aba2034252e1730cd244b0d7b80	Ascomycota%Sordariomycetes%Hypocreales%NA%NA%NA	10
e9a82d0aacbedaf61d02b40c5f99f2f697938acb	NA%NA%NA%NA%NA%NA	10
e9ff1831b59d87b55ae6d0c758d05be130ae8736	NA%NA%NA%NA%NA%NA	10
ea8cbbb8ca90341996973e6edfb12e2fb7ccf67d	NA%NA%NA%NA%NA%NA	10
ed6c60dd8ff53b6314abd904587afae927f2ed82	NA%NA%NA%NA%NA%NA	10
ee61c71c039cf6f57f116382b863531360ff6262	Ascomycota%Eurotiomycetes%Eurotiales%NA%NA%NA	10
f39e33ee8cd5e3f3030ee147597bfe4ebe70f2f0	NA%NA%NA%NA%NA%NA	10
9c04f221e3526ada63c4de2fb0269bd1dbe11b54	NA%NA%NA%NA%NA%NA	10
9db0c4527cf5841a179f1d7178b15823d4ecbd43	NA%NA%NA%NA%NA%NA	10
9fcc9cc5a4d35c9c746eebe9332b034ba2ce9b71	Ascomycota%Eurotiomycetes%Eurotiales%NA%NA%NA	10
f8adaa7cf538d6de257297d4ffcba4005df52f2f	NA%NA%NA%NA%NA%NA	10
fe5bda9555bfb9f9125b152ccd434d142e144317	Ascomycota%Sordariomycetes%Hypocreales%NA%NA%NA	10
82ea6f664756e1984d561dfda08c273ef391b503	Ascomycota%Dothideomycetes%Cladosporiales%Cladosporiaceae%Cladosporium%NA	10
fdc14006392da84d0a7018bfb529ec9238b1fa97	Ascomycota%Eurotiomycetes%Eurotiales%NA%NA%NA	10
fa23f542cc24cac8ea3144b004187377e7cdb2c7	NA%NA%NA%NA%NA%NA	10
fbff4de0a7a0648659c764f188dd00fbc14e3f35	Ascomycota%Eurotiomycetes%Eurotiales%Aspergillaceae%Aspergillus%Aspergillus nomiae	1
f753495cae565a8966a3a04ede3ded51a22e1faf	NA%NA%NA%NA%NA%NA	10
9aceb366a4eca8c3d8adc711715f4eb6440e9fc7	NA%NA%NA%NA%NA%NA	10
f99d28924e83ea7acc0dd5e77f8d173361a8a510	NA%NA%NA%NA%NA%NA	10
f43359b5830a0f11ed39f173b0ae43d73495e441	NA%NA%NA%NA%NA%NA	10
93fd4eea747b00babf14044ea8eeb47f3ba26f79	Ascomycota%Eurotiomycetes%Eurotiales%NA%NA%NA	10
97ba9c5371eece9677aaa749db041d55864673c7	Ascomycota%Sordariomycetes%Hypocreales%NA%NA%NA	10
cbefa8a35acc23f27d3b098ffa2dcfbe198a4c7a	NA%NA%NA%NA%NA%NA	10
cc226194aa2e79e2dcdfd0dbddac741f480407d9	NA%NA%NA%NA%NA%NA	10
cd0ae85957e552a032aed9d119927c52c0ed5a21	NA%NA%NA%NA%NA%NA	10
cdde94597c85cef8cb5acab76a565ffa4937ac31	Ascomycota%Sordariomycetes%Glomerellales%NA%NA%NA	10
d637fcc265c14209c72f494ea30824128ea2419a	Ascomycota%Eurotiomycetes%Eurotiales%Aspergillaceae%Penicillium%NA	3
d10551aa8c1c7fa383558ccdf33558fec87d1f13	NA%NA%NA%NA%NA%NA	10
d382936caab867c4fb2c2fad62f68ff78c22b015	NA%NA%NA%NA%NA%NA	10
d3d79cef411db8af9a390ea016be5efa73d8a8fc	Ascomycota%Eurotiomycetes%Eurotiales%NA%NA%NA	10
d3def74e648d9840b21228aafcee05cd6806f904	NA%NA%NA%NA%NA%NA	10
d426a03580b878c95aa5a57323931584467bd719	Chordata%Mammalia%Primates%Hominidae%Homo%Homo sapiens	1
d63bef3c9432abfea086cd2afacbbb1f9e93b2b8	Ascomycota%Eurotiomycetes%Eurotiales%NA%NA%NA	10
d8addc59587e5b0edc7933a73bd866c4de318a72	NA%NA%NA%NA%NA%NA	10
dc857f530f2a20cb6d96451331edd380bb93b079	NA%Phaeophyceae%Ectocarpales%NA%NA%NA	10
ddf48bd99381fe11cbf629d7a233bda8aedb41a6	NA%NA%NA%NA%NA%NA	10
df3a55637b436f640ef5d3394e88c25811d2ca65	Ascomycota%NA%NA%NA%NA%NA	10
f028b2463d78c546c657061afb42f514ced65e19	NA%NA%NA%NA%NA%NA	10
f03c22c6f24550a4adea3dfea9842765a19b03d9	NA%NA%NA%NA%NA%NA	10
f0f99d0163da15b7721dd3807ae449fba5f271d6	NA%NA%NA%NA%NA%NA	10
f1e03b0a39b244ee1a9546a8c61f7fd6580ae987	NA%NA%NA%NA%NA%NA	10
f35ed162c0da7a868431d8357c0c616183dbc430	NA%NA%NA%NA%NA%NA	10
227978d33584e8a7b2b21e2429615a6e2a3ef5a9	NA%NA%NA%NA%NA%NA	10
2c9520b519732dad19cb2594a6b352cb87f5526d	Ascomycota%Sordariomycetes%Glomerellales%NA%NA%NA	10
21731bbb803f3a4975f33c57bc3d147afde5bcf3	Ascomycota%Sordariomycetes%Hypocreales%NA%NA%NA	10
213460835abb8e18b8a31211ed5e8359f9f96b5e	Ascomycota%Sordariomycetes%Hypocreales%NA%NA%NA	10
2bf8dafb6de3b1a56546e2269fa06d1660e78816	Ascomycota%Eurotiomycetes%Eurotiales%NA%NA%NA	10
2b749d060a8cb1cb4e0c420f8f60f4a25d5eb542	NA%NA%NA%NA%NA%NA	10
265bc64fe2695f34cc715be6e39699e6b5d52a59	NA%NA%NA%NA%NA%NA	10
27d73f612ac5a023e16018377290521597831964	NA%NA%NA%NA%NA%NA	10
24cfe4219bae9be169636b91ba63db5862ffb92d	NA%NA%NA%NA%NA%NA	10
22c1cf9041839ddb3ace9af2233441d036028402	Ascomycota%Sordariomycetes%Hypocreales%NA%NA%NA	10
228ddb3100e2692b85997caf996749941a0c37f7	NA%NA%NA%NA%NA%NA	10
20546755f9ee16ceff05ea46853e31d8a23dc7f2	Ascomycota%Sordariomycetes%NA%NA%NA%NA	10
3042fc5618565d601ccb24cb895acde340e826dc	Ascomycota%Eurotiomycetes%Eurotiales%Aspergillaceae%Aspergillus%Aspergillus terreus	1
3b93c1e7a3ad15c723706f6df1489295f08af761	Nemertea%Enopla%Monostilifera%Ototyphlonemertidae%Ototyphlonemertes%Ototyphlonemertes macintoshi	1
3302259ff2d091b23f778e349b9ed8c4cfd397e6	Ascomycota%Eurotiomycetes%Eurotiales%NA%NA%NA	10
33377fa38a4c59a5c3b7a501e81900f92a62b3a6	NA%NA%NA%NA%NA%NA	10
336ee38ad719031eea9c870541e5cbdd6bf42754	Mucoromycota%Mucoromycetes%Mucorales%NA%NA%NA	10
33dd6b4ed76c90ec4558963f5ea7be545cd75e31	Cnidaria%Anthozoa%Scleractinia%Caryophylliidae%Gardineria%Gardineria paradoxa	1
3ae43a1d336e175783e6f1e36e9dc43804311eec	NA%NA%NA%NA%NA%NA	10
3a3cc8fb8a29824040b8c98aa240ef8179c095b5	NA%NA%NA%NA%NA%NA	10
38b88d6756e0fb2b4213dfc934d823c54d32b55b	Arthropoda%Hexanauplia%Cyclopoida%Cyclopidae%Thermocyclops%Thermocyclops inversus	2
38950da84e6a9042af40e8426f1839154c40913b	Ascomycota%Sordariomycetes%Hypocreales%NA%NA%NA	10
384c2ce3d8ccc1af20fdf7009f041b6b5199f694	NA%NA%NA%NA%NA%NA	10
34da5792ad3e6aa9acd6d63d7fbd0c35bd45e3eb	NA%NA%NA%NA%NA%NA	10
10c857444cd660df7204c7f2b218161ae0f26ac9	Ascomycota%Eurotiomycetes%Eurotiales%NA%NA%NA	10
0446ce72535c713cb4a2ad8613dfe1f08806ecd9	NA%NA%NA%NA%NA%NA	10
0567ff5270fe492b5c8837eeab0277fa7d312b59	Chordata%NA%NA%NA%NA%NA	10
08997f643ee8f1c23de56b616efe13d82330d4bb	Discosea%NA%Longamoebia%Acanthamoebidae%Acanthamoeba%NA	10
09c99309f5b2aaf404fe33dfb0ad471387872e51	NA%NA%NA%NA%NA%NA	10
0d9a79a6017c25b89e6feb55a17ac2ae6b1c5128	NA%NA%NA%NA%NA%NA	10
0d9b8d1fb587472d04a288df0a81a5a9d1e24a52	NA%NA%NA%NA%NA%NA	10
0ddd02054599066c00dcc6edd5440d15fc64d904	Ascomycota%NA%NA%NA%NA%NA	10
1dfdcc62be6dc3f82dfa3d2fd3818c169cfd864c	NA%NA%NA%NA%NA%NA	10
13827899a2963666d19ed17324ce7aee90643340	NA%NA%NA%NA%NA%NA	10
13d04c8165284c64490d6aadea6a9885c8d72e7e	NA%NA%NA%NA%NA%NA	10
16b9fe9857c8a6b80df88940c066ffcd3e1dc9be	NA%NA%NA%NA%NA%NA	10
1a52d58a5ea3e0a1de58bdccbf68f7bb03d4bd04	NA%NA%NA%NA%NA%NA	10
1c3f008434f3f3b96991284e6caa6cc6b1d64463	Ascomycota%Eurotiomycetes%Eurotiales%NA%NA%NA	10
1cffdce4f1e97f5e2a502e25b50449a4b33601e2	NA%NA%NA%NA%NA%NA	10
1d6d63df13776abc248e60524406bf4d19e4287d	NA%NA%NA%NA%NA%NA	10
765f2b7221b43ad4aaadf03c752e553df6bd4adf	NA%NA%NA%NA%NA%NA	10
7353f4fab177edc42c5836fbb295622ce52ba333	NA%NA%NA%NA%NA%NA	10
70f5f8d6e1dc0370cdc7e97e9e22d544bcdb099b	Ascomycota%Eurotiomycetes%Eurotiales%Aspergillaceae%Aspergillus%Aspergillus versicolor	2
7026b1cb73d1a1cb17f276ad1c9254a13388d6c3	NA%NA%NA%NA%NA%NA	10
4d3e7414228839e750f9d174f0a352b43a9a0c27	NA%NA%NA%NA%NA%NA	10
4ccbea9464ee0fa2d1bfee2ff631e03e2b765960	NA%NA%NA%NA%NA%NA	10
4c1c0b4c01a80c041476224f3b7238b94964599e	Ascomycota%Sordariomycetes%NA%NA%NA%NA	10
46a443b44e394d9cba58afae61b48b22fe31b6ba	NA%NA%NA%NA%NA%NA	10
4a7e0715973d47ad6f8a44624f6e7b0d73ff47d1	Ascomycota%Sordariomycetes%Hypocreales%NA%NA%NA	10
48d265b2e1b0cb7487c3a7d9a580226b55efb6bf	NA%NA%NA%NA%NA%NA	10
49099470d24bf7ed27ac20157b4ed9ad91b88544	NA%NA%NA%NA%NA%NA	10
43eda29b7997d01ac195c50eba5f4092456f3ef1	NA%NA%NA%NA%NA%NA	10
43ff1ff2c1137c80c165d1a0a96b5c5cc5c1d0bb	Rotifera%Eurotatoria%Ploima%Brachionidae%Brachionus%Brachionus havanaensis	2
40c2d8722ba6f700a2ac7f9f927f4d200c25fef1	NA%NA%NA%NA%NA%NA	10
405171bcafc4bd1cba43ba927272589f81f166a6	NA%NA%NA%NA%NA%NA	10
5da53f34b761a6c685e92278dda497fc287daed5	Ascomycota%Eurotiomycetes%Eurotiales%NA%NA%NA	10
5f14df31500becd60c5ba6ce2fb073e7da28ece2	NA%NA%NA%NA%NA%NA	10
777b70c679c6bc81f6d108df4aca7aa938a96f2e	NA%NA%NA%NA%NA%NA	10
797deeab5679d75b02942cbe7b1515770c4c8924	NA%NA%NA%NA%NA%NA	10
7bb02baff3404537e4cf3f0bb3247ec2789dcd8f	NA%NA%NA%NA%NA%NA	10
7e859a36b77b46b8f7a5e8eedd14f81506ab5c3c	Ascomycota%Eurotiomycetes%Eurotiales%NA%NA%NA	10
7f7ab993c0662f59da36f96f43032efb67324624	NA%NA%NA%NA%NA%NA	10
8091134e6ce88e8ae8a49adaae9a922aa98a1702	NA%NA%NA%NA%NA%NA	10
5a7ee2dd2d1f66818cc4975a6cab12a5371caf72	NA%NA%NA%NA%NA%NA	10
3d95d05427ce6c1f7176c9e34d09138acf930a8a	Ascomycota%Eurotiomycetes%Eurotiales%NA%NA%NA	10
510348f90fe834a1005378d67985bc222e7ba6c8	Arthropoda%Hexanauplia%Calanoida%Diaptomidae%Arctodiaptomus%Arctodiaptomus dorsalis	2
528a96dab4f097a32fc74ac3457ef70c2c261aa7	NA%NA%NA%NA%NA%NA	10
57ef41d20a637ff84a42afd9331d8f7917928063	Bacillariophyta%Coscinodiscophyceae%Stephanodiscales%NA%NA%NA	10
5b1df057365292e9c146d09df3cbd9db3f11db5c	NA%NA%NA%NA%NA%NA	10
5b6663297ac4392b3f47f4f9fa1a27652a0ea79c	Arthropoda%Arachnida%Sarcoptiformes%NA%NA%NA	10
6d76b5bafbe23ab74be7b3b75fb6439d1d239246	NA%NA%NA%NA%NA%NA	10
683794ccab8062b67d417ab64d7e2b491fb5854a	Ascomycota%Eurotiomycetes%Eurotiales%NA%NA%NA	10
6903f6fb3e4fdae6e172513be098125d5e885cab	NA%NA%NA%NA%NA%NA	10
678f6623bc94de0f2737a58b2e3e929ec0f953f7	NA%NA%NA%NA%NA%NA	10
640945a9273eed2f2e7203ce3ce2daf217633abf	Mollusca%Gastropoda%Cycloneritida%Neritiliidae%Neritilia%Neritilia cavernicola	1
62fc6baf94d38bd3943ce509dcfd7f2a911b52fc	NA%NA%NA%NA%NA%NA	10
62bfa8cfd3cdf3fa452219336fa7a4cb9787a5a9	Ascomycota%Eurotiomycetes%Eurotiales%Aspergillaceae%Aspergillus%Aspergillus terreus	2
606272ea86263c2aa0a0220d217468b426711dc2	NA%NA%NA%NA%NA%NA	10
60249962db95bdd7fe9b296a72ac4320df7a6b36	NA%NA%NA%NA%NA%NA	10
c38439698af9d7cec3951644630c7423916eaffc	NA%NA%NA%NA%NA%NA	10
3e201efb23da55968f2d277fd8a026654d2788c0	NA%NA%NA%NA%NA%NA	10
4a231a83258cef0198614edd24985a203796d06c	NA%NA%NA%NA%NA%NA	10
07ac851dda56e7ac47f1476cd4612710d582fa69	Porifera%Demospongiae%NA%NA%NA%NA	10
83eb45a92907ba4d81a93cb5e3fa127e2b06500c	Chordata%Actinopteri%NA%NA%NA%NA	10
904a1b7a99088386d5950749fbb52308cb0bde8e	NA%NA%NA%NA%NA%NA	10
a01e5af781b7f814170e8d06731cd86bae5b9099	Basidiomycota%Agaricomycetes%Agaricales%NA%NA%NA	10
f15164bdf4b19257c64da79a243af48dbeadc44f	Ascomycota%Eurotiomycetes%Eurotiales%Aspergillaceae%Aspergillus%Aspergillus fumigatus	1
c752df487ad10233e3be2c3f805589d41ca54675	NA%NA%NA%NA%NA%NA	10
27d7d83ec83e58545d1cb54d8437904eb2ce1f45	NA%NA%NA%NA%NA%NA	10
014e1d4f385e69b6d0b68f4e8fdd8af6a63af2e8	NA%NA%NA%NA%NA%NA	10
0ae8f227aba6fab923ab564a067085cd080e6485	NA%NA%NA%NA%NA%NA	10
70b3daa31ad2a0b45cb2ff3ab6a5ef9bbf239002	NA%NA%NA%NA%NA%NA	10
81e619f238386016a74f890ca1a1ddf5d5d64968	NA%NA%NA%NA%NA%NA	10
ca07e6465f60347a87fbf5d69a9bdaa90c0f928b	NA%NA%NA%NA%NA%NA	10
08f47b5c8115a09876321d71de4f9407301f7bc2	NA%NA%NA%NA%NA%NA	10
42cb293a03f8109a3c82e67dc9d6b66af7a43444	Oomycota%NA%Pythiales%Pythiaceae%Pythium%NA	3
2d193118b00717593ada5d5d635dfbb6b315927b	NA%NA%NA%NA%NA%NA	10
024c4e916a40ce43a8b9fdd3330d2ad10df76855	Oomycota%NA%Pythiales%Pythiaceae%Pythium%NA	3
d23663714532e0bfcecf45abb95ddd39c4bd936f	NA%NA%NA%NA%NA%NA	10
8cc88fcaf344772a86288526e5b652e43e3be864	Discosea%NA%Longamoebia%Acanthamoebidae%Acanthamoeba%NA	3
e86fda8dc108d2e5d853a7efd601909de8f6f8a5	Arthropoda%Insecta%NA%NA%NA%NA	10
601c26457d8c6cdb6910fcc8caba9f299862c192	Ascomycota%Sordariomycetes%NA%NA%NA%NA	10
d8ea4aad205fd615b33f6fa513922bbec6504d74	NA%NA%NA%NA%NA%NA	10
3978519ec058a15ad067d08db58ef836a0533137	NA%NA%NA%NA%NA%NA	10
f8f38fefaa9b5a14ffce7f0c5a9db7b1871ef2f9	NA%NA%NA%NA%NA%NA	10
3529b5ba452ac77c5be4a2e42336980c0dc6dc73	NA%NA%NA%NA%NA%NA	10
50f54e208db5fd4b304aefdc637a62cd6a72446e	NA%NA%NA%NA%NA%NA	10
777de9d8d1975e4353e76fd4a225b31234700922	NA%NA%NA%NA%NA%NA	10
6edae7350d09918fc8bbf56a1651b591a4dbe22f	NA%NA%NA%NA%NA%NA	10
7efeca86813093ba1ece3709fd26c4adb9bcd2d9	NA%NA%NA%NA%NA%NA	10
3293d44480203e356bf192176a8e6b78a72b8fa3	Arthropoda%Insecta%Diptera%Chironomidae%Dicrotendipes%Dicrotendipes modestus	1
b10a361f6f2396fe68ca6b69cef7b414e1c5d2d1	NA%NA%NA%NA%NA%NA	10
bae6873d21f397999eb956c1e70a702181df560a	NA%NA%NA%NA%NA%NA	10
9f8cc2efb38df5f6ae629c8e1aae34beac9f4e6f	Oomycota%NA%Pythiales%Pythiaceae%NA%NA	9
67511ddf36727be55f0d703d909e77bd28442bb6	Arthropoda%NA%NA%NA%NA%NA	10
0557bfb43ded058824aafb597445e26dd046d1de	NA%NA%NA%NA%NA%NA	10
c9e444493ee2cf3ab3ce84010ebe017d17003279	Basidiomycota%Agaricomycetes%Agaricales%Psathyrellaceae%Candolleomyces%NA	10
f33489256dc4a931237bef6c21b157d8cf4496d9	NA%NA%NA%NA%NA%NA	10
d4cc57592dd446763abb33f897ab77ada7def396	Rhodophyta%Florideophyceae%Gelidiales%Gelidiellaceae%Gelidiella%NA	3
b32defe208fc5afb4f2cd93a06e53ae4e7ae0a13	Ascomycota%Sordariomycetes%Hypocreales%NA%NA%NA	10
9d1a4e23352102924d5f2a387127a4386eb1d303	Rotifera%Eurotatoria%Ploima%Brachionidae%Euchlanis%Euchlanis dilatata	1
794fa0c3c972b3a0a0f580cf8ad506d064024e82	NA%NA%NA%NA%NA%NA	10
04cd01ee7a1e3a84dda12543516b3bf97d5cec32	NA%NA%NA%NA%NA%NA	10
35a23b80a9c1df7a318ba7a7477ad8a3530ce42b	NA%NA%NA%NA%NA%NA	10
234eb8a97f226cb35fd8c067d42d2ec35616453c	NA%NA%NA%NA%NA%NA	10
5b327357e86c5db12ecf59877117a6cce22fae7b	NA%NA%NA%NA%NA%NA	10
a8b7e118a29412469fe02e582fe9c207e562c9b7	Oomycota%NA%Peronosporales%Peronosporaceae%Basidiophora%Basidiophora entospora	1
3f524fe789a1cddeff3d02f842a609e3e2952c4d	NA%NA%NA%NA%NA%NA	10
c03a5871b5638416aa63938507a88e9a4bdc1975	NA%NA%NA%NA%NA%NA	10
22d00c6721593a5f6e2b3bd7b88d29886eae0b0c	NA%NA%NA%NA%NA%NA	10
52b965a4cc0d4715f942992f72370858a14d78bf	NA%NA%NA%NA%NA%NA	10
2e2a536da6076b71cc77dc9a67e2030d9d2056b4	NA%NA%NA%NA%NA%NA	10
b85053377be8045bb0dcf9ff8f24f8816631ab46	Ciliophora%Oligohymenophorea%Philasterida%Philasteridae%Philaster%Philaster sinensis	1
531ca8e726163601535b5045f7f8ddf8082fd248	NA%NA%NA%NA%NA%NA	10
3f166aedfad24d24a181e4a13d5e89172c172ba1	Arthropoda%Hexanauplia%Calanoida%Diaptomidae%Arctodiaptomus%Arctodiaptomus dorsalis	2
4d5e8f65736b79b1a9725ebaf7447be5718381cb	Arthropoda%Branchiopoda%Diplostraca%Bosminidae%Bosmina%Bosmina freyi	1
810ac174eb0d5aee7ace8d801a7257512545bdb2	NA%Phaeophyceae%NA%NA%NA%NA	10
ae488922ba6fbba90dc10bccc529ce1cf9b4d355	Rotifera%Eurotatoria%Ploima%NA%NA%NA	10
10898500665a1fe87b20546728366aeff3ab7ebd	NA%NA%NA%NA%NA%NA	10
c3781fbf9c6882adee63fa4fbc13695d0b911ba9	NA%NA%NA%NA%NA%NA	10
982fbec34dda476b089b06b3c710473a1a6d09ac	NA%NA%NA%NA%NA%NA	10
7fa6433649f8e54de0fbe7c02fe4e30317196c0d	NA%NA%NA%NA%NA%NA	10
abdf370c87867db17da0fb6c58c55c0984a94646	Ascomycota%Sordariomycetes%Hypocreales%NA%NA%NA	10
0a9cd12ee26cc8744120d30b86a9a9d36feded92	NA%NA%NA%NA%NA%NA	10
b75fbd30c94abd4de339683f8b27dce750489a56	Arthropoda%Insecta%NA%NA%NA%NA	10
c371d52b9c91fdaf78a6e3ac462ce34f9343102b	NA%NA%NA%NA%NA%NA	10
c7dd9d28b94ab60ec8a157a1e3271732fd76ce1a	NA%NA%NA%NA%NA%NA	10
d673ce08bf0919ccd8ea31ef04f358c333128805	NA%NA%NA%NA%NA%NA	10
2f421d6ac98cdca2b46f1b24fcef8ae1c4cc7f9d	NA%NA%NA%NA%NA%NA	10
9b173632c7edabcdae3bf3bfc6ead1437c3f280d	Arthropoda%NA%NA%NA%NA%NA	10
dc274c6622858248014a5493aa02d882260621d3	NA%NA%NA%NA%NA%NA	10
9c2c60e20ca82a19a3c23dd43366e154e80f10a7	Oomycota%NA%NA%NA%NA%NA	10
3b26e3938e7851757082883ca805a5eeb1429aac	NA%NA%NA%NA%NA%NA	10
fe615d597aa415ce85466adeebde8ce682e53edd	NA%NA%NA%NA%NA%NA	10
37b1135b5b30e9257839088b0318939f7685d668	Ciliophora%Oligohymenophorea%Sessilida%Vorticellidae%Carchesium%Carchesium polypinum	1
14f2275027d01966a77ed7b3eb68c5962fd748cc	NA%NA%NA%NA%NA%NA	10
9b801300b03b20c4123d2453153ebbffd885203d	NA%NA%NA%NA%NA%NA	10
abfe962205b46af3e95c3101c645a091856819ff	NA%NA%NA%NA%NA%NA	10
32ed2e7957cc53b8a32db69cf5818737838b7ebb	Ascomycota%Eurotiomycetes%Eurotiales%NA%NA%NA	10
0f48a6cb9a33090c4ba612ff2ff56db70236c83a	NA%NA%NA%NA%NA%NA	10
6b04698462ece5179abf5013b46f891b4ad9b274	Chordata%Actinopteri%Esociformes%Esocidae%Esox%NA	3
03816e430f27d706af1f62f259fe1d943541843e	Oomycota%NA%Pythiales%Pythiaceae%NA%NA	9
474bdedc0cd1db6f4b09c53047906ca4a0fca78e	Arthropoda%Insecta%Hemiptera%Anthocoridae%Tetraphleps%Tetraphleps latipennis	1
6e6fd459ca102af25c070b59ac7b54cb398be949	Arthropoda%Insecta%Diptera%Simuliidae%Simulium%Simulium intermedium	1
6cdf7a27d17f8bc61a9bedc3fb570b69c382f431	NA%NA%NA%NA%NA%NA	10
60b8a68913e58b8a2befe217c111402c4a4c529f	NA%NA%NA%NA%NA%NA	10
1b81bbcd40e61ad84a5d09cb22849a2597961a91	NA%NA%NA%NA%NA%NA	10
0a70928c9a8dea8fbcce88ba7e7ab4cbd169d7c7	NA%NA%NA%NA%NA%NA	10
1b102e69f13856a77ca7c28fac08505ef36ebe45	NA%NA%NA%NA%NA%NA	10
54953477a1ebc6e4ff5c66ecaf30bafc7787c1c2	Arthropoda%NA%NA%NA%NA%NA	10
ddee22c2f398acaa2efc701aa7efd36d6fe2994a	NA%NA%NA%NA%NA%NA	10
5cbf85b779072278ef3fa646319d0e14779bbb91	NA%NA%NA%NA%NA%NA	10
5239d096ecebbef04e83fc817aab02fdaf2ff8d5	NA%NA%NA%NA%NA%NA	10
5002ce252ada19528347240769fb9afaad57e027	NA%NA%NA%NA%NA%NA	10
23f1f7764ca07b626e40602f4d4c8ccf36188bc8	NA%NA%NA%NA%NA%NA	10
271728d9fd6553cef34bc18a5c55372e27aead38	NA%NA%NA%NA%NA%NA	10
3723c0a16b0cfc4850f4118a5dc2eafc87d029d6	NA%NA%NA%NA%NA%NA	10
d34941a7747fb809f4cece3fda144a2eb94f139b	NA%NA%NA%NA%NA%NA	10
8bbaa385346a1dba1462b4f6bf4179548a40228a	Chlorophyta%Chlorophyceae%Chlamydomonadales%Volvocaceae%Volvox%Volvox carteri	1
9112157b6607a32d365d5ebf2ad40727e589b71a	NA%NA%NA%NA%NA%NA	10
60f97b04eded112f78f36ab55ab72f300663fc37	Arthropoda%NA%NA%NA%NA%NA	10
7d3d0bb0fe123d510083570b9dcbc2c50ae3b659	Ascomycota%Eurotiomycetes%Eurotiales%Aspergillaceae%Aspergillus%Aspergillus oryzae	2
7e5342cf650360236adaca5dfd16a6fe21089cf8	NA%NA%NA%NA%NA%NA	10
79199fa5aa0422255825a8e05a3763322dc88ef9	Ascomycota%Sordariomycetes%Hypocreales%NA%NA%NA	10
99ae6b9b4ec818728720482d0a2e3e61b144e98d	NA%NA%NA%NA%NA%NA	10
9cc50cc575a1c0c6b7a4572c68160eaafb40b255	NA%NA%NA%NA%NA%NA	10
1a2441e48cc0c034e4c892ce0744723bc2123521	NA%NA%NA%NA%NA%NA	10
497a19c7881b2556a27751af5188e09fcfe3bba0	NA%NA%NA%NA%NA%NA	10
1ed301105f237a5b53dfca392e38a0da902cad5c	NA%NA%NA%NA%NA%NA	10
b648e349f0ab5a1cf36918217783e3006b9b2115	NA%NA%NA%NA%NA%NA	10
83536fed160dfea6645efc465fb4fe0bad046d13	Oomycota%NA%Peronosporales%NA%NA%NA	10
1fbde0755379d5a13e6db836a4e64e20822db5b5	Oomycota%NA%Pythiales%Pythiaceae%Pythium%NA	5
23f9a605c9941c28653543dc99ed6f3f1d4af2c2	NA%NA%NA%NA%NA%NA	10
26fd1d7d5e1c3364a4812b652f50c95ae5aefd64	NA%NA%NA%NA%NA%NA	10
2aee9e35743cbfc45da9e397aa4a15b4332fe7c1	NA%NA%NA%NA%NA%NA	10
d23bb86333a4f73a7b50fc5107acf8d5d6f1eb25	NA%NA%NA%NA%NA%NA	10
9301ab44d3a77c44b12858622e35d1d58e687d8d	NA%NA%NA%NA%NA%NA	10
c0e59f62af9776d48b6b9c6799929fd841a87cce	NA%NA%NA%NA%NA%NA	10
d1b8113e0baccac84837c4c4f9667aa1acd47285	NA%NA%NA%NA%NA%NA	10
d3ac6ecbea7a6218bbcd19a88e72d0e58ac112f4	NA%NA%NA%NA%NA%NA	10
99fc8f23592f6ba9bcb483e87353ad2fe99b74e4	NA%NA%NA%NA%NA%NA	10
1fbc4233faffd6d4c00655007ec3dfe6530b05fe	NA%NA%NA%NA%NA%NA	10
b9689f75f9175f4c14f815de8831fcf3d1ccd223	Ascomycota%Sordariomycetes%NA%NA%NA%NA	10
5ac9719acd36191775e1f3974f89ba524baab851	NA%NA%NA%NA%NA%NA	10
18579417ae938df9a292ebeb7dfc927488b2388b	NA%NA%NA%NA%NA%NA	10
c58cafb901432338f4d568ac536d7842811b72a1	Discosea%NA%Himatismenida%NA%NA%NA	10
4730e79f713a6c67e5e14348325ace3f491261f6	Ascomycota%Eurotiomycetes%Eurotiales%NA%NA%NA	10
ae319b8375e00e9effadcad5c7a617106d74375d	Annelida%Clitellata%Tubificida%Naididae%Nais%NA	10
539644152ba4420b20d58e31047c77f74cd0182f	NA%NA%NA%NA%NA%NA	10
20e2b9eb6ee595c0a90227b848104ff26cf5a91e	NA%NA%NA%NA%NA%NA	10
54e0863d8a35286bd5fed80c5301a5ffd69273b2	NA%NA%NA%NA%NA%NA	10
6fadcfd0778ac87b47b3c80e1273722291d99abc	Oomycota%NA%Peronosporales%Peronosporaceae%Phytophthora%NA	3
726834ea6c06d5d87bd068e422f1854960b75a5a	NA%NA%NA%NA%NA%NA	10
fac807278b116d636da28c9eee3f0f8dff7e8e56	NA%NA%NA%NA%NA%NA	10
02fe2518e6db1b0761c3aa9cb0cd7ae8c2e8e399	NA%NA%NA%NA%NA%NA	10
05f181ab32047a09b4b1290552f18722460d9a43	NA%NA%NA%NA%NA%NA	10
0fbce46f93720dd9560650a396237b8a7f16a2c7	NA%NA%NA%NA%NA%NA	10
1fbc5acfe9a27cc31b4ecb13fe43c5ae1439f6eb	NA%NA%NA%NA%NA%NA	10
11b384a093e2a6ce83189ebc2faf908829525603	Oomycota%NA%Saprolegniales%NA%NA%NA	10
13f275a94e52246e2790b6b74a7d50a4c2d49ef1	Arthropoda%Hexanauplia%Calanoida%Diaptomidae%Arctodiaptomus%Arctodiaptomus dorsalis	2
af3749e782123cd4c7f980a89ebff1a4ac598ca8	Arthropoda%NA%NA%NA%NA%NA	10
386716bb21fedb86a0cd534022e0a8433be01960	NA%NA%NA%NA%NA%NA	10
4c0069d29ff9289b2c1977ca48ca059a8311eaa3	Arthropoda%Insecta%Diptera%NA%NA%NA	10
41d207b3948bc3e0077cd4c1dd7482f619f70590	NA%NA%NA%NA%NA%NA	10
a856ac5e9c8a4be3e041a2d20d5bb704a030c07a	Oomycota%NA%Pythiales%Pythiaceae%Pythium%NA	3
abd1f129bf11160ee5efcb406e094e787052c777	Ascomycota%Sordariomycetes%Glomerellales%NA%NA%NA	10
ed1d506f481938dfd5fc74b255aa6925d9d1702e	NA%NA%NA%NA%NA%NA	10
acb7842c7b20cf53f6012e54d679ed3b8e99bb93	Basidiomycota%Agaricomycetes%Agaricales%NA%NA%NA	10
adf06a873f37d69779deaa04d89858ba4a3be760	Arthropoda%Arachnida%Araneae%Linyphiidae%Walckenaeria%Walckenaeria digitata	1
adffd93e48cc00a5420306e3e98c6794aece1ca7	Ascomycota%Leotiomycetes%Thelebolales%NA%NA%NA	10
c5caf5515776096478739a0e7c417e306178ff41	NA%NA%NA%NA%NA%NA	10
ccc20678fecade2c457a15c2b6606a0d8816986f	Arthropoda%Hexanauplia%Cyclopoida%Cyclopidae%Thermocyclops%Thermocyclops inversus	1
cfe3580b01d89d3a93cd83c62e767671b3ecdcdb	Arthropoda%Hexanauplia%Calanoida%Diaptomidae%Arctodiaptomus%Arctodiaptomus dorsalis	2
7b3aa2c6bcd0da4e2c72cce1ef9e591f2745c2f7	NA%NA%NA%NA%NA%NA	10
f75c01815ae84a4fd2b6d37afa1a5afb18ed5470	NA%NA%NA%NA%NA%NA	10
f4cb9a9de961fb6644f2a3838c3ebafb5ce88a4e	NA%NA%NA%NA%NA%NA	10
550ffc0d294c8bb1d9f5981f791677946a1455fd	NA%NA%NA%NA%NA%NA	10
ad475607c514f13642f8e1c73ef568aaf1b4ed35	NA%NA%NA%NA%NA%NA	10
5cd0b2a740acaecc700ac90d1752eedf9db1692d	NA%NA%NA%NA%NA%NA	10
a7004052575bf34caa4cc55a64d36fcf35fed137	NA%NA%NA%NA%NA%NA	10
65c87ad814316ec6dc04c766436a8d2f9b6ea0e7	NA%NA%NA%NA%NA%NA	10
69eb45b4931d5a0aa5010afbf579239784ac6ed6	NA%NA%NA%NA%NA%NA	10
a205fc5680421cfae62202745a9ded555bb12889	NA%NA%NA%NA%NA%NA	10
6ca7633288c22f6d2522692804694fbbbdabf048	NA%NA%NA%NA%NA%NA	10
b93cea205f93290b052ffbabe39dc4d6579440bb	NA%NA%NA%NA%NA%NA	10
8c0ca704410464703541564e565f139b23b02fe4	NA%NA%NA%NA%NA%NA	10
8d619497cbf61566a969bf3e7281c4f433274b3c	NA%NA%NA%NA%NA%NA	10
079d5fe0033a91ab3bddd6cc7af468c6f0426616	NA%NA%NA%NA%NA%NA	10
095cccc2233819991e1c3671fe8b991fe390f2b7	NA%NA%NA%NA%NA%NA	10
0f814b422d731733995970f923c10d742778e771	NA%NA%NA%NA%NA%NA	10
10d1d28b31e38d463e72a9f84c6c58e474ccdf06	NA%NA%NA%NA%NA%NA	10
121b76c0f7004f4431421e261b7f51d533a9e695	NA%NA%NA%NA%NA%NA	10
129f0ad58f1e9889cabc8e5d602b273d3180ae30	NA%NA%NA%NA%NA%NA	10
1a6bb8871400211bed792b5a3f0323c7ce28dfdb	NA%NA%NA%NA%NA%NA	10
1d6df461ed98e0fb4e5f4bf129bc497664f5b7e3	Ascomycota%Eurotiomycetes%Eurotiales%NA%NA%NA	10
53cb05fa14543b05c9e0b36a449493259c711b62	NA%NA%NA%NA%NA%NA	10
2740e2b8527de411a400973cc4f4cb51330c4bd0	Oomycota%NA%Pythiales%Pythiaceae%Pythium%NA	5
38bdbb347a571c2a96e23b60a6c0926d1f7d742e	Ascomycota%Eurotiomycetes%Eurotiales%NA%NA%NA	10
3dccebd0eb179b52389585a0e5a2f81c96768842	NA%NA%NA%NA%NA%NA	10
4647a3213b0b11a44feb76742a72485eabd11ed2	NA%NA%NA%NA%NA%NA	10
49b086453a52dfd52722bcd8f3554bde27fd5aa6	Ascomycota%Eurotiomycetes%Eurotiales%NA%NA%NA	10
08d2860fc86d16cdd88fec9afe4f7426cd7a63f2	NA%NA%NA%NA%NA%NA	10
0807a853349274298c76026b3200d8a4cc93c871	Oomycota%NA%NA%NA%NA%NA	10
00fa42e1649ca9176624b0a9b700be03c390d3d8	Ascomycota%Sordariomycetes%NA%NA%NA%NA	10
4db8f04705f81ecfd1b34892ab12738ffecc3a12	NA%NA%NA%NA%NA%NA	10
64db89d9c880570f1701fe65bb57a24bf6188097	NA%NA%NA%NA%NA%NA	10
64e0dfe80194e809b40e9dc2b8ca4dce2637e020	NA%NA%NA%NA%NA%NA	10
6b426e2497407975b913119f96d0c2b1d6e36c79	Ascomycota%NA%NA%NA%NA%NA	10
30e34a37d90feaefd5bde49aed325acb84151ebb	Ascomycota%Sordariomycetes%Hypocreales%NA%NA%NA	10
669163685f29783bcd333a6ab91d2cb08e496f41	Arthropoda%Hexanauplia%Cyclopoida%Cyclopidae%Thermocyclops%Thermocyclops inversus	1
20c5e7c7686a6fcbb2df1322e02a1cf60665aba6	NA%NA%NA%NA%NA%NA	10
1895a7ac2d62b5b05bc8a6c55d931d32acae011b	Oomycota%NA%NA%NA%NA%NA	10
161bd03e7b53886b820959e9825ac66a5434d299	NA%NA%NA%NA%NA%NA	10
2f94c36aa2ed16d10238a8f879f79d4e3063b3e9	Ascomycota%Sordariomycetes%Hypocreales%NA%NA%NA	10
1ab73d18fd4ddbddb7d6a8d697f798c679a13586	NA%NA%NA%NA%NA%NA	10
10b44a32a68b3dff098f3f3085742f0f22d73bb6	NA%NA%NA%NA%NA%NA	10
a27a11e789ed0410ac2929ec10a8cc5697e4a191	NA%NA%NA%NA%NA%NA	10
a23770f6784cd27f316070d720766a1cb6ea48d8	Ascomycota%Leotiomycetes%Helotiales%NA%Tetracladium%Tetracladium marchalianum	1
bb1e86b29bb8f7daaeabe7a38d7502f7857c64c7	Ascomycota%Sordariomycetes%NA%NA%NA%NA	10
99167defe2f614629e244a2c1e033b206490d4b3	NA%NA%NA%NA%NA%NA	10
bebc5a0751291ed90ed73e5e2436bcb6100e2159	Arthropoda%Arachnida%Scorpiones%Chactidae%Uroctonus%Uroctonus mordax	1
d3fd53c3872778ea4ec604d530f88d1d62524b6c	NA%NA%NA%NA%NA%NA	10
e31dd42ab15679e957ae07bd645df0de07708a99	Rotifera%Eurotatoria%Ploima%NA%NA%NA	10
eac37cae5bda79934f90856d8705d7204c2535e9	NA%NA%NA%NA%NA%NA	10
f4e6c559bbf8701d2bc4ae1b28f559e79867a6aa	NA%NA%NA%NA%NA%NA	10
6d0a424ebc7ba7a9db2202d23ab4de087b2f1ef9	Oomycota%NA%NA%NA%NA%NA	10
6eaf5054f82706687d5626e8f74b1b2d6814ba89	NA%NA%NA%NA%NA%NA	10
8c25c706284e9584703ead60bad3a716c6c5bcdb	NA%NA%NA%NA%NA%NA	10
90cf68c671e22c10334186d99545c9719db28d46	Ascomycota%Leotiomycetes%Thelebolales%NA%NA%NA	10
944f196550702f61c4a96a92dcb73045c91c43cd	NA%NA%NA%NA%NA%NA	10
ca9b1f220451dc5c59b182688736f99e2e78f12c	NA%NA%NA%NA%NA%NA	10
c6af834253d63f83e308d5dd4fbd92cbcc6b9482	NA%NA%NA%NA%NA%NA	10
c4ce21644a8c1e501943b9cad2ff3c23629c0694	Haptophyta%NA%Pavlovales%NA%NA%NA	10
c1d9ccaf4151a1ad4409587af55563bc0aaa4e2b	Oomycota%NA%NA%NA%NA%NA	10
bf79d55e3bcb44759b8be301f8785ab8f4010322	NA%NA%NA%NA%NA%NA	10
a8c7d211a960fd98114faa051edcfb76ac39c721	NA%NA%NA%NA%NA%NA	10
ca3e435cf211eaffeb3d79513d123b6bc7c47930	NA%NA%NA%NA%NA%NA	10
c8d78ba16efbce17452d40d1615dac9c4cc71de4	NA%Dinophyceae%Gonyaulacales%Amphidomataceae%Azadinium%NA	4
80587d961498fb70c938babe5324b69653244524	NA%NA%NA%NA%NA%NA	10
ac9bd0eef9162835dee57b7d18e7a4e1bc693be4	Arthropoda%NA%NA%NA%NA%NA	10
c0c84b33fbe79690de49b027463e4845c68fccc7	NA%NA%NA%NA%NA%NA	10
8f8307431c723ae21279bffc27b1d2ca10efef31	Ascomycota%Sordariomycetes%Hypocreales%NA%NA%NA	10
968e5d46a7fc9bbb14fd07c73d776d87743e4271	Discosea%NA%Himatismenida%Cochliopodiidae%Cochliopodium%NA	3
f26565717bf2c9d77dc3a4bca286d32f9a5199d0	NA%NA%NA%NA%NA%NA	10
f5c77613dcc08445ab0bf8966929e73e61d1c1a8	NA%NA%NA%NA%NA%NA	10
f7b7de8edb2fd83f17e1ba02893e5ef322b8eda0	Arthropoda%Insecta%Diptera%NA%NA%NA	10
b3ef63459d78d504a23c9da2b74f31b72f5d7d9f	NA%NA%NA%NA%NA%NA	10
b3bb722c5008b9f55a0317fec0b378ef1dbc0479	NA%NA%NA%NA%NA%NA	10
b333f288092e554a19e455ef7dd46da538c49e3f	NA%NA%NA%NA%NA%NA	10
fc5cdfec1b6b795054911200c1a7913cbda4bde0	NA%NA%NA%NA%NA%NA	10
fcb65c3f221cf99fa183dc00799ae01d224efb1b	NA%NA%NA%NA%NA%NA	10
ca5f9af5c56481c4bbedfe1f31e4a5ec9b789226	Oomycota%NA%Peronosporales%Peronosporaceae%Phytophthora%NA	3
cbb7a819f68013254f5850d21c39ba078d40a272	NA%NA%NA%NA%NA%NA	10
cc38688f832ee95aad05f63eb5f361bccc9af237	NA%NA%NA%NA%NA%NA	10
cef540daa3e4cea94153e8b8263a0d647b15d50b	Ascomycota%Eurotiomycetes%Eurotiales%NA%NA%NA	10
d1ed4c18f81cb93b0fce8b5d04c3799706d8a186	NA%NA%NA%NA%NA%NA	10
d2e141f3da6f405dc216d0064a772c48fb3ef6dd	Arthropoda%Insecta%NA%NA%NA%NA	10
d3b38cd717f551a1b45cec54ebde1350cacbdc92	NA%NA%NA%NA%NA%NA	10
d3bc25884dc586ef61aefebb67a75bd1d32a8df3	NA%NA%NA%NA%NA%NA	10
d8233e3db8d36194fc662d37312983c9888ee6f6	NA%NA%NA%NA%NA%NA	10
d93975633dcde67a40c41496006801fb3fcdfef2	NA%NA%NA%NA%NA%NA	10
dbeb368cdbb7e84be5b53da070149f577f823638	Arthropoda%Insecta%Lepidoptera%NA%NA%NA	10
3f23e91eb4a4a794276162f8f98d25fc18ce8a78	NA%NA%NA%NA%NA%NA	10
0b184973482ec6987896ae3c77bd070935db8ecb	NA%NA%NA%NA%NA%NA	10
2e60abbc0a7cc21a3de0b26e1171944ee837edf8	Annelida%Clitellata%Tubificida%NA%NA%NA	10
03daed5327935f41ba2e9d9c207e479c2ba0f7de	NA%NA%NA%NA%NA%NA	10
007a9a392f7ac421fe47bb68fdea4886a6b6a28b	NA%NA%NA%NA%NA%NA	10
3defd5519de4d570ab0652f159770d8e2c67ade1	NA%NA%NA%NA%NA%NA	10
3fe24bd6d0f8617bd0b57f6c88b52af1ed46786f	NA%NA%NA%NA%NA%NA	10
48303d11669cdeaa21145e072ea840083937def0	NA%NA%NA%NA%NA%NA	10
0f3c44437f6f2d8d0a495f4406bd3cac97dfce18	Ascomycota%Eurotiomycetes%Eurotiales%NA%NA%NA	10
3902c6619ba2d180e8956e92c43a13db1cbd148f	NA%NA%NA%NA%NA%NA	10
32ba5718f2c4209fb67bf0ae34b9a88da937549e	NA%NA%NA%NA%NA%NA	10
0c2bb7b11a187674736e3e868879643a0e8ac72f	NA%NA%NA%NA%NA%NA	10
00dd82f73111e13e022f87deeacbdeae00752920	Arthropoda%Insecta%Diptera%NA%NA%NA	10
0bef77aaf574baef3edaf55a8612f6d852b89823	NA%NA%NA%NA%NA%NA	10
1db15debfe33dad54c3a72d520f5d3292a85a432	NA%NA%NA%NA%NA%NA	10
1bceef996ac3a3c38b1fb8fac090aca0f3a88bf4	NA%NA%NA%NA%NA%NA	10
100bb4ac0c86e442bae3d9e7b8a8e7f03847f45c	NA%NA%NA%NA%NA%NA	10
11920682939b9e3b0d0bf3a8d4e38f8622c3c5f9	NA%NA%NA%NA%NA%NA	10
15f48533a7a8fddb2154dba8903ebd166fbac9a5	NA%NA%NA%NA%NA%NA	10
1a8fa8156eaebfdd8954191e6feb8897655b8d5f	NA%NA%NA%NA%NA%NA	10
22dd37c9ce002f5def6f61d1ff01a9c511be1a41	Ascomycota%Sordariomycetes%NA%NA%NA%NA	10
27fe8bb30ca334fb1a1015400b419cbbf37f875e	NA%NA%NA%NA%NA%NA	10
14a988eed7a06b281906ff50136caa657c06c899	NA%NA%NA%NA%NA%NA	10
1e0ead811e43d79a1948c37c07877cf4356bc9f4	NA%NA%NA%NA%NA%NA	10
10c0f8138457e9c8473f16763fe5e35f4c53d3eb	NA%NA%NA%NA%NA%NA	10
23ee4aa3a679f5b0981b1f559b7c3e02deffb0d4	NA%NA%NA%NA%NA%NA	10
95104c9b9177fa6b467735c71ceed24dd0496a5a	NA%NA%NA%NA%NA%NA	10
9eb35ca1c29ac75b7394aca98e98f41610cda3c9	NA%NA%NA%NA%NA%NA	10
94c247932b15ca5cf86a8d191588f12b789d5926	NA%NA%NA%NA%NA%NA	10
9bb07b4cb76a888a7ca4683edf432994880c2803	Basidiomycota%Agaricomycetes%Agaricales%NA%NA%NA	10
971308e6affb47caaf4f3875786527372b5ccbd9	NA%NA%NA%NA%NA%NA	10
92c7a9ab7d4e9c539a1498f0cd718ad4310c2575	NA%NA%NA%NA%NA%NA	10
50b645b1e7fe21dccf8e03a62ba8735df7a4377c	Oomycota%NA%NA%NA%NA%NA	10
54163f988d3a928c763c06f01239e122cfe8d522	NA%NA%NA%NA%NA%NA	10
57e098139b3d7dc0694ebc9193a37a1cbf90408a	NA%NA%NA%NA%NA%NA	10
5865f30ad1b164d5a94ee9e826b7fec9e25fd09b	NA%NA%NA%NA%NA%NA	10
5a4f59ad503311b40caf1dcded951ca1c346230d	NA%NA%NA%NA%NA%NA	10
68bd04e88367334b722235dbe38c433dbad745cd	NA%NA%NA%NA%NA%NA	10
4eaa8ac5a67f748f6c843289c7e4bdfb16784185	NA%NA%NA%NA%NA%NA	10
60b63c2ebd98bbd87b0a8c22a6d3d8dfd44b0505	Rhodophyta%Florideophyceae%Batrachospermales%Lemaneaceae%Paralemanea%NA	10
6121d3467fb3dee241b32c9ce69f3671b693f73f	NA%NA%NA%NA%NA%NA	10
61ac28cd91a2e87dce9182cb2f61121eba1b72b5	NA%NA%NA%NA%NA%NA	10
6b949ea85b1ee018183dcee3bd62101c5ea16eb8	Ascomycota%Sordariomycetes%Hypocreales%NA%NA%NA	10
7192ece1d5688317d8b437cb79353a32c6ea9fc3	NA%Phaeophyceae%Laminariales%Lessoniaceae%NA%NA	7
7229e33570b6ee958eae231423955733681133fe	Ascomycota%Eurotiomycetes%Eurotiales%Aspergillaceae%Aspergillus%NA	10
78e04eb3518664070373ea01fbd34abb38c708ab	Arthropoda%Insecta%Diptera%Chironomidae%Chironomus%Chironomus riparius	1
7bdb3fa095f481381af8bd121d4fd50074ba67a8	Annelida%Clitellata%Tubificida%Naididae%Chaetogaster%Chaetogaster diastrophus	1
b4924206af03815065375a859e61943a4b498eb0	NA%NA%NA%NA%NA%NA	10
b7e08a6e9354723383eccb4b39a2a580464f0035	NA%NA%NA%NA%NA%NA	10
b7f71363a2251ec1f8f3935887eb0d8673ccd573	NA%NA%NA%NA%NA%NA	10
b6df80c9a621bbd3b8b9f36b9b06afd1446840dd	NA%NA%NA%NA%NA%NA	10
b6dbd1f40e30290b80b896d95fdee69d5693436d	Ascomycota%Sordariomycetes%Hypocreales%NA%NA%NA	10
b66d5bd5f4276bc2acf3db828b87d70190939fa0	NA%NA%NA%NA%NA%NA	10
b3a55c029a5826addb811203192c3a6125e87c97	Annelida%Clitellata%Tubificida%Naididae%NA%NA	7
b4db0cb6b60f77bd28b4c60027d531785e47647f	Ascomycota%Sordariomycetes%NA%NA%NA%NA	10
b5561b8920aaf13c2750c4a8a5ee740183a54fc3	Arthropoda%NA%NA%NA%NA%NA	10
b18d3060872b8f1793369761a1b7fea73ac56406	Oomycota%NA%Pythiales%Pythiaceae%Pythium%NA	10
b2e6c1193aed23198a4fb1bdb88336fb0ae8bfcc	NA%NA%NA%NA%NA%NA	10
b0b1f792655f0aec91554d4ba34fa9d86fc1a0c8	NA%NA%NA%NA%NA%NA	10
b01ca40140fe10cfaffc30aacf4ff52f2265bbf4	Arthropoda%NA%NA%NA%NA%NA	10
bd980090bfa0efbd88254a9a1734c588d919710a	Cnidaria%Anthozoa%Scleractinia%Caryophylliidae%Gardineria%NA	3
bfaff2791bcdbf00945bc00352b5c6b9d27c4ba0	Arthropoda%Arachnida%Araneae%Linyphiidae%Ceraticelus%Ceraticelus minutus	1
bb81b3a21f7f386249f1827eaf4530a9131c3408	NA%NA%NA%NA%NA%NA	10
bb99fc09897cdf05fd481a33c95fb2ad1404cb6a	NA%NA%NA%NA%NA%NA	10
b884f1fb00208a1e5ab6aca9885ca09f95cd258c	NA%NA%NA%NA%NA%NA	10
ba4b40c2435128d63854ca99c34fd62e18647a8e	Arthropoda%Insecta%Coleoptera%Elateridae%Fleutiauxellus%Fleutiauxellus curatus	1
baa83f0309983b03d596cb6e0e1457aaaf2fc3fd	NA%NA%NA%NA%NA%NA	10
b8ada71843711080a829499393cb4e191653e17e	NA%NA%NA%NA%NA%NA	10
bc8e778c2ce6ab0b62d5874a43a93248375c6dd9	NA%NA%NA%NA%NA%NA	10
bc9235b3208929dc80f3db529a4abe39a449aa7f	NA%NA%NA%NA%NA%NA	10
b90a3295ce1e093fe21a3c02a4f26db9210d6542	NA%NA%NA%NA%NA%NA	10
c18661c29a0f35c56bcdd5915c3b0d7bed7e519c	NA%NA%NA%NA%NA%NA	10
c285e5236aea27636d1d759f0a26513661a74fd8	Ascomycota%Eurotiomycetes%Eurotiales%NA%NA%NA	10
c5d2fe8b098b7728595bd1daef1a157d8682fb7d	Bacillariophyta%Coscinodiscophyceae%Thalassiosirales%NA%NA%NA	10
c5bc80af033cb030e1310e7884e63ec6ab292b70	Arthropoda%Insecta%NA%NA%NA%NA	10
c6a553783ec6da76f6b68c396e186a692ed04898	NA%NA%NA%NA%NA%NA	10
c1223fc241bb5a40b69d1a519c698e24bdab06b4	NA%NA%NA%NA%NA%NA	10
c4cc90e57976ba8a63dad83ac280b0b265f75304	NA%NA%NA%NA%NA%NA	10
c031264f42881696d988b9269732cbd7dda659b8	NA%NA%NA%NA%NA%NA	10
c21180e488fdf89ef8596dc00354fd77a99e0bbf	Ascomycota%Sordariomycetes%Hypocreales%NA%NA%NA	10
c48dd9d55611b0e35350dd52ba6397215c139b65	Arthropoda%Arachnida%Sarcoptiformes%Proctophyllodidae%Proctophyllodes%NA	3
c3ad047d590e58b198c2e43208e916a7932b5d30	NA%NA%NA%NA%NA%NA	10
c3923ab95a8eb066aa5b55f7e5fe0b9632af81b5	Arthropoda%Insecta%Diptera%Simuliidae%Simulium%NA	3
c349665c644a501fa8323514cc21c81ffa99a572	NA%NA%NA%NA%NA%NA	10
c3215e2594dc0d264ba9355b70e399ef53a3b70d	NA%NA%NA%NA%NA%NA	10
c45cc57344c83861fb37597bd84c198679b90ea5	NA%NA%NA%NA%NA%NA	10
8fbeb5ef3cbb80ea24bd35b34654a80f7619dd7c	NA%NA%NA%NA%NA%NA	10
8aa55ca5e336195470a8db9fe99ea1dc18a37f67	NA%NA%NA%NA%NA%NA	10
8ab620f53b9c306b6d2c9aa2cda34851c12b84e4	Annelida%Clitellata%Tubificida%Naididae%Nais%Nais stolci	1
8a74a4d8531093aef1c1d52c9dd2c3b71e8335f1	NA%NA%NA%NA%NA%NA	10
8a2dc3aac69c32aadeef5738cda3201730eb6c7e	NA%NA%NA%NA%NA%NA	10
8b625ad0117848fcafef49d8b0921f0fca7997e7	NA%NA%NA%NA%NA%NA	10
8e256107ecf5f57459298f206c013308a0cad9bc	NA%NA%NA%NA%NA%NA	10
8f56da9b41a3fb4f42f567baa8c2ee04449dfcd9	NA%NA%NA%NA%NA%NA	10
a0dc5379dd269596625a03548f984ce0fa537541	Oomycota%NA%Pythiales%Pythiaceae%Globisporangium%NA	3
a0ed142408aa6afbe2ecf590969ecdd954d10588	Ascomycota%Eurotiomycetes%Eurotiales%Aspergillaceae%Penicillium%NA	10
a1223169d708e6b10daf62b8e95e8c50d24e21f3	NA%NA%NA%NA%NA%NA	10
a1be8203834bcff9ca663dd1f1c739038020da65	Arthropoda%Insecta%NA%NA%NA%NA	10
a1dfd2a72a4b00217a64fc3014845fa797ca0111	Ascomycota%Eurotiomycetes%Eurotiales%NA%NA%NA	10
a26036f23c45b28a31db0c8d56fa9558ba7946ae	NA%NA%NA%NA%NA%NA	10
8630393ca574bfb548bcb20eae594934b4cbcfbc	NA%Phaeophyceae%Ectocarpales%NA%NA%NA	10
86bdf28e2e6f377a09618c05f82d02c249ced318	Cnidaria%Anthozoa%Scleractinia%Lobophylliidae%NA%NA	7
8727ae3eecbc062ecb8e26d5a1661cad23c7dfe4	NA%NA%NA%NA%NA%NA	10
872be6cc60451f61d4b61bfd3afb225b00dbf649	NA%NA%NA%NA%NA%NA	10
879d2e229e8d21d18e4e67a27bd27668a4363b35	NA%NA%NA%NA%NA%NA	10
a375c2f098f84ceba62792cde2721bff66de737a	NA%NA%NA%NA%NA%NA	10
894c2f3fab5d7ef4a8d0b31a692693b0b3ca389e	NA%NA%NA%NA%NA%NA	10
89ec215f264f050c0309843a23a4e870fb0d566c	NA%NA%NA%NA%NA%NA	10
8b020caa0cfd7783401e61be7d15afe01cf6c1e9	NA%NA%NA%NA%NA%NA	10
8c627116b3bb01932367b7c5e872c9082f4cab4f	NA%NA%NA%NA%NA%NA	10
8c63ee63ad5ecd0315cb07dd2e6fd276dabe68ef	NA%NA%NA%NA%NA%NA	10
8c77fc5a08f0ca01859fa89218b818c730a0887e	NA%NA%NA%NA%NA%NA	10
ac891315bfb5793619e9b4bf20d0b9612a6e4967	NA%NA%NA%NA%NA%NA	10
aab3452abc64e5b004d228a44cf6de85f7755b9a	NA%NA%NA%NA%NA%NA	10
aacc5a29d5c133d39de9a98092bc3e2be7eb7113	NA%NA%NA%NA%NA%NA	10
a82b165768d076092aed9d45807ce15345333bf5	Arthropoda%Insecta%NA%NA%NA%NA	10
ab36c98dfda28b756d27f6608fdadadb0194dc30	NA%NA%NA%NA%NA%NA	10
aba3e633a00701f391ab9a0293d1f63a9f24bed5	NA%NA%NA%NA%NA%NA	10
ad92ab652aa944d9c401012fac8d39691115cd09	NA%NA%NA%NA%NA%NA	10
ada2e2c13a25deb453127723f2b03a3ba4c2482f	Arthropoda%Insecta%NA%NA%NA%NA	10
aede7f443e0ac8426608c6155e6497510857e731	NA%Phaeophyceae%NA%NA%NA%NA	10
a4390c1bc79872cd75398da780a0c83ae5eed0d7	Ascomycota%Eurotiomycetes%Eurotiales%NA%NA%NA	10
a5ce39df80d7d189fc429b20060edba5d5a5bee2	NA%NA%NA%NA%NA%NA	10
a60904c4e261c515c7209f338026c13748cbe6d1	Ascomycota%Sordariomycetes%Hypocreales%NA%NA%NA	10
aa3b7102eea4d87ff55f5cb0c33c241741d0c0e9	NA%NA%NA%NA%NA%NA	10
a6d643952bfb4b858e3eb3bb3a34afcd025a5965	NA%NA%NA%NA%NA%NA	10
a765aca1038aee4a2c3e9101b5a6d8ba4a80f526	Oomycota%NA%Pythiales%Pythiaceae%Pythium%Pythium pachycaule	2
a7b7104a76ad8b6b4f9ca41729f8c592944dfeca	NA%NA%NA%NA%NA%NA	10
af2ae8f8d29f021fad6d33fa437d1c0e87140dae	NA%NA%NA%NA%NA%NA	10
a9e9b45a5ebe79371c7426d8f9fadf30743e377c	Ascomycota%Sordariomycetes%Hypocreales%Nectriaceae%Cosmospora%NA	10
e7737e71ca31b2ca515e971c09cd11833e515df3	NA%NA%NA%NA%NA%NA	10
ea877651600ae1c480a750d96894eefe7a654118	NA%NA%NA%NA%NA%NA	10
ea9073a8b6a42e92b8c59fac742598a1b4bc68eb	NA%NA%NA%NA%NA%NA	10
ea547a9b6eab109e1344a42fcbffce2b77f0903e	Arthropoda%Insecta%Diptera%Simuliidae%Simulium%Simulium intermedium	1
ea3de361e1dae75d64ba102ad1553fa8de397531	Ascomycota%Eurotiomycetes%Eurotiales%NA%NA%NA	10
e613bbcf2f053287bbb3fd094365b41ca7cd6416	NA%NA%NA%NA%NA%NA	10
e662a843669c02fabe0afc96bfaaea6643d321e8	Ascomycota%Eurotiomycetes%Eurotiales%Aspergillaceae%Aspergillus%NA	10
e6a0f364eaab7a0b78bacbf8519c4761effb52d6	NA%NA%NA%NA%NA%NA	10
e9a57186a3070084745eb791aecf4f4bd7596ad0	NA%NA%NA%NA%NA%NA	10
e9161579a39e693bde28667258c908c2c754e397	Oomycota%NA%NA%NA%NA%NA	10
e7e84faa0ebd5ce16864cc59f26a543a7c0f45f4	NA%NA%NA%NA%NA%NA	10
e85576bfb63778dd42e25243e9615bad4dcaf939	NA%NA%NA%NA%NA%NA	10
e50147f48c707ba5043cb5e11918f8a7a62abec0	Ascomycota%Eurotiomycetes%Eurotiales%NA%NA%NA	10
efa191bd79526adac09b8b84eb31bc564b9fc977	NA%NA%NA%NA%NA%NA	10
e0f7b3fa013fa622b1b56fc5892770e38ed38896	Discosea%NA%Longamoebia%NA%NA%NA	10
e1eb740d2ff0fbb8a2af59e7b70372c1aa30f661	NA%NA%NA%NA%NA%NA	10
e2252f68ea88e5d39aafdc42bb66f91f8cda2fe2	NA%NA%NA%NA%NA%NA	10
e2353134df98ba12776d70a043df326c70458e53	Ascomycota%Sordariomycetes%Hypocreales%NA%NA%NA	10
e3465b291f980897e5875ec7144b0d2cb7c61894	NA%NA%NA%NA%NA%NA	10
e38c7ab14778cb7482ed5c24006b7f530cbcf81f	NA%NA%NA%NA%NA%NA	10
ef3eb1ac60ac04730bd0bcc5ffe502bb530af4fb	Bacillariophyta%Coscinodiscophyceae%Stephanodiscales%NA%NA%NA	10
edcd1378db16b37555c617207321ddd231054729	Oomycota%NA%Pythiales%Pythiaceae%Globisporangium%NA	10
ed5bba960294629b32116001a435bc4aa52c37e1	Arthropoda%Insecta%Hymenoptera%Chrysididae%Chrysis%Chrysis schencki	1
ed6262e90fe47621af7f328444a007e7eae866db	NA%NA%NA%NA%NA%NA	10
eb9902b120bb6b1e4725a68c39b4bc1a16a12254	Ascomycota%Dothideomycetes%Cladosporiales%Cladosporiaceae%Cladosporium%NA	10
f3b7e4c0054167da1fc6f6ecf310bdf7b6d4b993	NA%NA%NA%NA%NA%NA	10
9c4be3fe30dd4ff4cb663358e990be2decd3a712	NA%NA%NA%NA%NA%NA	10
97b1da14035b8224daccf823c656747ce76c1168	Oomycota%NA%NA%NA%NA%NA	10
97be0fc3ed42611791b0ecbbbf8b3f952b135b39	NA%NA%NA%NA%NA%NA	10
97d7a348a87bfadcfb143003369e6a02bdddd829	NA%NA%NA%NA%NA%NA	10
9aac02fb66839cf13df0e35a9194ec0ea2f6561f	NA%NA%NA%NA%NA%NA	10
9b55c29272f829666e762fed63a3318701e79ee7	Echinodermata%Ophiuroidea%Amphilepidida%Amphiuridae%Amphiura%Amphiura filiformis	1
f3dc5dfd52e7a7491b8dadfe1219cc99872fc641	NA%NA%NA%NA%NA%NA	10
9835da4f4341b64b1d617cf2c40a49e39904f5a8	Ascomycota%Eurotiomycetes%Eurotiales%NA%NA%NA	10
f40d94c64a4f090d84abe747d0d92281c1f91a3a	Oomycota%NA%NA%NA%NA%NA	10
84cd4bfc8064ab7f4b8bf120769cd2396de410a7	NA%NA%NA%NA%NA%NA	10
9dca1956dc777a858e4b72e9c1a97579b321eac1	NA%NA%NA%NA%NA%NA	10
9dde99cc9067d974ba18f27473fbdbac081f58d9	NA%NA%NA%NA%NA%NA	10
9f938f67d6e613d0003ae675f8f79762832c400b	Oomycota%NA%Pythiales%Pythiaceae%NA%NA	7
9fa551dbb8ac53c74ba109c20a0447be6d581c6d	NA%NA%NA%NA%NA%NA	10
f8057aaf70dfdb39bb83725c6bf0c91bed838f9e	Oomycota%NA%NA%NA%NA%NA	10
f84d4a7b4dc8f2a9190251eba79b8805a6ce4e87	NA%NA%NA%NA%NA%NA	10
f9a7846402597be5c62112e4431470b2b114cff2	NA%NA%NA%NA%NA%NA	10
f95149f8c4560929e2bb7f3a7df94251462a6e75	NA%Chrysophyceae%Chromulinales%Dinobryaceae%Dinobryon%Dinobryon pediforme	1
f92584f34fcaa41389b603ad296313798bd8e9c6	Ascomycota%Eurotiomycetes%Eurotiales%NA%NA%NA	10
f5103674c55a841121ec4d470ee8e803c093658f	NA%NA%NA%NA%NA%NA	10
f5900b7b7106e36ba69414ae3355b5e3a87c5e26	NA%NA%NA%NA%NA%NA	10
f5f68b4a727b33bddb2826617f99665cfb5eaa1e	Ascomycota%Dothideomycetes%Cladosporiales%Cladosporiaceae%Cladosporium%NA	10
f6bd16b4f6ef331a69bd9c87813c127fc88c8b9b	NA%NA%NA%NA%NA%NA	10
c6de13850d72a8eb964fb1faa23d12b47b1d2555	Rhodophyta%Florideophyceae%Gigartinales%Gigartinaceae%Chondracanthus%NA	3
ffbae02171925c1102e0dbf2d034273b43c6be65	Oomycota%NA%NA%NA%NA%NA	10
ffc38219b9d888688ed1c993925b64eaee0aa3da	Ascomycota%Eurotiomycetes%Eurotiales%NA%NA%NA	10
ff793d12861849ce8875884a2b855e74f31bfddc	Ascomycota%Eurotiomycetes%Eurotiales%Aspergillaceae%Aspergillus%NA	10
fc55817d0dac5732f90070a9312f3b2b2f6a8c13	NA%NA%NA%NA%NA%NA	10
f60d819fdcddf2eb1c28ac6aac77f08312f1063a	NA%NA%NA%NA%NA%NA	10
fbf06eac901884f42900f3053d989021530f8336	NA%NA%NA%NA%NA%NA	10
f4917eb563dc8a46fed65953834fa7a85380cff9	NA%NA%NA%NA%NA%NA	10
969cf9fb5e7be5ade2aaf32426eece146dfb1786	NA%NA%NA%NA%NA%NA	10
967cd0f26398dddfa3eea977ac6eb132944fbeda	NA%NA%NA%NA%NA%NA	10
9616bdb73c630ce15dd0926661fc14fb921761d3	NA%NA%NA%NA%NA%NA	10
f4d953b9d00f0c9a16236657a85094ecdd1ce29e	NA%NA%NA%NA%NA%NA	10
95ae8c6a51dd5be2efee0d020e7f78d11bdcb292	NA%NA%NA%NA%NA%NA	10
92033bace64dab6f4511c2360f8335e4dd3be0e2	NA%NA%NA%NA%NA%NA	10
f6202a150ff364f1ed79ee57692a817dc07f50cb	NA%NA%NA%NA%NA%NA	10
913300ff510bc167a3be5d611ba069a3244bb752	NA%NA%NA%NA%NA%NA	10
904bb61f1456e3644581270b565fbe98ff8dc4f7	NA%NA%NA%NA%NA%NA	10
90d0cb5e9b9e4d660606473cd62033b29ac04272	Ascomycota%Eurotiomycetes%Eurotiales%NA%NA%NA	10
91131b737319b8ba4d4b271b5853b4cfd819235f	NA%NA%NA%NA%NA%NA	10
93ac20d77b7ad493af912cef47dd520b270cabd2	Oomycota%NA%NA%NA%NA%NA	10
9134ccef69135aef988b64e635fe8db4eae7376e	Oomycota%NA%NA%NA%NA%NA	10
91391642bffacde6281c3f867a08b5b8b7930435	Ascomycota%Sordariomycetes%Hypocreales%NA%NA%NA	10
913dcd4613c603304bb3987883fa0765d9cf16f2	NA%NA%NA%NA%NA%NA	10
933f27a1f303c9a9201eab48b0809264720c95ce	NA%NA%NA%NA%NA%NA	10
9396013307b0187e948d5b5a51a817ffecb6953d	NA%NA%NA%NA%NA%NA	10
9461b3801419d87b792db6fa491aae9048234fde	NA%NA%NA%NA%NA%NA	10
ce8aabf91c90c0dee450155f141437789a85b214	NA%NA%NA%NA%NA%NA	10
ce85c06c36f09997bb94caec321a29181b18766b	NA%NA%NA%NA%NA%NA	10
ce2b41f221fc52f68b6f0f23fac2c2a9cab04486	NA%NA%NA%NA%NA%NA	10
ce0163b06cef2803fba4bb7375a5a6a4319274b3	NA%NA%NA%NA%NA%NA	10
cf40fbdec2ef4009f64e6caa493b94a9b6707a69	NA%NA%NA%NA%NA%NA	10
cf2c9337a587f3fd60e72367fc126b2364aa1fcc	NA%NA%NA%NA%NA%NA	10
cce297bc2dd84b92781d87fdb94bfacab52eda05	Ascomycota%Eurotiomycetes%Eurotiales%NA%NA%NA	10
cd35fb1b7afc412c0d709d4bfddcb5be1d201539	NA%NA%NA%NA%NA%NA	10
ca1a38b8deb5e55528990a03d774de52eb6c2ac3	NA%NA%NA%NA%NA%NA	10
cb1ba10da8f078267f9870edea8662f1866b24c6	NA%NA%NA%NA%NA%NA	10
c7854fde5eaec91267740b93791ac318bded7620	NA%NA%NA%NA%NA%NA	10
c7858bb59221f04d9d29c32f55cf2cd8e8caa902	Ascomycota%Leotiomycetes%NA%NA%NA%NA	10
c8c10b034dc438919a6ae764d3033e8b45f73c7c	NA%NA%NA%NA%NA%NA	10
c8c479ecee1c09f02d9aac000246c8137bfad022	Arthropoda%Insecta%Diptera%NA%NA%NA	10
c97f083803eb647d2b2190c7662ec7c858ef08a7	Ascomycota%Eurotiomycetes%Eurotiales%NA%NA%NA	10
d4afb2739fb9432d3a6b04940344941c356e42c2	NA%NA%NA%NA%NA%NA	10
d4a00ba7fbc2078031acabe8df9bfbd23930c3ad	NA%NA%NA%NA%NA%NA	10
d40d4b1dfb89b92605c39c0e87896889c6798f66	Chordata%Aves%Passeriformes%Phylloscopidae%Seicercus%Seicercus affinis	1
d505ed7fe4f6ddadd249cb8985caa846b2b3c2a5	NA%NA%NA%NA%NA%NA	10
d29ecce280c0bf24b7544f918587e62063ae2464	NA%NA%NA%NA%NA%NA	10
d27a5e5fa17fd108104c1baf20ed3db2d5852688	NA%NA%NA%NA%NA%NA	10
d357c0d9fbb6f661822bb12fadf847a978adb930	NA%NA%NA%NA%NA%NA	10
d0edfc8f571d4b90d5accb955d478e098d1265fb	NA%NA%NA%NA%NA%NA	10
d12d1603470468bdd136a1a49901700672c4cd2e	NA%NA%NA%NA%NA%NA	10
d54b49dc3d53d56317731519e3474179ec282561	NA%NA%NA%NA%NA%NA	10
de78813c5fa02ccbf9956e0646bdfafacbb59111	Rotifera%Eurotatoria%Ploima%Lecanidae%Lecane%Lecane crepida	1
dd36ca0e146454931ba21c26435b65c44afe9af5	NA%NA%NA%NA%NA%NA	10
dab084466a631d34376b42ce6bce9fd2500f90f2	NA%NA%NA%NA%NA%NA	10
da7b90f69d55e0609fc11f964942a44d914f16cd	NA%NA%NA%NA%NA%NA	10
dd641a9fa0c328597a141d55650115fe2a9d1eb3	NA%NA%NA%NA%NA%NA	10
ddcb3c6e55991e8c0f63d4fabae6b60d88d0840e	NA%NA%NA%NA%NA%NA	10
de1215e17a065381e6b46c5c1d0e2c9bfb4aebd0	Chordata%Actinopteri%Cypriniformes%Catostomidae%Erimyzon%NA	3
db8bf8085aa873feea04adbd41bf8fcd05229c23	NA%NA%NA%NA%NA%NA	10
df2d703115c578be30e92614683850d062a94251	NA%NA%NA%NA%NA%NA	10
f1312699f259ca8e086b83c12c46a5e2f240d92a	NA%NA%NA%NA%NA%NA	10
f1374fd48981514bd4d4f753839390fb655d8d1b	NA%NA%NA%NA%NA%NA	10
f1b248b7d4a9798267fd83ec9af5b2124b9fadf3	Arthropoda%Insecta%NA%NA%NA%NA	10
f2e927320dd097516b97b0b8cdae2e3b36d21122	NA%NA%NA%NA%NA%NA	10
d95fcd57eac26b938271f4e0ee10cdafaa21c160	Arthropoda%Insecta%Diptera%Chironomidae%Cricotopus%NA	10
d5cc9a192daf32fd2a4a92a56824d2f3ecc4e4cb	NA%NA%NA%NA%NA%NA	10
d6d04f93972b083fb4bf232673820fad1a944dc4	NA%NA%NA%NA%NA%NA	10
d6defbd3f8603ac7f843528c0b70df4b47759872	Annelida%Clitellata%Crassiclitellata%NA%NA%NA	10
d7569ee8791730af4f6c4f2701f5853420dc8e02	NA%NA%NA%NA%NA%NA	10
d76a6497a01ed276d4415a0a85be16ed4915b4d8	NA%NA%NA%NA%NA%NA	10
d8c434bf0069434593887d340e1db2d009488f25	Ascomycota%Leotiomycetes%Thelebolales%NA%NA%NA	10
f33ad72991028aabc679248d56fe9213112ab8d1	NA%NA%NA%NA%NA%NA	10
d994fd72c83a4ac842346da0b1667b9502a6f95c	Oomycota%NA%NA%NA%NA%NA	10
dca535e3299ae36a7cfe4a94a31ee0ad34877309	Arthropoda%Insecta%Diptera%NA%NA%NA	10
dcb1928b32f1bc6c79b922557065bf3e88f14a4f	NA%NA%NA%NA%NA%NA	10
dc484a4442af0bc6a86121e1f43baeb2c1eda1db	NA%NA%NA%NA%NA%NA	10
dc4936ff8fb54c37fd2305efb760e3c68ffbc192	NA%NA%NA%NA%NA%NA	10
2df47b4544d9752c981d860344aa3f8b9db6be4a	NA%NA%NA%NA%NA%NA	10
26bb943182f499a844b9e0b99e900201a53753ca	NA%NA%NA%NA%NA%NA	10
2c3d5a767613d8e0673ec59cbb089f2af4dbf363	NA%NA%NA%NA%NA%NA	10
298eff2bdc74e1bf756ad48d9bdc0ad5e7e0645b	NA%NA%NA%NA%NA%NA	10
29e87ea03a2f50ed3f6e7233338755d05cd42973	NA%NA%NA%NA%NA%NA	10
2a736c735a7b0acd75f751c871bd0c0b8d258c47	NA%NA%NA%NA%NA%NA	10
2afd107584e2118fc4cb88cf71fe7540259a88d0	NA%NA%NA%NA%NA%NA	10
2b2ec778ae15f9350e7133cbb5d5069a1bc32ac8	NA%NA%NA%NA%NA%NA	10
2beff344c64d63649a146985e1a5cc94f7ead309	NA%NA%NA%NA%NA%NA	10
2d1214fa6d5a8bc0daf24532dc5bdf0e1dbe62f9	NA%NA%NA%NA%NA%NA	10
2d387e895f23a77c4af3f2c9e4c280cb1a306492	NA%NA%NA%NA%NA%NA	10
2e23dc607114778ed783a3f3eca3098b3814569f	NA%NA%NA%NA%NA%NA	10
244b0ff1e74967860458e0128233f6f62acb9dfb	Oomycota%NA%NA%NA%NA%NA	10
20a323adb066ed28666eef28eba3a7b8278ace6a	NA%NA%NA%NA%NA%NA	10
2105bbbdee09bdc1ae4d625f52ac99db36a0dbaf	NA%NA%NA%NA%NA%NA	10
21958bea78dc4b6d2ef9d4eb485646e320c6b710	NA%NA%NA%NA%NA%NA	10
21dae7e8bc85266948170c6484b37b19a21ee4e4	NA%NA%NA%NA%NA%NA	10
2229702ea3e4dac446d5f19519f17d4ccd76563f	NA%NA%NA%NA%NA%NA	10
227a5455cee54e4f60505e65a791b47cd7dca050	Ascomycota%Sordariomycetes%NA%NA%NA%NA	10
23306744296f2a225d19ade5d3b7fcf49b9ba22e	NA%NA%NA%NA%NA%NA	10
274d22eb455a73f89d9833b6fee31c7f1e159b5e	NA%NA%NA%NA%NA%NA	10
2485d73e43d3f7a7bf911bd6dcb98087d7001a95	Arthropoda%Insecta%Lepidoptera%NA%NA%NA	10
2486b6010973617511deb49610accd1901324877	NA%NA%NA%NA%NA%NA	10
28536099d5a528ac4ed35bc7bcd229d5a6f3ef5f	NA%NA%NA%NA%NA%NA	10
28076a8456903f08b8afd7a9482961db97f64705	NA%NA%NA%NA%NA%NA	10
2eee728cae43afb3e2b72280b9d242f1bd10e374	NA%NA%NA%NA%NA%NA	10
2efc2186c021dd451f382740b08543fb47980a1f	NA%NA%NA%NA%NA%NA	10
388565b694733b8e271b1fcde83cca5b4432c59c	Oomycota%NA%NA%NA%NA%NA	10
3f027ab3b97fbd986c1e11a34d449210015a3b1d	NA%NA%NA%NA%NA%NA	10
3a0a7cde182adaf79a3853855759795e21f4b902	Ascomycota%Eurotiomycetes%Eurotiales%NA%NA%NA	10
3a28461da3e2a16b0bd375bbf879fcd5b2fa4ba6	NA%NA%NA%NA%NA%NA	10
3ae960075b499b8526820ced18f0d72a88945108	NA%NA%NA%NA%NA%NA	10
3c5c8f92555087eaba22dbe79a7d53208b4f6c6a	NA%NA%NA%NA%NA%NA	10
3c7570d5b84ecffa5d401fb4bf9977a544d284ca	NA%NA%NA%NA%NA%NA	10
3d7aee79f83baa1317f089fab3a38899ef8385d9	Oomycota%NA%NA%NA%NA%NA	10
3da3696016b74ae8b22a9b2a0af3bc5820b561d0	NA%NA%NA%NA%NA%NA	10
3dd97f6e16aeb2ae04754d39c321935b01688e2b	NA%NA%NA%NA%NA%NA	10
3e3331efb4ed7b776836b261508c7770af9b8529	NA%NA%NA%NA%NA%NA	10
3e390a7362ae6645c6b65d007d56aadc1dfe0c1e	NA%NA%NA%NA%NA%NA	10
3e4649b2d3d01f2545123eaf5b26ef9face86755	NA%NA%NA%NA%NA%NA	10
39eaefcf878c1d47601151d0bfbd31d9b6c357f7	NA%NA%NA%NA%NA%NA	10
39aaecc58fc87aaaba38896caed40e3b8bd7f659	NA%NA%NA%NA%NA%NA	10
0031bb6b16b43fa484104da08a361c82611d112b	NA%NA%NA%NA%NA%NA	10
3063e3af11f56a3a1c3f1b1ae63621862edba7d7	NA%NA%NA%NA%NA%NA	10
30ac54f96e8878577496b4c0362dbb2e1894fd68	NA%NA%NA%NA%NA%NA	10
30b938d26dfcea200a73aa38330ad28dd354ceb6	Annelida%Clitellata%Tubificida%Naididae%Chaetogaster%Chaetogaster diaphanus	2
30ede6d2f4c516beb7942ebff5800137e64f323c	NA%NA%NA%NA%NA%NA	10
3106e319cbc77cb2502abae07dad99ff354db084	Bacillariophyta%Bacillariophyceae%Bacillariales%NA%NA%NA	10
3309ef0bc48119e080b9eb6789c3b1c642fcafb7	NA%NA%NA%NA%NA%NA	10
335148c5200176d307dcd587b2027256937fdde6	Ascomycota%Sordariomycetes%Hypocreales%NA%NA%NA	10
38520a9790d117090e277d97429cd693aac76e8f	NA%NA%NA%NA%NA%NA	10
34803318eaddf8cc6c0b242b5e099e18f5e74ddd	Arthropoda%Insecta%Diptera%NA%NA%NA	10
351bd8006925527ddf7a387dd01bf7fd102c84e6	NA%NA%NA%NA%NA%NA	10
362c90281e24b777a4d7219d9d68249ce04c68fe	Ascomycota%Eurotiomycetes%Eurotiales%NA%NA%NA	10
368dd98137f0d3f554cd7c9b582300a179ef7b2c	NA%NA%NA%NA%NA%NA	10
3786431b378409e5291aefbbfd02b61598a9f25c	NA%NA%NA%NA%NA%NA	10
37e7dffc53ba15c1d88f3e02f608d0c41502c19e	NA%NA%NA%NA%NA%NA	10
0b1ec228bc20a6e533ca210a33c203ba4fc017ca	Ciliophora%Oligohymenophorea%Sessilida%Vorticellidae%Carchesium%Carchesium polypinum	1
068b87148855e7a08fcc085f61d9f8dd6dc36c34	NA%NA%NA%NA%NA%NA	10
0692c5540cc5e46e8f6b2e83549342972d960bc3	NA%NA%NA%NA%NA%NA	10
06020b2812d748cc569692e76d6c30ca1200eae5	NA%NA%NA%NA%NA%NA	10
09b07db8d3f05e297eb6d34d67530c5748b33102	NA%NA%NA%NA%NA%NA	10
0a69b41cf1a85ed60bf4b0bfe1d4c771ab44caea	Annelida%Clitellata%Crassiclitellata%NA%NA%NA	10
0adb285c99b809274192f71433d2e47405a2e844	Ascomycota%Sordariomycetes%Hypocreales%NA%NA%NA	10
0af83ca1e3718df2626bd024065a599d7e05158d	NA%NA%NA%NA%NA%NA	10
0b0128cc67c62b681eb8202a156a9772626d9c18	Oomycota%NA%NA%NA%NA%NA	10
0bd32ec705bb65c62d20a4f7b5b58cdaddc9d0e1	NA%NA%NA%NA%NA%NA	10
0be9ecdf7a56327b8c22e5420445a2599082bc8e	Ascomycota%Eurotiomycetes%Eurotiales%NA%NA%NA	10
0c33dc385d432a940f0a99de5fcb297ff2ea2193	NA%NA%NA%NA%NA%NA	10
0cb44e03ce6fd2b1640ecb8a994a8976ac8a5670	NA%NA%NA%NA%NA%NA	10
0f0c0887db94220c2938124dbda3999557403a50	NA%NA%NA%NA%NA%NA	10
0f95c9bc23dcb257a417d1ac9d7d1e935c893cb7	NA%NA%NA%NA%NA%NA	10
03970b5e08cc8bc38a0c433f9bdb926bff6c9917	NA%NA%NA%NA%NA%NA	10
004b87ad0c9cc2cf9108026ea29b016cc01f12e3	NA%NA%NA%NA%NA%NA	10
004b89254aff63e117a90b224b3d7a63ba5ba58e	Ascomycota%Sordariomycetes%Hypocreales%NA%NA%NA	10
008a8b645257a93d410413fac63015e68a16d1d7	NA%NA%NA%NA%NA%NA	10
01f9fc25075b78ab8d244410398d63d44af244b1	NA%NA%NA%NA%NA%NA	10
02383357afea0572ff21bb3d11b767c42c4e4e90	NA%NA%NA%NA%NA%NA	10
02a0cb4c0a336562298c98c8b6f155e418fa7396	NA%NA%NA%NA%NA%NA	10
0373c7bd11c214b4962cad1de56773f5de296071	Oomycota%NA%NA%NA%NA%NA	10
03b7aad2f6147cadab07b2eeb999e9139282b837	Ascomycota%Dothideomycetes%Cladosporiales%NA%NA%NA	10
045bf7c6715297680d2d314f525b6e16003220e7	NA%NA%NA%NA%NA%NA	10
04ad55f4c0781b24203b0b29ea76c581862868ea	NA%NA%NA%NA%NA%NA	10
04f548db7353192450f9a7e8245cc7424d914183	Nematoda%Chromadorea%Rhabditida%Strongyloididae%Strongyloides%Strongyloides stercoralis	1
076795631c8c2643c349f360ab5ee2f0c95b0363	NA%NA%NA%NA%NA%NA	10
101eb6aac78b750d1bcc508d07926a482e2073a8	NA%NA%NA%NA%NA%NA	10
15ee570c42a49780a343909b65addd63478927a2	NA%NA%NA%NA%NA%NA	10
1592fe74f3b1f3bd69c3fa49c92f5543df553724	NA%NA%NA%NA%NA%NA	10
16c0c3db2a11f4c1ffca4ac44b4963ec90e6241e	NA%NA%NA%NA%NA%NA	10
16e425ec19f2f7cae17f05ec57fc1fbd63baf2f8	Chordata%Mammalia%Artiodactyla%Bovidae%Bos%NA	4
183765ba298b5c2e5975780b165b4d352b7dbb75	Cnidaria%NA%NA%NA%NA%NA	10
18613b3d4f41d748c837a36eb310171a798f910d	Ascomycota%Eurotiomycetes%Eurotiales%NA%NA%NA	10
1e02f255f01868889fffc958e6ddb2e0b13f241d	NA%NA%NA%NA%NA%NA	10
1f503266d5e02a1e3ff7592cc1afd6506605e5d1	NA%NA%NA%NA%NA%NA	10
13da37323791d812a16d5b5d72aa4397e602ceb7	NA%NA%NA%NA%NA%NA	10
10cb9f974e4082efb90dac4c565db99871755d45	NA%Phaeophyceae%NA%NA%NA%NA	10
11058091509700a3f44c973eec7f556ac86d5d4c	NA%NA%NA%NA%NA%NA	10
113f0d04956d5d8b56f7489efc5768a3845f3c0d	Arthropoda%Insecta%Diptera%NA%NA%NA	10
1301f0c0ad50a7ae95b1917e8202916c0b2991ed	Ascomycota%Eurotiomycetes%Eurotiales%Aspergillaceae%Aspergillus%NA	3
137271299c79266103b8af6c878524047b9a461b	NA%NA%NA%NA%NA%NA	10
13b42b651879166c8f601a9ba01ef8d9a6dad7f0	NA%NA%NA%NA%NA%NA	10
144e69b547ec096228d358610490fb63fba4cd4e	NA%NA%NA%NA%NA%NA	10
14b20c4cac908122d00f1b1825ff52a9682f6259	NA%NA%NA%NA%NA%NA	10
17afc29ce09f9a53a6dc3f31ba734a2b2d682b47	NA%NA%NA%NA%NA%NA	10
1791dc8a0cb862411451744b9709d1da41b1d9a0	Ascomycota%Dothideomycetes%Cladosporiales%Cladosporiaceae%Cladosporium%NA	10
173df5605fb1266be34acab4ed520dfe99385e3e	NA%NA%NA%NA%NA%NA	10
1606696191a8ccf714ac11483c3bf75053091e13	Ascomycota%Eurotiomycetes%Eurotiales%Aspergillaceae%NA%NA	9
7ade258618b887fb67b0cf11f7891fa8149e3399	NA%NA%NA%NA%NA%NA	10
7b0118fa58587cecd4affca4a4960adb067f9885	NA%NA%NA%NA%NA%NA	10
78ac00a5aab39214fc1e6d2de7729e2a622f9b73	NA%NA%NA%NA%NA%NA	10
78a64084eb33e987c03aabaab3c829284600cdb6	NA%NA%NA%NA%NA%NA	10
782f6ce4366b7503cde407e746f78b08286c53c9	NA%NA%NA%NA%NA%NA	10
7dad3db3ee6cbaabb4e075d9a127c70f6b744ec5	NA%NA%NA%NA%NA%NA	10
79ea6e9b94fa525f94fe8e725b9efaec29225474	NA%NA%NA%NA%NA%NA	10
7f29ba3aefc24b2cb6e86856a83a87163b80d81e	NA%NA%NA%NA%NA%NA	10
7f2f842764bfd737488048afe3b42f89fd1a1300	NA%NA%NA%NA%NA%NA	10
7f3d05c6dffd52a0aa9dba9311a74c108ad1d488	NA%NA%NA%NA%NA%NA	10
4c37d4cb029507df422aaf809165af7b7811a1d3	NA%NA%NA%NA%NA%NA	10
4dec21fab37b2e3d80c997d03acb1235eab07e38	Ascomycota%Eurotiomycetes%Eurotiales%Aspergillaceae%Aspergillus%NA	10
748144bf719f3426ad9fcfc8a031d849f0e6a9e5	NA%NA%NA%NA%NA%NA	10
70ef9a5cb65b4ca8ad51779b5c1eb7937d759c98	NA%NA%NA%NA%NA%NA	10
72c29d171ec8882d23e7a6a75c1e82e8e30f5054	NA%NA%NA%NA%NA%NA	10
73e692f20fb1fa7b7da20cbb6a15a53965a6d12a	Ascomycota%Eurotiomycetes%Eurotiales%Aspergillaceae%Aspergillus%NA	10
73ee260d90d6a8d36a53328e98efc06fc1d783a9	NA%NA%NA%NA%NA%NA	10
743bb4dc5503faaaaa0e935797be98748fa0b5e3	NA%NA%NA%NA%NA%NA	10
744bfff58c69566c3ff092c00452ceaf3537edd3	NA%NA%NA%NA%NA%NA	10
7465ee19aad832b52b7dda14fce78e0076314cfa	NA%NA%NA%NA%NA%NA	10
7ac6c529884bf0c49567cf6a7759ff5f83313366	NA%NA%NA%NA%NA%NA	10
74b40f2e2c6b8fae324d575985ecdb4851ac9b09	NA%NA%NA%NA%NA%NA	10
74ccd06d10b4be7d85a04c0331d9f7ad01c7bea6	Oomycota%NA%NA%NA%NA%NA	10
762f416f6a3d87b4bc6b84887fe6758fc6d33057	NA%NA%NA%NA%NA%NA	10
7900ed6f3964f579fec310b17dfa9a73d67ca2db	NA%NA%NA%NA%NA%NA	10
7943487ccc4a698c8e42bd783708d634dc1aae89	NA%NA%NA%NA%NA%NA	10
4d0b6a5f351269f7358ff7c3267a47d802e9574a	NA%NA%NA%NA%NA%NA	10
41bc56f6dbc0eed674d06c63bbb30825fdff7432	NA%NA%NA%NA%NA%NA	10
4bfd1eba5f66ea7b5563e549fdffdbcc35715cdf	NA%NA%NA%NA%NA%NA	10
449d4f8b204e6627013efd91a7dcda4026e01206	NA%NA%NA%NA%NA%NA	10
44095b3eb258649c7428428b0e10ccc1232e7f0a	NA%NA%NA%NA%NA%NA	10
4402d6e7d463e138ac03b9ca6b8c09cf3fa5f058	Oomycota%NA%NA%NA%NA%NA	10
408f27cc0a9d1a5bd6338b374fe76049df631aaf	NA%NA%NA%NA%NA%NA	10
41fa6633e71f46627b11e0f5653b344e9b5347a5	Arthropoda%Insecta%Diptera%NA%NA%NA	10
4153aacf912962314c099aa6cc576ec70b998a2f	NA%NA%NA%NA%NA%NA	10
804225ad2cba72b27a0132d5e7bec72dea808dcf	Arthropoda%Insecta%Diptera%NA%NA%NA	10
805183db7421b5c1bdbd40f0f00d0841cfb8a8c1	NA%NA%NA%NA%NA%NA	10
4924b7273f4d17a034b7d0b08a946b3e47f3ff14	Oomycota%NA%Pythiales%Pythiaceae%NA%NA	7
4b51a6fa052bb92194825a2f73788e63c17c5c1e	Ascomycota%Eurotiomycetes%Eurotiales%NA%NA%NA	10
4b2a0266cf5c0467112e86be6879f9971cf1bb78	NA%NA%NA%NA%NA%NA	10
49ec4ac03e729670093fc4b305ca657b2319d600	Arthropoda%Insecta%Lepidoptera%Noctuidae%Athetis%Athetis lepigone	1
45ff4ea63d42c8ed8f424ec7d450a068f2217459	NA%NA%NA%NA%NA%NA	10
484a93613f2410e9727f1b0f82208c1c4ffd9436	NA%NA%NA%NA%NA%NA	10
46455d35513f8d44d3665cbeebb24eeab5ac533a	Ascomycota%Sordariomycetes%Glomerellales%NA%NA%NA	10
468e127be2012b097d3c94a8ca0c345e68266ee0	NA%NA%NA%NA%NA%NA	10
469ceee3db3edaf5de2a136110bf8f41abe73907	NA%NA%NA%NA%NA%NA	10
46a4a3eb98d5918edbd694706e2fe1c27e73b9b7	NA%NA%NA%NA%NA%NA	10
46e674d0a66a86c58cd3d9b971a4ee1d77c1446f	Oomycota%NA%NA%NA%NA%NA	10
479e79acae14e3f6f1139cd86e166ef71fda3bfa	Discosea%NA%Himatismenida%NA%NA%NA	10
5ccd68c15c1258c339665b0f6630c3d53eab5c4f	Oomycota%NA%Saprolegniales%NA%NA%NA	10
5d110abde72bfbdf1051439c678e66d291858b2e	NA%NA%NA%NA%NA%NA	10
5d23ceae7ffcb00ad678a7ebdab442d371048191	NA%NA%NA%NA%NA%NA	10
564f35ed535ea6704898346576467eb8bd9e6e39	NA%NA%NA%NA%NA%NA	10
53755bd23679cb1cb8daccdbce17855c9cd7f1db	Arthropoda%Malacostraca%Decapoda%Palinuridae%Palinurus%NA	3
569ef1e9ad1e6e1356c461362b2c4719d3cbc113	Ascomycota%Sordariomycetes%Hypocreales%NA%NA%NA	10
57b7781cac0f0db50951531dff4fbc92e0116888	Ascomycota%Eurotiomycetes%Eurotiales%NA%NA%NA	10
593ea417225d4daeb57cdc0c44a50721b7c2cf77	NA%NA%NA%NA%NA%NA	10
596dfc324f3daabfa4e3cd2ce7796d43aa627ae6	NA%NA%NA%NA%NA%NA	10
5a383d17eb0657bbca81f6e0de16287137dbdc98	NA%NA%NA%NA%NA%NA	10
5a64775044df46bd3c5d2dc27104d4474ae86a0e	NA%NA%NA%NA%NA%NA	10
5adeed617ce51ed6b1b37c617455e0bc5c7b74b8	NA%NA%NA%NA%NA%NA	10
5b6239fbd36f8cc4a73ef5fc00be9c17c07f6bb3	NA%NA%NA%NA%NA%NA	10
5e3f6297a289c572b854132535e3fa16fef91495	NA%NA%NA%NA%NA%NA	10
3f5d6bd7938ba90ea665b6d7177b2dcc73b657f7	NA%NA%NA%NA%NA%NA	10
3fa9beccf31c6b671129273b25dfc86e18c09802	Ascomycota%Eurotiomycetes%Eurotiales%Aspergillaceae%Aspergillus%Aspergillus oryzae	2
50c61f7bfa28b9cd8326071ab84ec18ade23fba9	NA%NA%NA%NA%NA%NA	10
515a6dfca676db33f1e48d379f05288780072e3d	Discosea%NA%Himatismenida%NA%NA%NA	10
5170ae867b77386545eced9cccb266ddd696372d	NA%NA%NA%NA%NA%NA	10
51cb403b82c60952e804dfb3716438c7cfcc4270	NA%NA%NA%NA%NA%NA	10
522c5189c417fcf23eb7cbc2509eaa622f0a4c0c	NA%NA%NA%NA%NA%NA	10
523be4f6838e3f8709c9eb1869564809628086d8	NA%NA%NA%NA%NA%NA	10
5263407b649393d496341761fcbddbf514c6a538	NA%NA%NA%NA%NA%NA	10
55c0bb3678ef5f1541208102ec52bf4125ed8e80	Oomycota%NA%NA%NA%NA%NA	10
55ad1adf2352c5546bb123def3e4e58cd16c573d	Oomycota%NA%Saprolegniales%Saprolegniaceae%Saprolegnia%Saprolegnia parasitica	1
5e6e80b4a08aeae6012c49d6dbf04423e025c777	Annelida%Clitellata%Tubificida%Naididae%Tubifex%Tubifex tubifex	1
5e98fc41e5410c3a0355b6308d6eb625ab9b87d8	NA%NA%NA%NA%NA%NA	10
5ec8f337c6e08bae16e7240d4535b6237efe668f	Arthropoda%Insecta%Diptera%Mycetophilidae%NA%NA	7
5fbb500b069e9180b6d82144e3f4b6af910f0306	NA%NA%NA%NA%NA%NA	10
69bff2028f9ec8530817bd78bb790081efb4851a	NA%NA%NA%NA%NA%NA	10
692bc5d3281c3b9af483c9ec7df2055d96b77fad	NA%NA%NA%NA%NA%NA	10
66bd61698dc0c838c3bb599ccf5a2c805051f106	Annelida%Clitellata%Tubificida%NA%NA%NA	10
67d7e07e7b92b8ff138fdae699f840b86dd788f1	Mucoromycota%Mucoromycetes%Mucorales%NA%NA%NA	10
64e712722b6efc3dbff97b760be15e5f8340eacd	NA%NA%NA%NA%NA%NA	10
6560ce92a6b7544d08284f489c2640a18b88361c	NA%NA%NA%NA%NA%NA	10
651f95ba5ad682d9b72423f12310a7fad4fbcf72	NA%NA%NA%NA%NA%NA	10
622eb13157a838e02bb9c0b98488edd5d007ed47	Chordata%Actinopteri%Perciformes%Tetrarogidae%Liocranium%Liocranium pleurostigma	1
622997655e82bd1a6fe1509a3f7dec1ae03d60f0	NA%NA%NA%NA%NA%NA	10
6209be1050c56ca495827a0b91ea3794ab424ddd	NA%NA%NA%NA%NA%NA	10
630d3bfc38a0fbb872cebe1dc6bba67933ddac5a	Ascomycota%Sordariomycetes%Hypocreales%NA%Gliocladium%NA	10
607fd3e0386c9f8ce274b97b1cbeb6f8db747dd7	NA%NA%NA%NA%NA%NA	10
602c436f54e1ad339e1cbc82f858686a1f06458e	NA%NA%NA%NA%NA%NA	10
6b0893508b9373873deded210c79f5c9a46ac3e7	NA%NA%NA%NA%NA%NA	10
6b53adf03c86243c68ed006fafea66a18fa3bd6c	NA%NA%NA%NA%NA%NA	10
6b95b9bb51c52cc544695ec678f5a8a0f50bc846	NA%NA%NA%NA%NA%NA	10
6bcff49d8d34db5dcba48b2dc6242e1b0260ce4d	NA%NA%NA%NA%NA%NA	10
6cb008ee5c8264f330a63f52cf2e3d0a3ce9cb40	NA%NA%NA%NA%NA%NA	10
61bc61928078d8d4a5d00785ac45e4fc364160ef	Arthropoda%Insecta%NA%NA%NA%NA	10
6e40f99cd597d883594ce0a929934c3bd04e986b	NA%NA%NA%NA%NA%NA	10
6e1f23e373c98b0118d76bf03264c1c3f74e8272	NA%NA%NA%NA%NA%NA	10
6a513a88ed6a18df3bf8576d6fb576f81acd282c	NA%Phaeophyceae%Ectocarpales%Scytosiphonaceae%NA%NA	7
6c9c44b5fea0a38b7d354565a4172aca66fcedc6	NA%NA%NA%NA%NA%NA	10
6c722d56660df5211f4bbb6950a7854049ffa758	Arthropoda%Insecta%Diptera%Simuliidae%Simulium%NA	3
0033309923337d5332161a10b972d4841f8252fc	NA%NA%NA%NA%NA%NA	10
f3b72717a6d77cdf53eeae9694622e2fdfb57411	NA%NA%NA%NA%NA%NA	10
1d8f9a483015945ee1dc4bf9462b07ba27c683fc	NA%NA%NA%NA%NA%NA	10
46be2691c54672a3e809a1569e639acf4854ff31	NA%NA%NA%NA%NA%NA	10
c7e906e3a235e25ad76dbbdf4b0ec843bc72d674	NA%NA%NA%NA%NA%NA	10
81081a2e006d97d3fd4b60594fbc41138447b2f1	NA%NA%NA%NA%NA%NA	10
d8f3e9f1b126138f6663f2738d7e5b9e5bbb26bb	NA%NA%NA%NA%NA%NA	10
2c8ce5973e9c58a7ec36db9ee37bc7d9cd2b0bff	NA%NA%NA%NA%NA%NA	10
c188aab1aff6c192e7c44e7a60da3c40c049d16c	Ascomycota%Sordariomycetes%Hypocreales%NA%Gliocladium%NA	10
714ae22a5f3278e5b1857505f6a71f5259da777f	Ascomycota%Sordariomycetes%Hypocreales%Nectriaceae%Macroconia%NA	10
2f66c24da62604617601daf630df0a2f7121cd35	NA%NA%NA%NA%NA%NA	10
308a05957c426a71ce79ad1a2f18f1482ac293ec	Discosea%NA%Longamoebia%Acanthamoebidae%Acanthamoeba%NA	3
a6a89e204902df5e5a4482c3173b76ca998a4f31	NA%NA%NA%NA%NA%NA	10
420e196766862142d4b931042127e6dfa0b829b4	Basidiomycota%Agaricomycetes%Agaricales%NA%NA%NA	10
feaea77a86177e4ad6eca1e3ba4c927bb124d83d	NA%NA%NA%NA%NA%NA	10
c4cf605a3e0d3deaa4924faadbdd1b7f5335d6f8	NA%NA%NA%NA%NA%NA	10
25030acf0823ea4f738bc1583f528a1d9cd8c104	Arthropoda%Hexanauplia%Calanoida%Diaptomidae%Arctodiaptomus%Arctodiaptomus dorsalis	2
03cf3501a556eea3f5a0814a4eab653d1ca89439	Arthropoda%Hexanauplia%Calanoida%Diaptomidae%Arctodiaptomus%NA	10
7528c94aa2855dc625dd99669e686edc5c96cb92	NA%NA%NA%NA%NA%NA	10
ea3ad1d353ef9e7fc5a534fd73f3e3f0e62c0098	NA%NA%NA%NA%NA%NA	10
f5fbcaf16a6c7f01889cb1d5b7271ae7034eb7bf	NA%NA%NA%NA%NA%NA	10
8143e21083e868aa68999b4c21eb7371feb27aba	NA%NA%NA%NA%NA%NA	10
547ba4cbfb397f568b50604ecb1f9d426c5231a3	NA%NA%NA%NA%NA%NA	10
a48192a0226a3a2719ad0566b74e5f8fdc04b147	Ascomycota%Eurotiomycetes%Eurotiales%NA%NA%NA	10
41f2c58cbfe5c7330de101e043317f6bdd110d59	NA%NA%NA%NA%NA%NA	10
9cb41c08a5164f926e4b06f3b837d31dadc3021f	NA%NA%NA%NA%NA%NA	10
dcbe7dc3f1519963d543d2fdb6d8b3f6fe872b18	Ascomycota%Eurotiomycetes%Eurotiales%Aspergillaceae%Penicillium%NA	10
da9b1935ecdcb25a4b7bca70fcffa662c29fc581	NA%NA%NA%NA%NA%NA	10
c2b3d807da81f4447784663a611ab7689f737d83	Ascomycota%Sordariomycetes%Hypocreales%Nectriaceae%Calonectria%Calonectria colhounii	2
d038b6500edf3bce455c6e2b1cc187dc2099bb0c	NA%NA%NA%NA%NA%NA	10
19f698e39d33fe50760e9430445a91a4902ed5c0	NA%NA%NA%NA%NA%NA	10
dbaa2cfa38d54d0f05b1915752d98fc44a45aba3	NA%NA%NA%NA%NA%NA	10
ebf50586e85d9959ebfbf9f20f7bc572e99f1313	NA%NA%NA%NA%NA%NA	10
c8800bb81e819a37e2e130fcfbbbb95447dc589e	Mollusca%Gastropoda%Stylommatophora%Chondrinidae%Chondrina%Chondrina calpica	1
a232504f2b2b1453092ede712b9193d505ed2d08	NA%NA%NA%NA%NA%NA	10
8d5667663739efde3971e07f567bb25445aea48e	NA%NA%NA%NA%NA%NA	10
51a0c46147b8e82bcd57874e75dbd2cb57f8ec4d	NA%NA%NA%NA%NA%NA	10
52e81871a1b71faa10502d43994c4ae418247326	Ascomycota%Eurotiomycetes%Eurotiales%Aspergillaceae%Aspergillus%NA	10
3445bf4d6cdedfd5c6f3e4dacc74a87a92fd2c88	NA%NA%NA%NA%NA%NA	10
391f899ab35f1a19dbb5d597b531fd2cf56aca1b	NA%NA%NA%NA%NA%NA	10
acfae687fa5c976acd184420b2bf7c771229b3e7	NA%NA%NA%NA%NA%NA	10
ac50f5bced292c22fb361d95a19f328e7a1e9fcf	Ascomycota%Sordariomycetes%Hypocreales%NA%Gliocladium%NA	10
54d5e4fe1f17ef309dfc0e527c7ede836727fe48	Ascomycota%Sordariomycetes%Hypocreales%Nectriaceae%Calonectria%NA	10
c355a08ec85874cbd315c84c6e70d323dca8b7f3	Arthropoda%Arachnida%Araneae%Araneidae%Gasteracantha%Gasteracantha doriae	1
ce66e3fec52755e4df6b55bac3bd25a7efaa6eee	NA%NA%NA%NA%NA%NA	10
472385450e5368f326c1405979d0ddb4a287c89b	NA%NA%NA%NA%NA%NA	10
b95cea2b10719dd07ee08ee895042c288bec545b	Arthropoda%Insecta%NA%NA%NA%NA	10
e7848d00df1833fccc4c99ff6ec15c739a4c1a0a	NA%NA%NA%NA%NA%NA	10
e915e879f79a61b5ea53eea76b32cdc0b3c8e4df	NA%NA%NA%NA%NA%NA	10
f091061fdfd3a5404ab4de72fb44a0d2ff09e116	Ascomycota%Eurotiomycetes%Eurotiales%NA%NA%NA	10
5bdb0f9262cfaf3d437cafa856b7a1fc5eaf8866	Ascomycota%Eurotiomycetes%Eurotiales%NA%NA%NA	10
1f704f186b1385d9e98a7ed330081bef887a44be	NA%NA%NA%NA%NA%NA	10
1bb13cd2de98c41038bc7dce7bd3a8be428e477b	Rotifera%Eurotatoria%Ploima%Brachionidae%Brachionus%Brachionus havanaensis	2
29fca6c185409d99932312f5bdb2f5907e7f6b16	NA%NA%NA%NA%NA%NA	10
8f38bf1e00429058fc26bae382f8ef3fb9376b8e	Ascomycota%Sordariomycetes%NA%NA%NA%NA	10
6cab81bac9e4f06559aad0d18af10fa9b30b66b5	NA%NA%NA%NA%NA%NA	10
70077852550a720ef53ebf670d49a39c1b1d6ff8	Ascomycota%Eurotiomycetes%Eurotiales%NA%NA%NA	10
ac55ce829ed611c9dfc5aaa915c37d69957326eb	Ascomycota%Sordariomycetes%Hypocreales%NA%NA%NA	10
acd27b4ba16493e9de42cc9234d0f655876de4ed	NA%Phaeophyceae%Fucales%Sargassaceae%Ericaria%NA	3
acf598f072cf0bc47f2ca0e6fe1856848a0cefd8	NA%NA%NA%NA%NA%NA	10
a60a3b5bb221f7ce310dd9fb631600ceda76b4f1	NA%NA%NA%NA%NA%NA	10
a6ee68142d65c9f64503523fbcc95e09b6d1f8ff	Arthropoda%Hexanauplia%Cyclopoida%Cyclopidae%Thermocyclops%Thermocyclops inversus	1
aaa9488d07ae20780fda365434e13f0db174bb07	Arthropoda%Hexanauplia%Cyclopoida%Cyclopidae%Thermocyclops%Thermocyclops inversus	1
abbfdef18a23e5f18f6fa2b759f8a6992b49c03b	Ascomycota%Eurotiomycetes%Eurotiales%NA%NA%NA	10
ae522b98a7b32fb27cfce5ed8779dc88d643a638	Ascomycota%Eurotiomycetes%Eurotiales%NA%NA%NA	10
b7d737b062a63b8fd633b58c974062de27af79c8	NA%NA%NA%NA%NA%NA	10
7bfaf94f1e065a349275af3b24a7c90cea10c7a3	Ascomycota%Eurotiomycetes%Eurotiales%NA%NA%NA	10
b72066f673ebe8267e68915c1de1b534eebf151e	Ascomycota%Sordariomycetes%Hypocreales%NA%NA%NA	10
b4f68bec49066df0d683658096d43a4b04761985	Ascomycota%Eurotiomycetes%Eurotiales%Aspergillaceae%Aspergillus%NA	10
b5b802512e0037e37f0e4f9d100f56eab3870e6e	Ascomycota%Dothideomycetes%Cladosporiales%Cladosporiaceae%Cladosporium%NA	10
b261033bca97ab4783a247c8bd34501286164313	Ascomycota%Eurotiomycetes%Eurotiales%NA%NA%NA	10
b1fc07f5f7e1bb903dbd4876c09aa00db321af77	Arthropoda%NA%NA%NA%NA%NA	10
b1f7ed97d3914f80e3efb0ec614836a445631f66	Ascomycota%Dothideomycetes%Cladosporiales%Cladosporiaceae%Cladosporium%NA	10
fdf6ab44b81a35ce8372d990bde24459f89dc5af	NA%Chrysophyceae%Chromulinales%Dinobryaceae%Dinobryon%Dinobryon pediforme	1
7f5f6966fe31398f1b6b5754f6383d46af569bf0	Ascomycota%Eurotiomycetes%Eurotiales%NA%NA%NA	10
921da2d14d7d1529b0953a94a132483aa1117d79	Ascomycota%Eurotiomycetes%Eurotiales%NA%NA%NA	10
924282474581c422f86b79d8fc160ad40e193608	NA%NA%NA%NA%NA%NA	10
95302852071a15cb5ea5f61d817bca8596a7ee37	NA%NA%NA%NA%NA%NA	10
9fa9fe03f5d14d93f45d2b4847c661afe328b026	NA%Phaeophyceae%Ectocarpales%NA%NA%NA	10
970e80e9afabc927b55b6b812e82c648e525e7d0	Ascomycota%Eurotiomycetes%Eurotiales%NA%NA%NA	10
98bdc129768c7ea88485a333acccd7ccab6b1a74	Arthropoda%Hexanauplia%Calanoida%Diaptomidae%Arctodiaptomus%Arctodiaptomus dorsalis	2
993eca69d47b19c60398b95debe579d2f244a847	NA%NA%NA%NA%NA%NA	10
99b5c37deb718961841f2de81bfaab0ef1c87416	NA%NA%NA%NA%NA%NA	10
e2f2d84e78f59e7d9f6a9ac8938d4dbef6fe3748	NA%NA%NA%NA%NA%NA	10
ebff1aefa3f3856097ab54acde044839a32e9fe2	Rotifera%Eurotatoria%Ploima%Brachionidae%Keratella%Keratella americana	2
ebdc6f025ad77461c36eeb704f54c46d95abee16	Ascomycota%Eurotiomycetes%Eurotiales%NA%NA%NA	10
ebbbb41d769d1c057d421c2c4b855db1184728d7	NA%NA%NA%NA%NA%NA	10
ebb315a9620dccb2aeb151397f41c4cbacd47e8d	NA%NA%NA%NA%NA%NA	10
eb3334dcfbf315c11345c56598ad7f17219cec4f	Ascomycota%Eurotiomycetes%Eurotiales%NA%NA%NA	10
e7b581bbbb42711cb61c2b3171ddf85c5b6538b2	NA%NA%NA%NA%NA%NA	10
e7793b7a1cdf7d4e4d0f3b358a25f58e773bb351	Arthropoda%Collembola%Poduromorpha%Hypogastruridae%Ceratophysella%Ceratophysella denticulata	1
e1c47bcce544505fddce509b89676a9e91c0a2ad	NA%NA%NA%NA%NA%NA	10
e1f7ed30ccebd4e10565ae9aacb985d4b5631a58	Ascomycota%Eurotiomycetes%Eurotiales%Aspergillaceae%Aspergillus%NA	10
ed23ba915b6a99d24cfdc4b89de66b48eef8cc60	NA%NA%NA%NA%NA%NA	10
e36ff59309bb67f786f7b024cbfdcbf098be3cdc	Ascomycota%Sordariomycetes%Hypocreales%NA%NA%NA	10
e4ccfa35274e722e1573db057157359f32029804	NA%NA%NA%NA%NA%NA	10
e5914acad36ca94111d4caff0768d95a82952ddd	NA%NA%NA%NA%NA%NA	10
e5bd6d06c87247aece7f2f0d118753c1fde81b81	Ascomycota%Eurotiomycetes%Eurotiales%NA%NA%NA	10
e5fae211c4a3c4c0cc8896b02a7d8fe97f30a7af	NA%NA%NA%NA%NA%NA	10
e6d8a2f73d47839d888abd5251051b74b5592e62	Ascomycota%Eurotiomycetes%Eurotiales%NA%NA%NA	10
e760009180fd6f67199a8871982b76ad2860fd33	NA%NA%NA%NA%NA%NA	10
85f7514a61a07c560c0a88a355b7374b1faec5cb	Ascomycota%Eurotiomycetes%Eurotiales%NA%NA%NA	10
b85d4a8e364dacef4a38779218a9381d6d551076	Ascomycota%Eurotiomycetes%Eurotiales%Aspergillaceae%Aspergillus%NA	10
f8b5aeab890f7d5569526a4ab1c2ae5290300752	NA%NA%NA%NA%NA%NA	10
f6859d9b4e3351494a0a0d021e4f6d6c04ab7a6e	Bacillariophyta%Coscinodiscophyceae%Stephanodiscales%NA%NA%NA	10
8101b0632cf5af83431881d5393efec79f7d92ab	NA%Phaeophyceae%Ectocarpales%NA%NA%NA	10
822bb40eb88f44003649f82d3793518dc2f0064b	NA%NA%NA%NA%NA%NA	10
fca957f46e2c05b9e09eeddcceb05b6cbe8a1072	NA%NA%NA%NA%NA%NA	10
f3c468879ecb909463cb23a9e50a7f3312cde3de	Ascomycota%Sordariomycetes%Hypocreales%NA%NA%NA	10
8f63d68637eec977efb68372ad920a3184689bfc	NA%NA%NA%NA%NA%NA	10
8fe219a1d8def4063c4cc54d52afde0f1f1b3d54	NA%NA%NA%NA%NA%NA	10
edffdc0c2f533d61762911132ee0de7f2cbfeb5f	Ascomycota%Eurotiomycetes%Eurotiales%Aspergillaceae%Aspergillus%NA	10
f22f4b9e1fd22766f6de5130e0b50c436c536f26	NA%NA%NA%NA%NA%NA	10
b86641de088b54bb3b1080e2b6af9a31c5bd2760	Ascomycota%Eurotiomycetes%Eurotiales%NA%NA%NA	10
bbc2350ebe7afd58f6c097f26a1296acdc391dce	NA%NA%NA%NA%NA%NA	10
bc68ee371e229f55a04ce1208d566decc669cac1	NA%NA%NA%NA%NA%NA	10
bdb884fda4e21952c9b54e40f98bf0d45050b84c	NA%NA%NA%NA%NA%NA	10
bdfe9590b36f632256be5be5aa9bd62a32690d30	NA%NA%NA%NA%NA%NA	10
bec9f03480d0df94a342b55c181e50b8e446d59d	NA%NA%NA%NA%NA%NA	10
bf50cccc27085d8715437cef1090aebdfc059267	NA%NA%NA%NA%NA%NA	10
bfecacc9cd214f33b5f9da111d12b308d2214809	Arthropoda%Insecta%Diptera%Tipulidae%Tipula%Tipula serta	1
c0f685f007004b864bd5479dc7b33e71a72a57ff	Ascomycota%Eurotiomycetes%Eurotiales%NA%NA%NA	10
c1100a56976e51451310560ec9627b78b7255717	NA%NA%NA%NA%NA%NA	10
c456849fab85a6c1b22fd49f8ae01b0ef9e29622	NA%NA%NA%NA%NA%NA	10
c6a064bb023273ef43c04eab15b63face6a472d5	NA%NA%NA%NA%NA%NA	10
cbfcceb33131153f4e068214e10c459db8f5a686	NA%NA%NA%NA%NA%NA	10
cdde824de304a7248ee68559853122744eda6ea1	NA%NA%NA%NA%NA%NA	10
dfd7ee2eb4e1dfd1377ebbcc6af55a5e89f7fd0f	Ascomycota%Eurotiomycetes%Eurotiales%NA%NA%NA	10
d499b57213af91d386795d986f7df7f48dd9231b	NA%NA%NA%NA%NA%NA	10
d5055aa3510fa97474c1af3e547be4c30d07685d	Ascomycota%Eurotiomycetes%Eurotiales%Aspergillaceae%Aspergillus%NA	3
d8931674109b2846cfc89b380adc84070185f5d7	Arthropoda%Insecta%Hemiptera%Clastopteridae%Clastoptera%Clastoptera arborina	1
416f05a67c7456bf5dc25ff05276adc730348058	Ascomycota%Sordariomycetes%Hypocreales%NA%NA%NA	10
1617aad96d8f01327826a9b9d6e79631c0ee22fa	NA%NA%NA%NA%NA%NA	10
14b77918b5dec4e7fad68a394686eadc592ea5fb	Ascomycota%Eurotiomycetes%Eurotiales%NA%NA%NA	10
145d4a03141d9f27b705baf54f903dd69202c8dc	Ascomycota%Eurotiomycetes%Eurotiales%NA%NA%NA	10
126745effecc75a4a779a51fda1c11bd1abac3cf	NA%NA%NA%NA%NA%NA	10
1910a05e3ce584428c089ecd41f7c932457eee65	NA%NA%NA%NA%NA%NA	10
1bb6949762e2e2c49bb81f8795e0ab27b45df64e	NA%NA%NA%NA%NA%NA	10
1cf05b013101cfbee113c0374609ad40743726c0	NA%NA%NA%NA%NA%NA	10
244a4c5cb9918661c5cec972495516931ae28dc0	NA%NA%NA%NA%NA%NA	10
24e57381cdee290d20bc9e40502e25749de16752	NA%NA%NA%NA%NA%NA	10
274d0ffde4895d781532ac3fbb5a4b149513522a	NA%NA%NA%NA%NA%NA	10
2bba54c573ed4291472a97bf173d95c35e8f630c	NA%NA%NA%NA%NA%NA	10
2de957fb14d06f37dde8a2d88a320b3b13e02fb5	NA%NA%NA%NA%NA%NA	10
2ebc16900efc21adee928288c9d3b606abeb2606	NA%NA%NA%NA%NA%NA	10
2f07b13269ebdd2aafa438bebc7bbd78a8f743d9	NA%NA%NA%NA%NA%NA	10
2362abe4294783eb2724539d0aa0216f56e5dc98	NA%NA%NA%NA%NA%NA	10
23b118feb9ac7422519c1b994a88fdc1a66de636	NA%NA%NA%NA%NA%NA	10
32568cf9206cef7b860a5fac4abf441b1dbbc04c	NA%NA%NA%NA%NA%NA	10
360b80bf593b3f04dbd9dad9888b864dcae4e374	Ascomycota%Eurotiomycetes%Eurotiales%NA%NA%NA	10
3b7400a5b2cf50f80256fa93c92fb97e4936d13a	NA%NA%NA%NA%NA%NA	10
3cc2ebe387e976e4728dbde7b579cb33906c9bfa	NA%NA%NA%NA%NA%NA	10
3d5969233c66c1dd0c089b0663d06ce61324802e	NA%NA%NA%NA%NA%NA	10
3fa9ef7fb39a0dc99d6d37d5dde0b7816b0f719c	Bacillariophyta%Coscinodiscophyceae%Stephanodiscales%NA%NA%NA	10
3ff82b027a186955832414d1e350dcacb9c0a58f	Chlorophyta%Chlorophyceae%Sphaeropleales%Pseudomuriellaceae%Pseudomuriella%NA	3
00ece76e3b80fa81cc1f04fe1a53e362ea54a9b8	NA%NA%NA%NA%NA%NA	10
0e96aae6c451aed56f99222afdbbaf3745b02029	NA%NA%NA%NA%NA%NA	10
0ca2afd86967a19c7801acff32d337712bd57003	Ascomycota%Eurotiomycetes%Eurotiales%NA%NA%NA	10
06c59f1a5096d78348e2e0ad39ad1de872fc8b73	NA%NA%NA%NA%NA%NA	10
0769da21cecc758a75af65c7a9d3c1e36c314204	Ascomycota%Sordariomycetes%Hypocreales%NA%NA%NA	10
0a5a7a3de1cd599b485708b81fa5765ccabf5272	Ascomycota%Eurotiomycetes%Eurotiales%Aspergillaceae%NA%NA	9
07ebe0fe81bbc71a7cac263b3580d106d658f482	Ascomycota%Sordariomycetes%Hypocreales%NA%NA%NA	10
08773baeddd088d0f552f1778f59a0d0cd977e04	Ascomycota%Eurotiomycetes%Eurotiales%Aspergillaceae%Aspergillus%NA	10
3144b186985a7da0baf6ffad0d44929d74a4acaf	NA%NA%NA%NA%NA%NA	10
0727d3af3de3d1a2b8825a94658be1615432312c	NA%NA%NA%NA%NA%NA	10
051aff083881ed9f20c9f066d8f1b553608a9245	NA%NA%NA%NA%NA%NA	10
3146269a9d87640b7dc366cf3720e709070e1c0c	Ascomycota%Sordariomycetes%Hypocreales%NA%NA%NA	10
6a806c82ff1ad3068e2b22aea9c09da47cbc980d	NA%NA%NA%NA%NA%NA	10
6a3594b1d56ce390bca965fcac5380783b971175	NA%NA%NA%NA%NA%NA	10
6b4b5487be53ac620377dddc1046a7a9f2bba51e	Ascomycota%Sordariomycetes%Hypocreales%NA%NA%NA	10
67a0af334afa68ac56a06cc4f83599d13425233a	NA%NA%NA%NA%NA%NA	10
6c68d78c1c2609344db7f6f6c63b423784c8646f	Ascomycota%Eurotiomycetes%Eurotiales%NA%NA%NA	10
63181246690cdac51aaa624086ca51a8a52d053d	Ascomycota%Eurotiomycetes%Eurotiales%NA%NA%NA	10
643e85f764113883424040efb0fff326e6b47773	Ascomycota%Eurotiomycetes%Eurotiales%NA%NA%NA	10
64ba6895f428eb6a4258f36348f132f8c99ffa2c	NA%NA%NA%NA%NA%NA	10
661df1a3460356a6f6e367ac1282cb8e5fc92565	Ascomycota%Eurotiomycetes%Eurotiales%NA%NA%NA	10
6732e9a09524da1252d4c4b5f9cb890fc473f588	NA%NA%NA%NA%NA%NA	10
6774243482f779e54b0c72b95e8ff9e357c193a8	NA%NA%NA%NA%NA%NA	10
6e16e777ce3b3ace199a646729bc0c8d8b99d1c5	Arthropoda%Insecta%Coleoptera%NA%NA%NA	10
6f3a93eae58ff4eee3f60a78678cac3619e8dee4	Porifera%Demospongiae%NA%NA%NA%NA	10
7986910320fed6b03c7aa392f6f8c08733038122	NA%NA%NA%NA%NA%NA	10
783cf539d5e2378adecb3251b503e63fc2f65064	NA%Phaeophyceae%Ectocarpales%NA%NA%NA	10
77a658f94cadb8700faa64951bb6bc4a1285e272	NA%NA%NA%NA%NA%NA	10
77bdc66ae166713a03094aed0d790da1728d18cd	NA%NA%NA%NA%NA%NA	10
739bb138a59a06a10d507712bd1ced57898cf719	Bacillariophyta%Coscinodiscophyceae%Stephanodiscales%NA%NA%NA	10
74c3dba90a5a4b37a9d717e4a865596d83c06ac4	NA%NA%NA%NA%NA%NA	10
7450d004c5a5812a9f953a2cbd5aa638949e71a8	NA%NA%NA%NA%NA%NA	10
717ca88710de1923118aa086feb2fe5a5d1fca2f	NA%NA%NA%NA%NA%NA	10
718203a86013616051cd6ceb6e7e93bdb3f7cd1d	NA%NA%NA%NA%NA%NA	10
705fa3c0148118be6005de1815ac97fd193fbdf5	Ascomycota%Eurotiomycetes%Eurotiales%Aspergillaceae%Aspergillus%NA	10
50378ee4a739ebb81f4bba3c1cdaba731c2f6afe	Arthropoda%Hexanauplia%Calanoida%Diaptomidae%Arctodiaptomus%Arctodiaptomus dorsalis	2
7b507b0e83539e2a9600f22f37093275d13f881a	NA%NA%NA%NA%NA%NA	10
46cb99481696f7c59b28374730a8f78f3ffd947a	NA%NA%NA%NA%NA%NA	10
49e0c569e8b4dd9e02575738e0559e30bf96c92b	NA%NA%NA%NA%NA%NA	10
4c98c17d378f346634c33facb8b1dae78ded488e	Ascomycota%Eurotiomycetes%Eurotiales%Aspergillaceae%Aspergillus%NA	10
4cb293bc26f8ba0eeeb644eca7aa3c1ce3530133	NA%NA%NA%NA%NA%NA	10
4cc23f037441dca9b33e7458ed118b69ec00d5b9	NA%NA%NA%NA%NA%NA	10
4d11c3ff472a596a7e53297744056191f30633a4	Ascomycota%Eurotiomycetes%Eurotiales%NA%NA%NA	10
4d9eb5ef5be265cce5d237b8341542a571ce1060	NA%NA%NA%NA%NA%NA	10
5e92f52d7331793a807833ee0a43a971c84bb086	Mollusca%Gastropoda%Nudibranchia%Dendronotidae%Dendronotus%Dendronotus venustus	1
5199be02beba965d85d7de53304cf974f8454fd2	Ascomycota%Eurotiomycetes%Eurotiales%NA%NA%NA	10
532633d2d464b68f9b3a478aa64231daf6d761f2	NA%NA%NA%NA%NA%NA	10
5633b594894c4d1f2f309fcb6c445acfb37918f9	NA%NA%NA%NA%NA%NA	10
5647a3bd7f6154e747398f0942b5eab0d937375f	NA%NA%NA%NA%NA%NA	10
5b372b7707cabf3d3e8b3c1e4e20920d851aef1a	Ascomycota%Sordariomycetes%Hypocreales%NA%NA%NA	10
5c84e4cac1f7694c71069b62cc9e0a5c26c01c77	NA%NA%NA%NA%NA%NA	10
5cbca899d8b0634dd9c0eedcf891228b2a6ffb26	Ascomycota%Eurotiomycetes%Eurotiales%NA%NA%NA	10
8280a41e456596f0e7a7a9390793cfb54744fde6	Arthropoda%NA%NA%NA%NA%NA	10
70f4ebac382dde762c4e470368164e61999c9646	NA%NA%NA%NA%NA%NA	10
e4348b56037523e52d8d59452666d65da765f6ed	Rotifera%Eurotatoria%Philodinida%NA%NA%NA	10
9faf19832cf6057d7d152d36bbcedd5706afe307	Arthropoda%Hexanauplia%Calanoida%Diaptomidae%Arctodiaptomus%Arctodiaptomus dorsalis	2
d2408f2957a841de087f0dea535c74c7ca4600e8	NA%NA%NA%NA%NA%NA	10
fa328aabab72f027a3d962f625679b5d5ae6694a	NA%NA%NA%NA%NA%NA	10
9b5b9ceaf4832faad69507c9770a3bffaf76177c	NA%NA%NA%NA%NA%NA	10
74c8780a890c0286a5ff910079656a68dca30a6e	NA%NA%NA%NA%NA%NA	10
a2951eaa99ef834743213b59eb5f70a5b19ad339	NA%NA%NA%NA%NA%NA	10
61d4e593bb2c89cc2bb93e0dff66640ba79d355e	Mollusca%Gastropoda%Nudibranchia%Dendronotidae%Dendronotus%Dendronotus venustus	1
be8b4051513334205cb1ca2b53a1799d1662cff2	NA%NA%NA%NA%NA%NA	10
5d3c68f10388babc3fb1bcc42415df2e8ca43025	NA%NA%NA%NA%NA%NA	10
56c749afda976e4bc32659e39efa28ec104ffb6d	NA%NA%NA%NA%NA%NA	10
1aadfe878cc3e4a40193328b8d0fb63d28bcf159	NA%NA%NA%NA%NA%NA	10
75c2f39926ce67a0a0dc7e96e6afcd58127fb47b	Chordata%Aves%Passeriformes%Icteridae%Quiscalus%Quiscalus mexicanus	1
c36fb136a965ba5d76b4b114f34a55281dc5b40c	NA%NA%NA%NA%NA%NA	10
57e622f2038a06c9060140ab36ca577ff51e531b	NA%NA%NA%NA%NA%NA	10
378a7c596f5664c0bf82f2a6c8d75586775c8425	NA%NA%NA%NA%NA%NA	10
7c3e90d2715043a601c198fab8f61fe51dc20474	NA%NA%NA%NA%NA%NA	10
61d43a45de15be648d7fd1b37008c0ca45536a11	Ascomycota%Sordariomycetes%Glomerellales%NA%NA%NA	10
1ef1590a69e28fc8a095461ef25066c2f38f40e0	NA%NA%NA%NA%NA%NA	10
b78ffe1d677367c954f8dd8b9fb90be0e1ce9718	Ascomycota%Dothideomycetes%Cladosporiales%NA%NA%NA	10
c12a37c16e33d8ed2a967309ab3605ac7e367723	Basidiomycota%Agaricomycetes%Agaricales%NA%NA%NA	10
ea601bf068ceee08fb0c767b9d20e77ce9418e51	Basidiomycota%Agaricomycetes%Agaricales%NA%NA%NA	10
e962f52735efa001d93b8b6d0a57b6a76ba83200	NA%NA%NA%NA%NA%NA	10
c6cace594f909b15ab65eff2ebe1423e0e8d42a5	NA%NA%NA%NA%NA%NA	10
222410ffe5d00cf6a4528ab4c93f02ef2d8f64a5	Arthropoda%Insecta%Diptera%NA%NA%NA	10
852346c2750586ba598db54718a39d9d1c9993c5	Ascomycota%Eurotiomycetes%Eurotiales%NA%NA%NA	10
9c9822f08a033ddce941012a19bf5b469154a492	NA%NA%NA%NA%NA%NA	10
f55889d4c46287fbc0baddb1ec00ccc0e1b86a9b	NA%NA%NA%NA%NA%NA	10
b4d20c104d931573877e915a0e7926704ca8ad7d	NA%NA%NA%NA%NA%NA	10
9df130e5c71544d111602793385e069a7a050f2a	NA%NA%NA%NA%NA%NA	10
a06b576d1589ac0d9eee38b48d9b2749d52eba53	NA%NA%NA%NA%NA%NA	10
ac40677bba7f7c8490a3e2340873fa58b0bd44ea	Mollusca%Gastropoda%Nudibranchia%Dendronotidae%Dendronotus%Dendronotus venustus	1
b2868656acd34cc467fcf52241e54ab50f0fde49	Ascomycota%Eurotiomycetes%Eurotiales%NA%NA%NA	10
6fc79b06a1e51f13e26754280978b54cd9e3dcee	NA%NA%NA%NA%NA%NA	10
83005441963bc57756032ce7f36aa7cd2f85c62f	Chordata%Actinopteri%Cichliformes%Cichlidae%Amphilophus%NA	4
8823f6e68b2bc2a26475edfb19ec849324e680f9	NA%NA%NA%NA%NA%NA	10
942a40e5297222ce114861ad58fd9c95b08a5446	NA%NA%NA%NA%NA%NA	10
9b32a3a99129c4cf785ef3f9dfcd1c0164be3ad9	Arthropoda%Insecta%Diptera%NA%NA%NA	10
c680fb8ceffdf72abb8d9b07cd3d1fec781ebcb0	Ascomycota%Sordariomycetes%NA%NA%NA%NA	10
7afed9a992fae00c9d55fbce895a78226b1da05e	Ascomycota%Sordariomycetes%Hypocreales%Nectriaceae%Calonectria%NA	10
f1abe5cfe1fa8272536a68ca3c09b3d6d3c37c61	Ascomycota%Eurotiomycetes%Eurotiales%NA%NA%NA	10
cda213feefacce708ae25e1475e72baf33ad371e	NA%NA%NA%NA%NA%NA	10
ce0bb62c88a4b3e5ce63363b1e0823d06caa94b7	NA%NA%NA%NA%NA%NA	10
ccaf8eabe2d5deaea18ed81e41b6afdf851a3a7a	NA%NA%NA%NA%NA%NA	10
c363e74f90a6a2007a3a6555e28446b2fcb853e4	NA%NA%NA%NA%NA%NA	10
c4c39df72b47dec0804c83c90cd3197930eaa32d	Arthropoda%NA%NA%NA%NA%NA	10
dfa1006bf8f7b590b487d9b6ec76904939dede5d	NA%NA%NA%NA%NA%NA	10
7dcb22b6ec4d069f0adf88f32f25f0bd35b2772e	Arthropoda%NA%NA%NA%NA%NA	10
73e1ad1877cce8b8e9833825ad5739a6bbc1a2ff	Ascomycota%Sordariomycetes%Hypocreales%NA%NA%NA	10
f2fb47ed732b369508ca7c06ebc1ad9eddb72d8a	NA%NA%NA%NA%NA%NA	10
bcf32bdd7aa205cd9e737f27367c7123b97ce127	NA%NA%NA%NA%NA%NA	10
d18fa7ff8295ce4b9b5e57db1c0cb8205a16edce	NA%NA%NA%NA%NA%NA	10
d2dcd5084b7724d75a0e86d411a804e8a84af716	NA%NA%NA%NA%NA%NA	10
d52dbdc74114519c5efec2851bbfd4cdfede6275	NA%NA%NA%NA%NA%NA	10
b6152f012ac52d3be5ad9652308ed8f298fa584c	Ascomycota%Sordariomycetes%Glomerellales%NA%NA%NA	10
e98be8bbf565d2324926a807299ee6267233318b	Ascomycota%Dothideomycetes%Cladosporiales%Cladosporiaceae%Cladosporium%NA	10
2d40d9d479400b7eaf1d492e8915ba9135476183	Ascomycota%Sordariomycetes%NA%NA%NA%NA	10
29727b6eb317c7a8b7ba777b8cb1322f8168dbb9	Mollusca%Gastropoda%Nudibranchia%Dendronotidae%Dendronotus%Dendronotus venustus	1
2c5e45ec3e962bdf44758a9561857132e1cb8015	NA%NA%NA%NA%NA%NA	10
2e7cd6a918ff449dbd026290f0b12a08fec59873	NA%NA%NA%NA%NA%NA	10
2ea93d4a2e3d705d7cf45f74a513edce0744594f	NA%NA%NA%NA%NA%NA	10
3504dc05ec4a003f6ce0abde5f055fa04829b1cd	Rotifera%Eurotatoria%NA%NA%NA%NA	10
302822dc0100a5f6f2593a74f0a404c0045a460e	Arthropoda%Insecta%NA%NA%NA%NA	10
3049fdab5ed790f55003bf5990d76f6e259b96be	Arthropoda%Insecta%NA%NA%NA%NA	10
32e1f70eee02850f050658167e04abf0d71fc35a	NA%NA%NA%NA%NA%NA	10
353bee43bc9941deeab11a6d776eff7d9f1f80df	NA%NA%NA%NA%NA%NA	10
0258ae0d7bef395eea8fce4324e7e0a7b675aa6f	NA%NA%NA%NA%NA%NA	10
04dd72c6c4ae0099a44371e3527d4ae443a93c9f	NA%NA%NA%NA%NA%NA	10
58e225a5905fb33215cc893a8c1e340ff8975d2c	NA%NA%NA%NA%NA%NA	10
62cdf6e949ac0c679768822813c6385de0a3018d	Ascomycota%Sordariomycetes%Hypocreales%NA%NA%NA	10
6518a70948f187c93b59489ea14b055e8540048e	NA%NA%NA%NA%NA%NA	10
66d5df03ed5c8437851ad35c97b8a593bbf9e7a0	NA%NA%NA%NA%NA%NA	10
6787a326ba2fbfd245b65eaed865bee5d69f64ee	Ascomycota%Sordariomycetes%Hypocreales%NA%NA%NA	10
6c5d09eaf5929025ade7faedfadac3f86b835a79	NA%NA%NA%NA%NA%NA	10
3eea615cfaf11faa8ecff35d9eac317df298c296	Ascomycota%NA%NA%NA%NA%NA	10
3dcdbc1f991cdc32809b641430ace9003dea1984	Ascomycota%Eurotiomycetes%Eurotiales%NA%NA%NA	10
37cd3f73698df32d8f4c1589172661da66876bcd	Arthropoda%NA%NA%NA%NA%NA	10
359b7980e8fffbfdbf6a43ade3cb2d5c75e190f8	NA%NA%NA%NA%NA%NA	10
486b16a77c5f75f64e3587b8351e48f0a042e459	NA%NA%NA%NA%NA%NA	10
46b7b63ec579e2d4409a0de36e6fbac2be62bad9	Ascomycota%NA%NA%NA%NA%NA	10
4bc388ebe7886dd216d9641093734eae15d5769a	Cnidaria%Anthozoa%Scleractinia%Caryophylliidae%Gardineria%NA	3
406bae842ed19042d015ec6bdf68c85af482f51a	NA%NA%NA%NA%NA%NA	10
8ca604e9e4579ecf5e5e2bec5d3e081164276bfc	NA%NA%NA%NA%NA%NA	10
dd6a14b4880e13257fc6100bf872bc2437cdf588	NA%NA%NA%NA%NA%NA	10
45426909409a12ec2c905325d4dac4f28d5f1cd3	NA%NA%NA%NA%NA%NA	10
06621ccec86ae27df824770dd977871f0346ccd2	NA%NA%NA%NA%NA%NA	10
937759260b9aeccb9a95e0b82be2669496101f04	NA%NA%NA%NA%NA%NA	10
68e11a19f6e8c939d9ae52e3315087371cb42944	NA%NA%NA%NA%NA%NA	10
259be1b992d73f6d86fd86f0bfa4f45bf0f89089	Ascomycota%Sordariomycetes%NA%NA%NA%NA	10
c37eef65ccbad548eda8225c63213db5182010b0	Ascomycota%Sordariomycetes%Hypocreales%Nectriaceae%Fusarium%NA	3
6aa23f118bf94bfe53faf6ef805fa048df73fba2	NA%NA%NA%NA%NA%NA	10
4136ea951b5eb1639f5227a1c2638330d65d3b54	Ascomycota%Sordariomycetes%NA%NA%NA%NA	10
448097c814ca757e499e0acb566950f4c3cc0862	NA%NA%NA%NA%NA%NA	10
a9269d083d46b32e23e95105fa52f4b2d4f949df	NA%NA%NA%NA%NA%NA	10
73cc231e1d52177ce277992262a7228dce89afc4	NA%NA%NA%NA%NA%NA	10
7ec4d0e1424788d3fd6712590d33fcd8f5491de5	Ascomycota%Sordariomycetes%Hypocreales%NA%NA%NA	10
e77a32115da816546b128fcbea48652c3fa936af	Oomycota%NA%NA%NA%NA%NA	10
57169c585eb9f90cbebddcf06a2143801a517648	NA%NA%NA%NA%NA%NA	10
0041d751885b25023dbf80010072c69b442ab1f7	Ascomycota%Eurotiomycetes%Eurotiales%NA%NA%NA	10
f2305e65ac80d251fb7bb2eedafc7ca74af5ea8a	NA%NA%NA%NA%NA%NA	10
36116a5874a6d63c1593dadbbec9ea8e71ff4e9d	Ascomycota%Sordariomycetes%NA%NA%NA%NA	10
a1927896d76807fae058291fbe1cdacd1be1e51d	Ascomycota%Sordariomycetes%Glomerellales%NA%NA%NA	10
bf7a5361dda4f6185caa0ca87143b90daf305522	NA%NA%NA%NA%NA%NA	10
b5289eb505f6fb0e147961042e4283826751fa75	Ascomycota%Sordariomycetes%Hypocreales%NA%NA%NA	10
b3b0484294501f1d0f15540fac32cd4af9d3049e	NA%NA%NA%NA%NA%NA	10
03acb920b19d15e187996f094687992f11a2fd63	Discosea%NA%Longamoebia%NA%NA%NA	10
1629ee41af492523aaf893a30b56a0a22befdb36	Ascomycota%Sordariomycetes%NA%NA%NA%NA	10
9b3b6df73d65c249c338dccc2b9ecee1900b2d82	Rotifera%Eurotatoria%Adinetida%NA%NA%NA	10
c20512b67eb166806cd54c2e17c4933cbd4cdd7e	NA%NA%NA%NA%NA%NA	10
4b4ae76ba8fa7b2628b15a5dfb7f9a0a1b7ba9bd	NA%NA%NA%NA%NA%NA	10
cb3c221af67c2dd04b322b1b66f2cd70f5828624	Basidiomycota%Agaricomycetes%Agaricales%NA%NA%NA	10
4c753540c17cb1a4229d2d58b259b0a19266bd8a	NA%NA%NA%NA%NA%NA	10
48a5210d9335a0c0596d9dd2d20e2db3e9626d23	NA%NA%NA%NA%NA%NA	10
440404d5a0a70c360b987d745a5cb57038055f27	Ascomycota%Sordariomycetes%Glomerellales%NA%NA%NA	10
318aa0b093efd9f4d7a950fd592ade27a48b145d	NA%NA%NA%NA%NA%NA	10
3a940a3dd91ca6a1f23a0074dc5f43392e859f63	Ascomycota%Sordariomycetes%Hypocreales%NA%NA%NA	10
528db4461a85a8cbcb22cc4948b6fd45a4896653	Ascomycota%Leotiomycetes%Thelebolales%NA%NA%NA	10
a457b6d5ac86f667e59ccf7b39b8107b723129d7	Ascomycota%Sordariomycetes%Hypocreales%NA%NA%NA	10
a8070114e4abeeeb875c4d58b5494afdfcd1be0d	NA%NA%NA%NA%NA%NA	10
b899547ecf36d4368776385d12965b91c06a70ca	NA%NA%NA%NA%NA%NA	10
b6dfc293045ab7c5da92140adfbe97d28cf7b5e5	NA%NA%NA%NA%NA%NA	10
b74779a843ebe94359631be47a3646b9d5ab311a	Rotifera%Eurotatoria%Ploima%Brachionidae%Brachionus%NA	3
9dbe1f51b8e7db817c8573b8f8202ca471355fa2	Ascomycota%Eurotiomycetes%Eurotiales%NA%NA%NA	10
973b921bb61237c277310625808a6d93447800e8	Arthropoda%Arachnida%Araneae%Theridiidae%Steatoda%Steatoda capensis	1
91a427e6d758af65008bcda8b72878c9fe14930b	NA%NA%NA%NA%NA%NA	10
919f309e3dcbe2ddde00e9ee57643f98d18c8a20	Ascomycota%Eurotiomycetes%Eurotiales%Trichocomaceae%Talaromyces%NA	10
7910714c6f8b679dacbda28869b390dacf876657	NA%NA%NA%NA%NA%NA	10
fbc85446a7c28a0b4668504d641f409c2df21e0a	NA%NA%NA%NA%NA%NA	10
7111293d24a1f5568a15f1213914a5e283286366	NA%NA%NA%NA%NA%NA	10
f687b9ee5ac979d06483a27294e5016f22f148ca	NA%NA%NA%NA%NA%NA	10
f2bdcefa19e805aa07d9926e0dc3dfd736d58438	Ascomycota%Eurotiomycetes%Eurotiales%NA%NA%NA	10
8b6b18af214525ee25a03af0745ce3f9f12e7436	Ascomycota%Eurotiomycetes%Eurotiales%NA%NA%NA	10
de93989cfae2513bd40014499fccb8db56b2105c	NA%NA%NA%NA%NA%NA	10
89b113a06ce53ec85bef8961ca0a3b20d19d5981	NA%NA%NA%NA%NA%NA	10
80f8e6b0ce49e405413d3d5a2c933e23e7959006	NA%NA%NA%NA%NA%NA	10
f336495ec82a93dbe170e374d5a88fdf54319fc8	Ascomycota%Sordariomycetes%Hypocreales%NA%NA%NA	10
cb68f0c2516c7d70086603d1f5b02b14548404aa	NA%NA%NA%NA%NA%NA	10
c08bea561189ca2d630e40c9bf6d0f3e6004e0cf	NA%NA%NA%NA%NA%NA	10
face29fbea1a7f488ac62c0d43b85ffcdb6ec800	NA%NA%NA%NA%NA%NA	10
71243e73774b372c6f9b801f06ffa31295028b0b	NA%NA%NA%NA%NA%NA	10
e92a181bdf851089b204a44078015e4d341ac548	Ascomycota%Sordariomycetes%Hypocreales%NA%NA%NA	10
ea654005c962faf2cecb8518981a9c78f42e84ee	Rhodophyta%Florideophyceae%Gelidiales%Gelidiaceae%Gelidium%Gelidium lineare	1
e741ea9f759eaaffa7953687860a9e0733e1ec33	NA%NA%NA%NA%NA%NA	10
e1eb6c57bbe368b8a6bd155bed70926ecf7d87e0	Ascomycota%Eurotiomycetes%Eurotiales%NA%NA%NA	10
d7f22dcc54b6b0a88c28f488ee9a1abdae58258e	NA%NA%NA%NA%NA%NA	10
d4c6467a262bff07ab1801067588596ce124c70b	NA%NA%NA%NA%NA%NA	10
22a365c8b0b225583ddfb6c0399dc782a045fde3	NA%NA%NA%NA%NA%NA	10
202bfe1a2bbcbbd7ed39e010f7b8543ad176dd14	NA%NA%NA%NA%NA%NA	10
3c9f13681a9c235644cc5a5ca5bd40df79b2b985	NA%NA%NA%NA%NA%NA	10
3a6394aa5d3324ca31388f467810044c7c63913f	Ascomycota%Sordariomycetes%Hypocreales%NA%NA%NA	10
36f734049f251d99b0e00af9cca1000f8b3650eb	Ascomycota%Sordariomycetes%NA%NA%NA%NA	10
3255e6a04fa7f9bdb8b097382541a0defa02df0a	NA%NA%NA%NA%NA%NA	10
306b1a31e1d79d1be307b1f17375612ecdf46c59	Ascomycota%Eurotiomycetes%Eurotiales%Aspergillaceae%Penicillium%NA	3
095fc5c057d97dd4befcf4cec196d5603b61db13	Ascomycota%Eurotiomycetes%Eurotiales%NA%NA%NA	10
05a0aa4c662ec24c54c2859c916060a8c5e257f0	NA%NA%NA%NA%NA%NA	10
019501786cca6814a4e703ff23e3541c0079950d	NA%NA%NA%NA%NA%NA	10
0277595f62475e275333e032025d6d41879e8434	NA%NA%NA%NA%NA%NA	10
007441a690069f57fe18a149248658d4be59f302	NA%NA%NA%NA%NA%NA	10
1f6cf2c2e46aac215b0324104d6080b403204f69	Ascomycota%Eurotiomycetes%Eurotiales%Aspergillaceae%Penicillium%NA	10
1f47bdd73bb00f52cf061175db63c0d3b03108e4	NA%NA%NA%NA%NA%NA	10
1bc85448d8e6913338a4c004ac032dd479b635c0	NA%NA%NA%NA%NA%NA	10
1c881d58d81e03ef3b6f14ba99095aa6e7c76f8d	Rotifera%Eurotatoria%Philodinida%NA%NA%NA	10
18fe2fd2d47474ed60d86984997c0a0db1408d2c	Cnidaria%Anthozoa%Scleractinia%Caryophylliidae%Gardineria%NA	3
40f31af33341cb029df31af98a735a9949fa1d2d	NA%NA%NA%NA%NA%NA	10
44035f8255807c9a1e04ed5886379d63ac5e3bf2	NA%NA%NA%NA%NA%NA	10
6e6a8e218db53a4ae6df8ba201da338efb11664b	Cnidaria%NA%NA%NA%NA%NA	10
6c891eb1ad1843f86678c379e813a11468171d49	Arthropoda%Insecta%Diptera%Pediciidae%Pedicia%Pedicia autumnalis	1
6a14981a922d1afb381bc3e8a5c8d1414826b352	NA%NA%NA%NA%NA%NA	10
67250ff506ef065d54b086469e01f61dd9a69a4c	Mollusca%Gastropoda%Nudibranchia%Dendronotidae%Dendronotus%Dendronotus venustus	1
6340233dfc379710626fac20609d174ea7102e85	NA%NA%NA%NA%NA%NA	10
7006d3f8279968ad9aefa577627513b6ccf0d2a8	NA%NA%NA%NA%NA%NA	10
4fdafcd56d0cf77c89bb10a6161c244b1fb1ea7b	Ascomycota%Dothideomycetes%Cladosporiales%NA%NA%NA	10
455f48226af3a0c30aeb6137d537d13fbffc35a3	Cnidaria%Anthozoa%Scleractinia%Caryophylliidae%Gardineria%NA	3
45bc3da9d1e738739ed5076a91a8e2864150b01d	Ascomycota%Sordariomycetes%Hypocreales%NA%NA%NA	10
4775502c6fcc39810c28d13b68e4bdae9b0d52e8	NA%NA%NA%NA%NA%NA	10
492f7a194dc11d91cb71076e501a7b4b229ef715	Basidiomycota%Agaricomycetes%Agaricales%NA%NA%NA	10
5a1d7d4766a9b4780fd67db69a180d2c76e321a8	NA%NA%NA%NA%NA%NA	10
57d68eef672311848674fb313be263e5189d69a3	Mollusca%Gastropoda%Nudibranchia%Dendronotidae%Dendronotus%Dendronotus venustus	1
cef6a00f093bffec50a43e996749e594dbb7d864	Rotifera%Eurotatoria%Ploima%Synchaetidae%Polyarthra%NA	10
6c8d213ed2d5fb3d47eb8463c0986ed164b8529f	NA%NA%NA%NA%NA%NA	10
192a4db29028f860033b5cc3896510b6beec95e9	Rotifera%Eurotatoria%Ploima%Brachionidae%Keratella%Keratella cochlearis	1
f43a0b518da51e61f949ed783047fde0f028220c	NA%NA%NA%NA%NA%NA	10
633e4a92678d09f8643c8337bf62610b4af23e1c	NA%NA%NA%NA%NA%NA	10
5ff695d956edf5bc5d31737ce293444177f0b5a8	NA%NA%NA%NA%NA%NA	10
b2ffb8471b6c727576eea1860c371f9d70db5fe4	NA%NA%NA%NA%NA%NA	10
e0f012e3e13d85adf691086a73d40738747b6bf4	Rotifera%Eurotatoria%Ploima%Synchaetidae%Polyarthra%NA	10
91bbf8ab0af0593c54776e9fd659659a88f08482	NA%NA%NA%NA%NA%NA	10
d499268188dde4a1c84fd3ad80dee7ad2e17e604	Rotifera%Eurotatoria%Ploima%Brachionidae%Keratella%Keratella cochlearis	1
5cc0530c9a1f0e925cbb883d06db3fdda4dfd9e1	Arthropoda%Hexanauplia%Cyclopoida%Cyclopidae%Eucyclops%Eucyclops serrulatus	2
f35c8684835634cf24e586717ae218859bcde690	Rotifera%Eurotatoria%Ploima%Synchaetidae%Polyarthra%Polyarthra dolichoptera	2
49df8daf7416e9bb3ca2c15b8fb1c03a2416621c	NA%NA%NA%NA%NA%NA	10
10efcaf961e32783b1dc25708610429594a6db3a	NA%NA%NA%NA%NA%NA	10
06d528f619f139740527385d1945cb30ea30c830	NA%NA%NA%NA%NA%NA	10
be9ed772da16646648fc0a92e893cf707852e520	Rotifera%Eurotatoria%Ploima%Brachionidae%Keratella%Keratella cochlearis	2
b072fefecf6ce5058279118afa74bcf0b083af44	NA%NA%NA%NA%NA%NA	10
8bfe5455e47eb8682186913aebd231d2b35a1dce	NA%NA%NA%NA%NA%NA	10
f971c037b256b07c044ac3eb0deeef436dc14e34	NA%NA%NA%NA%NA%NA	10
82208609c59602d3168bcb2aa7a9d9253db7d154	Arthropoda%NA%NA%NA%NA%NA	10
7c827f4451876c3c8d0abba9a8c643a3274b0cdb	NA%NA%NA%NA%NA%NA	10
bd5c37ce6b0610402110ab71991cd8921380252c	NA%NA%NA%NA%NA%NA	10
7834744e00bbd780022f92a78386166ff88d5e51	Rotifera%Eurotatoria%Ploima%Synchaetidae%Polyarthra%Polyarthra vulgaris	1
9c8a8abff3a7802ece98cf528e0fa559f54f7d91	NA%NA%NA%NA%NA%NA	10
12332a764b61fa4e0dd915489f38091b84c976d9	NA%NA%NA%NA%NA%NA	10
775b0d207193b769704f4daf5dc6a02ab9b353e7	NA%NA%NA%NA%NA%NA	10
3824a2bac4691dd731420b69c886daa292263218	Arthropoda%Branchiopoda%Diplostraca%Chydoridae%Chydorus%NA	3
8149e7c66e8ae60d8796c2a57f5b3a4ff061907b	NA%NA%NA%NA%NA%NA	10
d6707712c20057d229e9465908144835c9e90bc6	NA%NA%NA%NA%NA%NA	10
ee38306a7ad3308f18f8f7ca3c266a41c64bc081	NA%NA%NA%NA%NA%NA	10
77b2de30344327362b9a748d1601d2719884f8d9	NA%NA%NA%NA%NA%NA	10
bd2e73f9737b81901b6e7e463ef1b31bfe87d98c	Rotifera%Eurotatoria%Ploima%Brachionidae%Keratella%Keratella cochlearis	2
0586337485da44145e13043dfc449a82b067c04a	NA%NA%NA%NA%NA%NA	10
3eb5eb32b12f17c957fdd0941acfcb157a3c80ec	NA%NA%NA%NA%NA%NA	10
d68bc2d0a15822b896964c4cc62ce167ae5a37ae	NA%NA%NA%NA%NA%NA	10
040b227c3a279bf8ac346167987172d4d4f484cf	Arthropoda%Insecta%NA%NA%NA%NA	10
544989907baa2b0e65149e655871df40b29e50ed	NA%NA%NA%NA%NA%NA	10
24a4a263838559790513e929319b5127a49cf857	NA%NA%NA%NA%NA%NA	10
fb1d59f5361fc0f7d9929b00d23b2f5a896a0766	NA%NA%NA%NA%NA%NA	10
7158384ee500353a4a17d5480b379d670aef5c80	NA%NA%NA%NA%NA%NA	10
85277e710c720b2f55111b58bd71bfde3f18604f	NA%NA%NA%NA%NA%NA	10
5dee4efd2cddec148e716b4fb4f1d977e9f83f6f	Bacillariophyta%Coscinodiscophyceae%Stephanodiscales%Stephanodiscaceae%Cyclostephanos%Cyclostephanos tholiformis	1
6a181c16ef03b4250fe2e7fe36c18e0a9f3ba740	NA%NA%NA%NA%NA%NA	10
854de42d958609ed4ef4367029e98985602213bd	NA%NA%NA%NA%NA%NA	10
5934b344d56753f05c18cd5403e3e210feceb9dd	Rotifera%Eurotatoria%Ploima%NA%NA%NA	10
69235a05c51aaa4cce870044bba6f75655c81c81	NA%NA%NA%NA%NA%NA	10
2c32ddd122bc8f004ca69616bafed09071e0f456	NA%NA%NA%NA%NA%NA	10
38f1a1f0513b65d2ddd8a38c3f624139fe0d4415	NA%NA%NA%NA%NA%NA	10
8d30a757c4849195e0451c3456d90500de4089e7	NA%NA%NA%NA%NA%NA	10
8fc11668670d7d0efd6b369e5b665ab1db974568	NA%NA%NA%NA%NA%NA	10
482f6fc9301ecc7c3dd85701495763095c2cf2b8	NA%Phaeophyceae%Ectocarpales%Ectocarpaceae%Ectocarpus%Ectocarpus fasciculatus	1
b620e2326a3983de4a9b0e30948e624421faf2bb	Discosea%NA%Longamoebia%NA%NA%NA	10
1fe12f957fe7799d3b40e776d51d175a64f2b69b	NA%NA%NA%NA%NA%NA	10
1552907194bb9ff10eee89dc58121a10506c3d92	NA%NA%NA%NA%NA%NA	10
0b0c811be8a3bc5a1e390d4cba6591d2a7a762d4	NA%NA%NA%NA%NA%NA	10
09b65dbaf3d0d45df8965e679c872db33bb2dabb	NA%NA%NA%NA%NA%NA	10
d41e0a257c1ee965b474d4dee769130f813f76b8	Rotifera%Eurotatoria%Ploima%NA%NA%NA	10
e07457b8b6b81c98e9600b83517661fd6573559c	NA%NA%NA%NA%NA%NA	10
b34d5f686bd9f4763067b77c429d1c164ba9e4af	NA%NA%NA%NA%NA%NA	10
b051bfd03b67eff2044d3291956a9635b756b7ec	NA%NA%NA%NA%NA%NA	10
1aa48e2c02156d8b590c498d327e9e01553b8e0d	NA%NA%NA%NA%NA%NA	10
e322bc124d3d8be962b008f7ffbcb83da6e0c839	NA%NA%NA%NA%NA%NA	10
4a64bde1556d3054cf35f8ab36c54662a2703fc4	NA%NA%NA%NA%NA%NA	10
0da7e81c380190e405726221b1fb42af4fb7ece2	NA%NA%NA%NA%NA%NA	10
762e3a30a5cb537cc61184e430503a41d785de07	NA%NA%NA%NA%NA%NA	10
8d6d68fc2d589fc20cdf4de841efcca0e65fbee7	NA%NA%NA%NA%NA%NA	10
8e341942327dd6d95d5d3f0c8b87b05c7d4c60ec	NA%NA%NA%NA%NA%NA	10
8115fa289bc9e371466701a7be93a32659b42a78	NA%NA%NA%NA%NA%NA	10
5777e987a7a9fdf00833bd39b5cb2ffefe93bc21	Arthropoda%NA%NA%NA%NA%NA	10
d24f4158289c664eb7238e7e0300d24632d08747	Cnidaria%Hydrozoa%Anthoathecata%Hydridae%Hydra%Hydra vulgaris	1
1deca69c949fe3d5931c840be8c569da4aa3b810	NA%NA%NA%NA%NA%NA	10
c99c31f995479a1192a30cc568c1c1f2290a33ed	Ascomycota%Eurotiomycetes%Eurotiales%NA%NA%NA	10
457bb27bc7545c931f6bc0400607c85fc16fce17	NA%NA%NA%NA%NA%NA	10
48e760e0ffeddd7a675f2f24ce0493108b2edcdf	NA%NA%NA%NA%NA%NA	10
490355345d3b99d49a30f538d821349acddf40f1	NA%NA%NA%NA%NA%NA	10
9c28713f8903bcb05fc49976fa7918f76d51241b	NA%NA%NA%NA%NA%NA	10
9e131c35996831ef9e7d4b45fdc2d238e42e7bd3	NA%NA%NA%NA%NA%NA	10
dc71f4ea514eb9094ad14f42ef597a4a497ba956	Arthropoda%NA%NA%NA%NA%NA	10
dbec228571eab06ec810bcbdc860576e6290dee2	NA%NA%NA%NA%NA%NA	10
f7c46d8f626f55f44a83ef35b76aaba7566a3781	NA%NA%NA%NA%NA%NA	10
04a77ad88ba6bc04a9c33f9f0ca9978d80952d77	NA%NA%NA%NA%NA%NA	10
ffa77fc7367cb49b51ef7101a89cd47e7f8a63ce	NA%NA%NA%NA%NA%NA	10
3c0111401b1824fc00b837abf05c2cbbb0f2eb54	NA%NA%NA%NA%NA%NA	10
da962af2e0ea18b8cc05f95879a98ba20036e7e0	Rotifera%Eurotatoria%Ploima%Brachionidae%Keratella%Keratella cochlearis	2
6fbc83374a560d575caaeadf152c0b0418beac91	NA%NA%NA%NA%NA%NA	10
760a9e7693ea854f983dcf11634dd0cc40953ddb	NA%NA%NA%NA%NA%NA	10
5665d603b7aa728230fdd88b2f595f5ba33c328b	Oomycota%NA%NA%NA%NA%NA	10
889d5e7b8e356dbc8bf6ca90c50b3d2c103497fc	NA%NA%NA%NA%NA%NA	10
b166469edffd8eef19e4364ccfcb3292b5dc1a9b	NA%NA%NA%NA%NA%NA	10
b5bd04280cf5aaf1b6eec454e0faae8eac222267	Ascomycota%Sordariomycetes%Hypocreales%NA%NA%NA	10
953e9fdbf40ce479e6f9dfd2e255c3a00f84b9ba	NA%NA%NA%NA%NA%NA	10
b52ee0f851d09d460aba2057bd191a81f4d27492	NA%NA%NA%NA%NA%NA	10
be8db292f8b05e8a03ec8d0a7c01ed03cdc09e8c	Rotifera%Eurotatoria%Flosculariaceae%Testudinellidae%Testudinella%Testudinella patina	1
bcd58052494a38e8bfe9c4c34673a0d7b651c1ee	Ascomycota%Leotiomycetes%Thelebolales%NA%NA%NA	10
bca2fa885dc3e0e3acad5935401d89638762ac77	Rotifera%Eurotatoria%Flosculariaceae%Testudinellidae%Testudinella%Testudinella patina	1
b038451776efbe1abc5bfe9becfb008bc647b622	NA%NA%NA%NA%NA%NA	10
b0fad5a066b80f04145ccb81cf85d5b1c10afd48	NA%NA%NA%NA%NA%NA	10
bad0f694bccd9eb9f40d0e8c82deed2ec6644063	Bacillariophyta%Coscinodiscophyceae%Stephanodiscales%Stephanodiscaceae%Cyclostephanos%Cyclostephanos tholiformis	2
b78b1f2e83c9f182c32412b61b3cad19d0f729b1	Rotifera%Eurotatoria%Ploima%Brachionidae%Keratella%NA	10
b7143768d143280d68f52b9142242b333e82bfcd	Rotifera%Eurotatoria%Ploima%Brachionidae%Keratella%NA	10
b5867bb756325168187eef16f4c70470e2df1afd	NA%NA%NA%NA%NA%NA	10
b6f3a46f77d8452fe58c32933960516f9e57d4de	Arthropoda%NA%NA%NA%NA%NA	10
b6945ecdaa1312f131046ecdce1a11c211d98d29	NA%NA%NA%NA%NA%NA	10
b62de8694dcc01bd63db1da3435366c631ad0ef5	Rotifera%Eurotatoria%Ploima%Brachionidae%Keratella%Keratella cochlearis	2
cd6d58f2e8cfd94ecb6580c9b8eb284c8623e7be	NA%NA%NA%NA%NA%NA	10
ce4356130d422329960cba555c04ad4d4cc7f07e	NA%NA%NA%NA%NA%NA	10
c6aece7b9e59fe5ae75cd323db880c508ca843de	Ascomycota%Eurotiomycetes%Eurotiales%NA%NA%NA	10
8b89b9033af8d1c7c80e014dcd04d12590d04144	Rotifera%Eurotatoria%Ploima%Brachionidae%Keratella%NA	10
cb7552c971ff1e097819296a4d8dfd4def324dc5	NA%NA%NA%NA%NA%NA	10
cccfe6f14186f4fb26650a5efc800d9e678cc96d	Rotifera%Eurotatoria%Ploima%Synchaetidae%Polyarthra%Polyarthra vulgaris	2
c939f51300cd7f7856e95df10f8651a3018f9dd5	Rotifera%Eurotatoria%Ploima%Brachionidae%Keratella%Keratella cochlearis	2
c94042f35bb7970841633b1511cf8494f31a3729	NA%NA%NA%NA%NA%NA	10
c9287762005e983f135b16569e02ee082d47c87d	NA%NA%NA%NA%NA%NA	10
c4bf607cef6acd6519eb5dd26c3937e3f907c228	NA%NA%NA%NA%NA%NA	10
c44badd17cd0e0f792819bf94d6229f0e3a43877	NA%NA%NA%NA%NA%NA	10
c414a2ba1bcd5d1c499825c6ca1ee31de2cf80f6	NA%NA%NA%NA%NA%NA	10
c1f3b12b8197460226c6d613b3b24258f72570ea	NA%NA%NA%NA%NA%NA	10
c2c0f56e9009db325bf742271b7dbad4e1da9209	Rotifera%Eurotatoria%Ploima%Brachionidae%Brachionus%NA	3
c279274e36a81ba3574bee3fc66f5bbbaaccaa00	NA%NA%NA%NA%NA%NA	10
a9e33c07bae27d8b7f07c4ebbd791eae884e11eb	NA%NA%NA%NA%NA%NA	10
8d2da6cbe8db3c5efc51bf7559d649700b265f14	Rotifera%Eurotatoria%Ploima%Synchaetidae%Polyarthra%NA	10
8d91e2a1385e44167805e9da1bc5208ececcc633	Arthropoda%NA%NA%NA%NA%NA	10
a09d4c9bddb4376d62cde2f86341ec46e8b7e13d	NA%NA%NA%NA%NA%NA	10
a419ecee1e0f539011e9416dcb93972f7aab61e2	NA%NA%NA%NA%NA%NA	10
a5da65c79dd386396561bc67c2ecdc9db01bfdf8	NA%NA%NA%NA%NA%NA	10
a5e77be93fa81c3442a651a8475c46dba0046105	Rotifera%Eurotatoria%Ploima%NA%NA%NA	10
a8e16d6d6aca58fd261e40df3411e9d6fed370c7	Rotifera%Eurotatoria%Ploima%Brachionidae%Keratella%NA	10
a9c22bc723212936ca41eee809fc979049d1eda3	NA%NA%NA%NA%NA%NA	10
aa89e2a9cb9c5fc7bac984b58b3a6001405ee43a	NA%NA%NA%NA%NA%NA	10
ab7307175046c6dbdb9fdbc9e82eeb4ba6102d9e	Ascomycota%Leotiomycetes%Thelebolales%NA%NA%NA	10
ab90cd25a3a35d2de2633d68e2e43682b170fd93	NA%NA%NA%NA%NA%NA	10
abdcb93a72545312e93156f97f569fd413651b4a	NA%NA%NA%NA%NA%NA	10
ad2eeaa08902049c4d7c913cf982365631db4ab7	Arthropoda%Insecta%NA%NA%NA%NA	10
ad4f201957b235c30da5cf25abbe9f7be72133ce	NA%NA%NA%NA%NA%NA	10
ae8e7a8ba3a5394313241539590caca927e7f89d	Bacillariophyta%Coscinodiscophyceae%Stephanodiscales%NA%NA%NA	10
e0ea807e161745114907f7f2d06022931fdaecca	NA%NA%NA%NA%NA%NA	10
e89288183215b4cdeb6b29ca3b263458e1e9ff3a	Oomycota%NA%Pythiales%Pythiaceae%NA%NA	7
e86d06962be7b16286754214ae4dc89df95e5983	NA%NA%NA%NA%NA%NA	10
e7fff5269dfaf616813f74b677f9bb39a6e06cd9	Rotifera%Eurotatoria%Ploima%NA%NA%NA	10
e07f8a934f5dcdde1651beff8586c8a3da1807be	NA%NA%NA%NA%NA%NA	10
e098b713d592c0cce109c9e71e7bd7327287839d	Rotifera%Eurotatoria%Ploima%Synchaetidae%Polyarthra%NA	10
ecc026d947eb76f8654ea17b8c6ff46989647e92	NA%NA%NA%NA%NA%NA	10
e28874e75fbc6937751c37ae5c2090e07695226b	NA%NA%NA%NA%NA%NA	10
e309731ee75ccf3c1b820f9332e8f0d3c0892fa0	NA%Phaeophyceae%Fucales%Durvillaeaceae%Durvillaea%NA	3
e5b2a9ec917096ed15540bca6e1c954b13013df3	NA%NA%NA%NA%NA%NA	10
eccc7b3fab11a4847326bf8d901c7e5f145daccf	Ascomycota%Dothideomycetes%Cladosporiales%Cladosporiaceae%Cladosporium%NA	10
9e535ce663fcca9350b8f80e7827fc178f764e9c	Rotifera%Eurotatoria%Ploima%Brachionidae%Keratella%NA	10
9f21c565582adcc180bb0936e04e146e8090a8f5	NA%NA%NA%NA%NA%NA	10
ef5d88fc81090afa168e84683141c600758b18f7	Mucoromycota%Mucoromycetes%Mucorales%Mucoraceae%Mucor%Mucor hiemalis	2
ed84a0f1ff04bebe754c1c21da2d6e0280bc143e	NA%NA%NA%NA%NA%NA	10
f69e3621a4ee1a01ba385cd7ea0502c78f02dd25	Bacillariophyta%Coscinodiscophyceae%Stephanodiscales%Stephanodiscaceae%Cyclostephanos%Cyclostephanos tholiformis	2
fd3c056405c4afc0a7349b7087b2d76e13898425	NA%NA%NA%NA%NA%NA	10
fb6c6cea61c4d82899b4cb6ec59225eef0d6c45c	NA%NA%NA%NA%NA%NA	10
f8962b06c301e4d99040cc2b86892cb2d3a9ded7	NA%NA%NA%NA%NA%NA	10
f0702fb132e160288a236b9fb8c2e3c613fa9e0b	NA%NA%NA%NA%NA%NA	10
ffd4e60ba15743083c82811cc15d49bf37f7aa54	NA%NA%NA%NA%NA%NA	10
f7376cbd85af26d28f87b76b8d9a0c8d9faaf78c	NA%NA%NA%NA%NA%NA	10
f7927cad88dcd9f7e609c00620dafa29b9a3099c	NA%NA%NA%NA%NA%NA	10
8cddbe2a6165d0f1a9f82ec1d1a0717f49f2055e	Arthropoda%Branchiopoda%Diplostraca%Chydoridae%Chydorus%Chydorus brevilabris	1
feeca471a4e5783c55a6a0409a02e44c38cd0afe	NA%NA%NA%NA%NA%NA	10
feac5ccb2c4787597ca5e4e481830c06f77187f7	Rotifera%Eurotatoria%Ploima%Brachionidae%Keratella%Keratella cochlearis	2
fe733340daee7bec3f917e1f9f9b512a0b853d98	NA%NA%NA%NA%NA%NA	10
ff9d6c9bd407c96a1a484a0df62b11c266c1d7d9	Ascomycota%Sordariomycetes%Glomerellales%NA%NA%NA	10
931acfd2b956ab61efade0186b8fa7d58e06a07f	NA%NA%NA%NA%NA%NA	10
955f01cf876af63f3e1dc29cd6a3489ab130ba91	Arthropoda%Insecta%NA%NA%NA%NA	10
973e0e3d63954e926041fede21d1b2c0189adf7e	NA%NA%NA%NA%NA%NA	10
996abda7a0273c95eb0fac70d8900efba2797801	NA%NA%NA%NA%NA%NA	10
9a8c1a1513efe4577e299335f8d86efc2c464288	NA%NA%NA%NA%NA%NA	10
9ac7afd171985ebba0f90c5b77ba93b742e222f7	NA%NA%NA%NA%NA%NA	10
9c783172cebc60debd58a9ba699c95d6f090bea4	NA%NA%NA%NA%NA%NA	10
da781087122beb0df7103c8e50a3d0b0d215d8c3	Bacillariophyta%Coscinodiscophyceae%Stephanodiscales%NA%NA%NA	10
da1e14da9c74e1fdffd5d2f0aa565d85835e66d6	NA%NA%NA%NA%NA%NA	10
d978c2e99d2c8996acbe97df2fbf1d9550fe1f91	Rotifera%Eurotatoria%Ploima%NA%NA%NA	10
d6c69109b002d45ea29e250a79d1b3cf0934e5eb	NA%NA%NA%NA%NA%NA	10
d6af068f7fda9c215ce4f7fa725db6af8e5cc125	NA%NA%NA%NA%NA%NA	10
d4179501e205936f07b76c14cb8174b8befa2736	NA%NA%NA%NA%NA%NA	10
d538aba0c8368893c5d5a8aa3a13b351b7f1a0aa	NA%NA%NA%NA%NA%NA	10
d3e853b8e7f16d5462acf2f119094ec266bcddeb	NA%NA%NA%NA%NA%NA	10
d3a21a3ff6b8450ccac44bb73d3bb5e8925a289f	NA%NA%NA%NA%NA%NA	10
d069b54192a416d9e4bda374d6011a711094d6b1	NA%NA%NA%NA%NA%NA	10
d1d473047adde9ab8c0d3c98613d5480a92e357f	NA%NA%NA%NA%NA%NA	10
d19255dbfab2c664ecebf09c8e655ae8dba1dc5f	Rotifera%Eurotatoria%Ploima%Brachionidae%Keratella%NA	10
f0d575a23192cc04f0825264c46824a1bbdf1af2	NA%NA%NA%NA%NA%NA	10
f3fe3c4a22bbe7909adbd9a478b3fada99826faa	NA%NA%NA%NA%NA%NA	10
f4b25425472f601f4a8a361676ea708111fc765c	Rotifera%Eurotatoria%Ploima%Synchaetidae%Polyarthra%NA	10
f2c725fbef8acda3b2aa229719c12dcafabd3475	Rotifera%Eurotatoria%Ploima%Synchaetidae%Polyarthra%NA	10
f29b9da49848410257b0a1ad70c6d622204a2552	Rotifera%Eurotatoria%Ploima%Brachionidae%Keratella%Keratella cochlearis	2
f0af977bb3a00d817799c047acfaab2134d79ea6	Bacillariophyta%Coscinodiscophyceae%Stephanodiscales%NA%NA%NA	10
f035d7eab7746bd9e7a3564a0274e6ca763f839c	NA%NA%NA%NA%NA%NA	10
dedd0843ba2ad4ad9fa44fa71d1549cd757b6552	NA%NA%NA%NA%NA%NA	10
1e7df90d4e7faf157c1715b7e2fb416bdd874801	NA%NA%NA%NA%NA%NA	10
106200e22edde62d463ced66204080cd42c44313	Rotifera%Eurotatoria%Ploima%Brachionidae%Brachionus%NA	3
14ad6ea58284c4c73b98251d8ba3c4732bb445ff	Cnidaria%Anthozoa%Scleractinia%Caryophylliidae%Gardineria%Gardineria paradoxa	1
189cfa7478c03d566451e53b0f16b7cf668804c1	NA%NA%NA%NA%NA%NA	10
18dd3c7b54c9940c9454d73e92aa28e53200ad40	NA%NA%NA%NA%NA%NA	10
191fe44d175923a6aa4b1ddb477cb83b5fe68587	NA%NA%NA%NA%NA%NA	10
1a2d2f1aad14de6feffa0cb58db570881e163df3	Rotifera%Eurotatoria%Ploima%Brachionidae%Keratella%Keratella cochlearis	2
1b8cfcbfb6011ede90fba52e3095c437009520c5	NA%NA%NA%NA%NA%NA	10
1c310177f87484617f0502c32c91574b4a72a1ea	NA%NA%NA%NA%NA%NA	10
2ad2b38f9b3cec161f71d5479664f42f84310bfd	NA%NA%NA%NA%NA%NA	10
2a3eda169515c18d74fe11c1f34daec21a046b97	NA%NA%NA%NA%NA%NA	10
4177795853fe500ce36f9f6014cc9f416cd79f70	NA%NA%NA%NA%NA%NA	10
4315c3e13041fdaf4ad0aa5ad7d6d706d5870f5f	NA%NA%NA%NA%NA%NA	10
4b31f197479e411309e84e6e58c51341354ead7a	Ascomycota%Sordariomycetes%Hypocreales%NA%NA%NA	10
47ff97ed66cb4144f27e5b535c1c804386f72f13	Arthropoda%NA%NA%NA%NA%NA	10
437578a9cf5d8be1a415beb2c0badbb1a48ec21c	NA%NA%NA%NA%NA%NA	10
455a3dac7a870e383636ddb2ee1ba21331de9b36	NA%NA%NA%NA%NA%NA	10
48588091d5a8a9a3c74678659035aceb35e86868	NA%NA%NA%NA%NA%NA	10
43f6a4b27cd83cc2923073894fd013b0abb97c72	NA%NA%NA%NA%NA%NA	10
4462fdcbd8187904cd34a73ef92f554b7a426c3b	Rotifera%Eurotatoria%Ploima%Brachionidae%Keratella%Keratella cochlearis	1
08c84ac15f833806cd45d267d8b82789497a595b	Arthropoda%NA%NA%NA%NA%NA	10
206fbd8f22f70c3098d86c7ef29e25f88156832f	NA%NA%NA%NA%NA%NA	10
2119172a2680409a3ca3eee867bc8b11ec0ce262	Rotifera%Eurotatoria%Ploima%Brachionidae%Keratella%Keratella cochlearis	2
0cd25e8a99cec35f637a2219ded89847c480b3f3	NA%NA%NA%NA%NA%NA	10
0c28086748252aa3d853e812bcb650ffe21baaa7	Rotifera%Eurotatoria%Ploima%Synchaetidae%Polyarthra%NA	10
079d36b8abb4dc91d01922445ef4d0e36078a18d	NA%NA%NA%NA%NA%NA	10
08e6322bf1c8379a18aa5cb3f4133a91fc850904	Rotifera%Eurotatoria%Ploima%Synchaetidae%Polyarthra%NA	10
292f5cc2d1febb9aecb46c760d113de2e3d807cc	NA%NA%NA%NA%NA%NA	10
056325161145106d23694fed943fe2a9211ac5ca	Rotifera%Eurotatoria%Ploima%Synchaetidae%Polyarthra%NA	10
02b54dd6a88112a83036d66764aefa0984c05ec4	NA%NA%NA%NA%NA%NA	10
00f37b3fac853815003ce92d5425607233f0f052	NA%NA%NA%NA%NA%NA	10
0069c9aad75a74dd33c43f28545903d933396a5b	NA%NA%NA%NA%NA%NA	10
26af02a3a22e32994c274a989ffa81ad4a2af56b	NA%NA%NA%NA%NA%NA	10
27bcec3d2ae16c53df82dbf7e9fdc0f3c0e9d9de	Rotifera%Eurotatoria%Ploima%Brachionidae%Keratella%Keratella cochlearis	2
25e73e9d0dfd4244762a310f65ebc48df375a16c	Oomycota%NA%NA%NA%NA%NA	10
3fa62a12f3cbd4c00370249f7897297ae440a7e9	NA%NA%NA%NA%NA%NA	10
311c48578fdf04a30fbfd6037461d8c9b398a03b	NA%NA%NA%NA%NA%NA	10
3190dd4c2af92acf355ecef207eec4c36590c8f2	Rotifera%Eurotatoria%Ploima%Brachionidae%Keratella%Keratella cochlearis	2
319e3e12652705ffdb37e1adb548b1c134a2c0e8	NA%NA%NA%NA%NA%NA	10
36e4b4fd9b9aecad515712d58dbd6f0f9ff6dce2	NA%Dinophyceae%NA%NA%NA%NA	10
37ccc691eb64984d4467853e704ab6ab2622d281	Rotifera%Eurotatoria%Ploima%Brachionidae%Keratella%Keratella cochlearis	2
3ad56c04b5d89d6a66550d48791b3540d4805bad	NA%NA%NA%NA%NA%NA	10
3fe22a8271b1fb60b76818cc9dbb55cfc8a79a7d	NA%NA%NA%NA%NA%NA	10
5cb7777204e5020ea3b0bd9555ce197c585ce8bf	Rotifera%Eurotatoria%Ploima%Brachionidae%Keratella%Keratella cochlearis	2
57dd6442ffb0db8eef507ed9086d5c3566cff243	NA%NA%NA%NA%NA%NA	10
592c82059392506a58ed3afdc7d4fb3df39b2dba	NA%NA%NA%NA%NA%NA	10
5a5c81a7cd0db04a744026e7eda88b727188416e	NA%NA%NA%NA%NA%NA	10
5bbb02ae5c190b4ad6817290d04286587fb49c80	NA%NA%NA%NA%NA%NA	10
5c982a9c235d039e0aba0f29653a041af4aa03c9	NA%NA%NA%NA%NA%NA	10
55dd1d327ed90dcf363dd5de34643f3ddbc7a000	Rotifera%Eurotatoria%Ploima%NA%NA%NA	10
5d584684b526bbd61db4dd9f6175bbbefd22dfbb	NA%NA%NA%NA%NA%NA	10
80bcc9bb4a9bdfb1085e9759ffa6511333b3db30	NA%NA%NA%NA%NA%NA	10
560ed665264e44eb68fde531d2d72d517914fe8a	NA%NA%NA%NA%NA%NA	10
802a90d3dfb6e15cbc9c5d68b729c026c6981649	Rotifera%Eurotatoria%Ploima%Brachionidae%Keratella%NA	10
5242c3457114ac46a98ecdcbe2c945d802aa34a6	Cnidaria%Anthozoa%Scleractinia%Caryophylliidae%Gardineria%NA	3
68822fb7f161c007b00514fb9554bf27407db48b	Rotifera%Eurotatoria%Ploima%Brachionidae%Keratella%Keratella cochlearis	1
6ffc24d04c17f0a22b8b3a22c227e05d8b90e025	Ascomycota%Eurotiomycetes%Eurotiales%NA%NA%NA	10
6d007d61182916c32c5d536ffe9c62fcd71acaa0	Rotifera%Eurotatoria%Ploima%Synchaetidae%Polyarthra%NA	10
6b7316ad006954dc51d0662be0454864a1975203	NA%NA%NA%NA%NA%NA	10
8517e98f455cf8fd668d3e4a1af04b9c7595a92b	NA%NA%NA%NA%NA%NA	10
8596694e87f0071164ae759d2389733ea9d95921	Bacillariophyta%Coscinodiscophyceae%Stephanodiscales%NA%NA%NA	10
88f60639685a6418d9e5e59a884a7adf5762af07	NA%NA%NA%NA%NA%NA	10
69f78024fcda71689e6ecc66626a33611e4e5e40	Oomycota%NA%NA%NA%NA%NA	10
6362363c581637c2ff91f42f1aa82684a282b2e7	NA%NA%NA%NA%NA%NA	10
605177cc3e9f67c8a4cf198a4d2772fb436c5434	Ascomycota%Sordariomycetes%Hypocreales%NA%NA%NA	10
4f1c57bc0c88019ea0e6b3e22377c527ca313d3f	NA%NA%NA%NA%NA%NA	10
61517f1ecb20808e309911418003de01328dded0	NA%NA%NA%NA%NA%NA	10
61d41bfc04f5d12c312759ff5807cb275a869c91	Rotifera%Eurotatoria%Ploima%Synchaetidae%Polyarthra%NA	10
4ef2749f5f1c1f847fbc4ce2b9f4d93e77770810	NA%NA%NA%NA%NA%NA	10
65fee66c7aedaed1ab57dd7a97dbd7ffd50d0b9b	Rotifera%Eurotatoria%Ploima%Synchaetidae%Polyarthra%NA	10
653a6a1761e37692b12a0b3774fad6924dd7e7a4	NA%NA%NA%NA%NA%NA	10
77943778457f6d7eb57280b759486913868c2a3b	NA%NA%NA%NA%NA%NA	10
7016104edd40b7b685396f41df57832a286f6b5f	NA%NA%NA%NA%NA%NA	10
72ad262a3046142312dcf45e95032f8f1a2d79cb	NA%NA%NA%NA%NA%NA	10
741c75f777022811a9e5122cac67d1cec8ac6fd7	NA%NA%NA%NA%NA%NA	10
74263debc08a52c4f1b126e5f5d9a884f8b435af	Rotifera%Eurotatoria%Ploima%NA%NA%NA	10
7f979247240c4ca6671be6fc5fb0c31b0846f42a	Ascomycota%Eurotiomycetes%Eurotiales%NA%NA%NA	10
7e7c3b1c9bf5081a25320bb4bec9ef883ea970c1	NA%NA%NA%NA%NA%NA	10
780ba987148a716f88df8e955f1da43d454b9996	Rotifera%Eurotatoria%Ploima%NA%NA%NA	10
78acbc5918e2c1ed179799971a2bd6ab3ecd0638	NA%NA%NA%NA%NA%NA	10
78dd4f331da880573664bb3701194bdede4e23bf	NA%NA%NA%NA%NA%NA	10
79811ea5de900dc28d35a9fff00ad2fecbb42f62	NA%NA%NA%NA%NA%NA	10
798157612251ef328f1de83ed79004d59770a799	Rotifera%Eurotatoria%Ploima%Brachionidae%Keratella%Keratella cochlearis	2
7c30319cd85275c7fd754891bb7ffa2d607c69fb	NA%NA%NA%NA%NA%NA	10
7c6d88b1d859fd39b8dfaebe5e816c24ee1568a0	Rotifera%Eurotatoria%Ploima%Brachionidae%Keratella%Keratella cochlearis	1
7cdaabb4c787003fc4d71c00a7bde2807689f52e	Ascomycota%Eurotiomycetes%Eurotiales%NA%NA%NA	10
8b8476da0900db4707c8b4a987fe1b6230366b54	NA%NA%NA%NA%NA%NA	10
7225e90a20e3c3d4470e73f6522109c0329d8c30	NA%NA%NA%NA%NA%NA	10
6517bf02421dd1bf7dd9c88fa49ae8ec48418bc1	Rotifera%Eurotatoria%Ploima%NA%NA%NA	10
50a3fca553cf6df87e9475a900abbb7a970de0e0	Discosea%NA%Longamoebia%Acanthamoebidae%Acanthamoeba%NA	3
727e9cbfed3097a6e0f3f39bde0b6a341491fd5d	Ascomycota%Sordariomycetes%Hypocreales%NA%NA%NA	10
89e9a11e504c292608089dc324be7923a0cb99d2	Ascomycota%Sordariomycetes%Glomerellales%NA%NA%NA	10
e86c67e0b4e2836a9bbad4f0bd0125da073d756c	NA%NA%NA%NA%NA%NA	10
f42382b7f9eb78c2674de934b3b69f174689da37	Ascomycota%Eurotiomycetes%Eurotiales%Aspergillaceae%Penicillium%NA	3
a58c67f3c758a31e6bce21accc40c07abf96af7b	NA%NA%NA%NA%NA%NA	10
33f5e45f6933c64a35bae5b8cff22051247e6cb1	NA%NA%NA%NA%NA%NA	10
dedec184a34d0def72532c424055491318cc4513	Gastrotricha%NA%Chaetonotida%NA%NA%NA	10
29eb710ecb3a28f01963974bcbf14c5bd617553d	NA%Phaeophyceae%Laminariales%Laminariaceae%Laminaria%Laminaria hyperborea	1
bec6006c80f05d65b768c54200919cc5c740f3a8	NA%NA%NA%NA%NA%NA	10
16fb396a28addf5ee0097b8a899ac02c28aa5b7c	NA%NA%NA%NA%NA%NA	10
83341d1d95e1f80a8f41d16b00c5a94e3b4a5a35	NA%NA%NA%NA%NA%NA	10
c73deb8c7578371f187894877ba4babdfba2af27	Arthropoda%Hexanauplia%Calanoida%Diaptomidae%Arctodiaptomus%NA	10
c46536d36a16578b3227cbef647c149f099d7625	NA%NA%NA%NA%NA%NA	10
afde6c1b3a071dd879626e14bb2b0775abbad0c0	Porifera%Demospongiae%Suberitida%Suberitidae%Suberites%NA	3
9bbdcae791f4748c4ea18be7dfcc177e04b9c169	Discosea%NA%Longamoebia%NA%NA%NA	10
4b9b75698537056225e825985e1f5f1e0dfe96fa	Bacillariophyta%Bacillariophyceae%Bacillariales%Bacillariaceae%Nitzschia%Nitzschia palea	1
821676c0fbced521d207b35fb2874d38fab52047	NA%NA%NA%NA%NA%NA	10
fa1b084d5c4e89f2c74bb5a243ab8c17cea0d33d	Arthropoda%Arachnida%Trombidiformes%Eriophyidae%Phyllocoptruta%Phyllocoptruta oleivora	1
b507f84589af340fa0d5d7ed4eb12b06348451e9	NA%NA%NA%NA%NA%NA	10
752ac7879b2a9ca7130b579de611bfbd2263e7d4	Arthropoda%Hexanauplia%Calanoida%Diaptomidae%Arctodiaptomus%Arctodiaptomus dorsalis	2
ac6f5bb6a2ca3456a34fc368d17fea0485f1536e	NA%NA%NA%NA%NA%NA	10
168d5def2fa9353a46f01eaa680454e6d10a3703	NA%NA%NA%NA%NA%NA	10
618e6b8815e0781642597d9d7255d5812e2ea3f6	Rhodophyta%Florideophyceae%Ceramiales%Rhodomelaceae%Vertebrata%Vertebrata nigra	1
83e1442737c6c781dd1121c5719d105b96f9ce67	NA%NA%NA%NA%NA%NA	10
e27a777e3b8295818b9016b39199ab5a50c44f70	Arthropoda%Hexanauplia%Calanoida%Diaptomidae%Arctodiaptomus%Arctodiaptomus dorsalis	2
e9f79153bc9b48b1ddcfde7fdd76209c922c5a2d	NA%NA%NA%NA%NA%NA	10
efd5b63bac238d95262187ccc524d1de41596179	Arthropoda%Hexanauplia%Calanoida%Diaptomidae%Arctodiaptomus%Arctodiaptomus dorsalis	2
abd914ef911442fb676b2337342c394bcc0158b5	Arthropoda%Hexanauplia%Calanoida%Diaptomidae%Arctodiaptomus%Arctodiaptomus dorsalis	2
096437f6cac29fd5e7d9d43246a0e9bf68a451b5	Ascomycota%Sordariomycetes%Hypocreales%Nectriaceae%Macroconia%NA	10
cee2983eb1c21052938a9bf3aa7f288a34a1172d	Mollusca%Gastropoda%Systellommatophora%Onchidiidae%Onchidium%Onchidium reevesii	1
93dd0243c6287f348a15dcbbbd4cf6a1c46dd6a6	NA%NA%NA%NA%NA%NA	10
dd34b6182c2c2e26f8f0071b2ac66b98b196c211	Arthropoda%NA%NA%NA%NA%NA	10
9530c2836a2df5f22d978fe21b24f230261121a1	Rotifera%Eurotatoria%Ploima%Brachionidae%Plationus%NA	10
4bc898cdefc81368e33fa93abe11f9fc14dfcee4	NA%NA%NA%NA%NA%NA	10
893e281f64a34a91377108cf71a86ef2d594755e	NA%NA%NA%NA%NA%NA	10
4613bdfe6a8dff16c906046720fcb85e411cd080	NA%NA%NA%NA%NA%NA	10
eff2670475a39670972f9fbe05ebef4b80244a3a	Ascomycota%Sordariomycetes%Glomerellales%NA%NA%NA	10
5fc3e2c77a06954c3bf446e7e46e702b42653973	Ascomycota%Eurotiomycetes%Eurotiales%NA%NA%NA	10
6c68739fc7bd36651c73ed36f147003a9389b883	NA%NA%NA%NA%NA%NA	10
68f5f2db16bc67184b79cc7eff263aa515be2fc5	Arthropoda%Hexanauplia%Calanoida%Diaptomidae%Arctodiaptomus%NA	10
1435267e357e3336a958a263035bb7b8d811d37a	NA%NA%NA%NA%NA%NA	10
65532acbe24cc4763d02358285b9ae2bfd717bd0	NA%NA%NA%NA%NA%NA	10
96517798df16a24668b6defc8f3d37c990aed9ff	Ascomycota%Sordariomycetes%Hypocreales%NA%NA%NA	10
a831f6686d91228a624978f6df24f4057e9470c9	NA%NA%NA%NA%NA%NA	10
0ce71193d46a9ac7fce65b0b2113b7e172aaa70f	Ascomycota%Eurotiomycetes%Eurotiales%NA%NA%NA	10
da48000f093a6eef8e4d8ded4e586bdf7fd7e2d3	NA%NA%NA%NA%NA%NA	10
dbe79c8fd6f021a346a5bb67d780f3bee9e0d6f8	NA%NA%NA%NA%NA%NA	10
d21ea735564554d7ce0d407b98303285185fbf19	NA%NA%NA%NA%NA%NA	10
a1e36a4c0bdc62802879395b4552a7746ceaf502	NA%NA%NA%NA%NA%NA	10
a76684e353fb4cba7cd38c568a5b12a836d74302	NA%NA%NA%NA%NA%NA	10
942e467bebde99fbf8d596272c28d95bcc118ac1	NA%NA%NA%NA%NA%NA	10
4bbe72a8ea0ecdbe3ab4e9af5f5c70a9b50de067	NA%NA%NA%NA%NA%NA	10
52edde7fe6e5de25e55aa7dc34df35b60eec8e3f	NA%NA%NA%NA%NA%NA	10
3c84bc785714aadcb0c3ccf1452cab13f4f36d48	NA%NA%NA%NA%NA%NA	10
5796da26342a2dab2a9dcb09ff431ca3e6028e89	NA%NA%NA%NA%NA%NA	10
51426117634ab4a0df934c2d945c59ff40567001	NA%NA%NA%NA%NA%NA	10
21d364b496145bb133ed5e23ebe16668ad3d9003	Ascomycota%Eurotiomycetes%Eurotiales%NA%NA%NA	10
b9e2f56ad366ef268868e19eef4b1739f13fb51c	Oomycota%NA%NA%NA%NA%NA	10
1256b0074e778f8bd6a2bb561db294ffb16ef2d9	Ascomycota%Eurotiomycetes%Eurotiales%NA%NA%NA	10
cb513d59d249c5085955977fa264a4c4e8e620ff	Mollusca%Gastropoda%Stylommatophora%Helicarionidae%Helicarion%Helicarion cuvieri	1
c60d3ae882ef0c5b9347ac329674b5c946a3663e	NA%NA%NA%NA%NA%NA	10
9ee068c49da468a7e777376757db979afcd77a56	NA%NA%NA%NA%NA%NA	10
9a619ae15113d8d7d071a8e532a4ed479c714415	NA%NA%NA%NA%NA%NA	10
964bfe4ee297f0b8e7bec9451134aab7790448ac	NA%NA%NA%NA%NA%NA	10
d30b3213c44b297296e3bc8b5ddbfc5e088da796	NA%NA%NA%NA%NA%NA	10
bd7bad348f98c44d48fddf83b3d2bcf0a3ca223e	Arthropoda%Insecta%Hymenoptera%Bethylidae%Pristepyris%NA	3
b897fe7cdc2136172384800ea1e7d566dd3766ab	Basidiomycota%Agaricomycetes%NA%NA%NA%NA	10
f072da42b8f1492d0e9c3d2aa4171009d3071c2e	Arthropoda%Hexanauplia%Calanoida%Diaptomidae%Arctodiaptomus%Arctodiaptomus dorsalis	2
fc903e517b2f4f731378ac55b8177bc209af8e99	NA%NA%NA%NA%NA%NA	10
f9a02911e9d033d2cdc20870a4f8b42223af19dd	NA%NA%NA%NA%NA%NA	10
c4f9bbbc0b42a22d6036ff404c07f8aed79c58a2	NA%NA%NA%NA%NA%NA	10
f0dda6d91e69bb1ad431d6b50a95738b1116326b	Ascomycota%Sordariomycetes%NA%NA%NA%NA	10
ced8e93c79663d2a94a71cfec80ccff158f83c15	NA%NA%NA%NA%NA%NA	10
4824b77ed4d6828629039a9c196699fba6c45780	NA%NA%NA%NA%NA%NA	10
cef44302198a3880ce43303a969bcd8303b2d39e	Ascomycota%Eurotiomycetes%Eurotiales%NA%NA%NA	10
cf56385a4a82c1ea17fde0c59a8a055f44fe2591	NA%NA%NA%NA%NA%NA	10
cfcc5853deed19fb73e4db919b160d789e51c98d	Ascomycota%Sordariomycetes%NA%NA%NA%NA	10
de17cbd4b2743e633567a0719e11718fed17a319	NA%NA%NA%NA%NA%NA	10
df943f970431e7fd81d352686af01c5c155fc498	Ascomycota%Sordariomycetes%NA%NA%NA%NA	10
6cd14bd64db15cb82408d3bdaec715826e1377a4	NA%NA%NA%NA%NA%NA	10
680fc4c00801331f7a74047baea85133ed97fd14	Arthropoda%NA%NA%NA%NA%NA	10
708394a7a94bc8787bca601c7381c16ee4c9ad6a	Ascomycota%Eurotiomycetes%Eurotiales%NA%NA%NA	10
b361f8b0113bc7d212858cb29762374473e8d530	NA%NA%NA%NA%NA%NA	10
2f77c389589b29f5129636e4b725e17f430acbbe	NA%NA%NA%NA%NA%NA	10
431094f9620f7ca46f6ddc0f9676d0d53f64a2eb	NA%NA%NA%NA%NA%NA	10
57654cbf6a0f400b5fdcdd9998377c1dd8d0b5e4	NA%NA%NA%NA%NA%NA	10
a796532a4b5c1769b5fd725a34f991f7ec1a9003	Porifera%Demospongiae%Tetractinellida%Theneidae%Thenea%Thenea valdiviae	1
804cc60992291923fed498e275c5b9e99f5454e5	NA%NA%NA%NA%NA%NA	10
82a3ed598715b72100d1e875e4d97a7f721625a3	NA%NA%NA%NA%NA%NA	10
a0724f7deb648501d80d115bfc143053be3c8b92	Arthropoda%Hexanauplia%Cyclopoida%Cyclopidae%Mesocyclops%Mesocyclops edax	1
98b3a3c0551798767d4dc9abf48e8996c77ae3ea	NA%NA%NA%NA%NA%NA	10
96b416dd5f7dae704a149b3e3c3ed0cee7519612	Ascomycota%Eurotiomycetes%Eurotiales%NA%NA%NA	10
c2fd7306730a7d1408dfa57a16c480325d835aa4	NA%NA%NA%NA%NA%NA	10
ac53f25459e4b3943b89303fd2f61214b28590f6	NA%NA%NA%NA%NA%NA	10
83b37bf94086075eb592e3ec357ff06af3ba7b8e	NA%NA%NA%NA%NA%NA	10
bff6c168ed91b2ed8dfebea0123f44fb8df7e96f	Ascomycota%Eurotiomycetes%Eurotiales%NA%NA%NA	10
b374f16ea1c4f02ee0ec6c79f9716df2a1075fa8	NA%NA%NA%NA%NA%NA	10
be6b7138bbecd8d9c81d2feaf2340ebb8989f128	NA%NA%NA%NA%NA%NA	10
b5152abbf5db46d660fbfe91065a0b89ba3dc8a2	Bacillariophyta%Coscinodiscophyceae%Stephanodiscales%NA%NA%NA	10
bd6fe9def32cd5835bbde473224efd55c4f9362e	NA%NA%NA%NA%NA%NA	10
bd6c532a627e79e4c195eaa56a52e94667c41938	Ascomycota%Sordariomycetes%Hypocreales%NA%NA%NA	10
bad9b2e34dc40009f43b769684d09d1a0fe34031	Rhodophyta%Bangiophyceae%Bangiales%Bangiaceae%Pyropia%Pyropia haitanensis	1
c07d15041e48da15ed8c6a154da2dd26ba7d187a	NA%NA%NA%NA%NA%NA	10
8dfa556355447b4d431de0d1b3758fe1944b773d	Ascomycota%Sordariomycetes%Hypocreales%NA%NA%NA	10
867235a2403d45cdd7e132baa771339ad007795e	Arthropoda%Hexanauplia%Cyclopoida%Cyclopidae%Thermocyclops%Thermocyclops inversus	2
8a0bf33d75176c7310b0e8971b633ed9cdc1861d	NA%NA%NA%NA%NA%NA	10
8acfcce78f81dfb373e9c07d8fc1d1af3770b350	Ascomycota%Sordariomycetes%Hypocreales%Nectriaceae%Calonectria%NA	10
8af7691dc7ef1c1bbff638010d5231980167af72	NA%NA%NA%NA%NA%NA	10
8b6d781a0d5d74a0ce5fa38d1b98fafe93808543	Ascomycota%Sordariomycetes%Hypocreales%NA%NA%NA	10
8bf120a6f6448e73816f223ae88f592d24090f14	Ascomycota%Sordariomycetes%Hypocreales%NA%NA%NA	10
ab602b1f14ff3a0c6e92d5dfebd65f095fee7c9d	NA%NA%NA%NA%NA%NA	10
8f015236fde503262e5b625b9425f2be322a1a9a	Ascomycota%Eurotiomycetes%Eurotiales%NA%NA%NA	10
a450dc239e00805996bc579d854f3cf57c5ea49c	NA%NA%NA%NA%NA%NA	10
a76df8405b0600945a2aa0739f67d6961e803d58	NA%NA%NA%NA%NA%NA	10
a9ea427eb6356c7ec049a543cba577dbac72364d	NA%NA%NA%NA%NA%NA	10
aab93bf3c1233e6027d7d37cdedbb2e1972c32a4	NA%NA%NA%NA%NA%NA	10
902d2212647a6920bdc3e0782fd2a79ca20d23b5	NA%NA%NA%NA%NA%NA	10
91b50fc8dbf2b067e586afcb8ffb4952d24a3edb	NA%NA%NA%NA%NA%NA	10
e95feaa36833ab4fa56b1968383be89e34c0711f	NA%NA%NA%NA%NA%NA	10
942e8eee98a1b54706cb5eb2164de2f6abe575b8	NA%NA%NA%NA%NA%NA	10
94dedb499d040231d408aab1df7a66af0d649234	NA%NA%NA%NA%NA%NA	10
eba9edc58a1af74195e2310833b75835b7cd5bd4	Ascomycota%Sordariomycetes%Hypocreales%NA%NA%NA	10
966ced09e2b805aa8a1b9a6890cdf51a50d128a8	NA%NA%NA%NA%NA%NA	10
9b9d39b73f78f464f42047ec73d58471e6bf8b5a	NA%NA%NA%NA%NA%NA	10
9c7db00f60d50e4a5870265b505684aae51ad3d1	Mucoromycota%Mucoromycetes%Mucorales%NA%NA%NA	10
9d3d05e8d40836310dfe1252b46131caa22eab48	NA%NA%NA%NA%NA%NA	10
ec1415819e71ca5eb67fe2d7edffbd592b50ad31	Ascomycota%Eurotiomycetes%Eurotiales%NA%NA%NA	10
ed48a486a2df85103a864582a517fd8dd1a6dd0b	NA%NA%NA%NA%NA%NA	10
ed78f793c522c15467dbd5bdb2c00120914707cb	Ascomycota%Eurotiomycetes%Eurotiales%Aspergillaceae%Penicillium%NA	3
9e553976dada3d4632cc757be39b2452cd6c82e0	NA%NA%NA%NA%NA%NA	10
fc4143a1e7df5c609a3a6932093c71bb5d83a235	NA%NA%NA%NA%NA%NA	10
f81180364593eeca694b5d88489a537a3725a63e	Ascomycota%Eurotiomycetes%Eurotiales%NA%NA%NA	10
f974d66f9630ad3da546ca10fda7c573251b574a	Ascomycota%Eurotiomycetes%Eurotiales%NA%NA%NA	10
f4c1475b3f351fc07b836a9c20c98950af60276b	NA%NA%NA%NA%NA%NA	10
f0e8647e911dcc22dde07bdb4e354074596d1342	NA%NA%NA%NA%NA%NA	10
f1c9c645bafbc525186beea042188dfdcd863b91	NA%NA%NA%NA%NA%NA	10
c4e48a0f8fee91ad565d34189399eaacac371371	Ascomycota%Eurotiomycetes%Eurotiales%NA%NA%NA	10
cd9e77f94c728ba8f6825aeb7e69f48cdc71ecba	NA%NA%NA%NA%NA%NA	10
cae1727072a58161561b6c951521028d0876cb8b	NA%NA%NA%NA%NA%NA	10
cab8137836b26493b08a18b9b95b5388e8ee0643	Bacillariophyta%Coscinodiscophyceae%Stephanodiscales%NA%NA%NA	10
d25be6de5900fbb058a9864d25daa68d6dc0b756	NA%NA%NA%NA%NA%NA	10
d2813464998982531f5c9b7202bdeac06a43b630	NA%NA%NA%NA%NA%NA	10
d45040cb03dfd97c814afeca2b90779405bb3649	NA%NA%NA%NA%NA%NA	10
d6453415ad3b0cfdac372e062e874809f01eddbd	NA%NA%NA%NA%NA%NA	10
d8e55460bb14a21b17bb7c4318c83d4889381c09	NA%NA%NA%NA%NA%NA	10
da6dd1b4c83a753814815d90f013fdeb63085e7d	NA%NA%NA%NA%NA%NA	10
daa9721c7542ae18bf3792ab982f7eeeeaed136d	Ascomycota%Eurotiomycetes%Eurotiales%NA%NA%NA	10
db3668c96ef1769a86375edda3e607dac103b997	Ascomycota%Eurotiomycetes%Eurotiales%Aspergillaceae%Penicillium%NA	3
dc470c56da0e093b6ce03d618b2cd798049b42bf	Ascomycota%Eurotiomycetes%Eurotiales%Aspergillaceae%Aspergillus%Aspergillus nomiae	2
e14b63dfd72adecccacc7d623756ba6a4131547a	Ascomycota%Eurotiomycetes%Eurotiales%NA%NA%NA	10
e1d92304106e670b4deffc837105ca958384e39c	NA%NA%NA%NA%NA%NA	10
e320b60389400acb6965010a9e20fa45be79dc9b	NA%NA%NA%NA%NA%NA	10
e33c5b649ea65aadb5bc2b4bcdb7b8a02c934c27	NA%NA%NA%NA%NA%NA	10
e399d86b930b3f8c6c2bb769f0915c181187124a	NA%NA%NA%NA%NA%NA	10
e6da00cb3c1186efbb0caeaf5d1651b4ed1f3855	NA%NA%NA%NA%NA%NA	10
1bf921160561810e795a13bbcc113e0d82b26a57	NA%NA%NA%NA%NA%NA	10
1a80c47da8d93a06146258b2bc4fce3a3f3756a0	NA%NA%NA%NA%NA%NA	10
15f7f6be810add68a8c3a5a1620ca1124fac788d	Ascomycota%Sordariomycetes%Glomerellales%NA%NA%NA	10
1477863b8e626b40a0008f37edfa20513b703bcf	NA%NA%NA%NA%NA%NA	10
101846915beef53724e4a082f9b713fcd2668936	NA%NA%NA%NA%NA%NA	10
26f465e02dca39ec4274a4c05c7897d363ff0ac3	Ascomycota%Eurotiomycetes%Eurotiales%NA%NA%NA	10
24a969c865e6c6975a0a4957df83de0d1649ea39	NA%NA%NA%NA%NA%NA	10
2742dfbdf41d3d02eb3ab34b066a4c1c1c168fdd	NA%NA%NA%NA%NA%NA	10
2a52570916d1876b978aa6d9bb396e1ce2832a1d	Chordata%Mammalia%Primates%Hominidae%Homo%Homo sapiens	2
2c31ce633ca79593deb3f74372110ea09b367e48	Ascomycota%Eurotiomycetes%Eurotiales%NA%NA%NA	10
3928dfb1e2176ae6742c3b7c40fcac3f0389efdc	NA%NA%NA%NA%NA%NA	10
40969d622393298ee540210e6e8c99c0db91948f	NA%NA%NA%NA%NA%NA	10
42bae700e055deade81281d33285ff9f9eba6452	Arthropoda%NA%NA%NA%NA%NA	10
4482d739b1de1e944063b7155c9fbaec2afdebc3	Arthropoda%Hexanauplia%Cyclopoida%Cyclopidae%Thermocyclops%Thermocyclops inversus	2
46e15bfe9e39218a21e9a9f9f52b3e3a16894fdc	Ascomycota%Eurotiomycetes%Eurotiales%Aspergillaceae%Penicillium%NA	3
4a15b31db76593c3740a7189bb784fe117bd10ad	NA%NA%NA%NA%NA%NA	10
006b613407ab0014f6c67845ab01a4cffd800dbb	NA%NA%NA%NA%NA%NA	10
019575b98fa31c498a9b275a2ad5f8e86fd4c058	NA%NA%NA%NA%NA%NA	10
019f4df4a29e86acbf42126c3b2e9c2f09e39a74	NA%NA%NA%NA%NA%NA	10
01deae2fd2bf07c1fe6c942e83d14e22f8362c5c	NA%NA%NA%NA%NA%NA	10
02967dbd3b01d57226b56c1f35ff2cdb0a9c3e53	NA%NA%NA%NA%NA%NA	10
037de14af0eb9d7ea62f8c700d05e9cee9750165	NA%NA%NA%NA%NA%NA	10
06a3c3c59316e77e8e0092da977db8d4ac76bc98	Ascomycota%Eurotiomycetes%Eurotiales%NA%NA%NA	10
09734b0cb5ec20e4411eb00b08ef61e942fcd78c	NA%NA%NA%NA%NA%NA	10
09ed20c191f26aa2a8f4dfbef7988e439763e9d1	NA%NA%NA%NA%NA%NA	10
25c69619c3568de9b208cec6b8dfacf3cd6294c3	NA%NA%NA%NA%NA%NA	10
3fb107d070153fa46a838ab67ab917ecc9a856a4	NA%NA%NA%NA%NA%NA	10
3f1107784472587de7d3b05a110ce550283cbc9b	NA%NA%NA%NA%NA%NA	10
3b6bb56f3b5420e8df7f83e5edc7c050fa9fd7f5	NA%Dinophyceae%Gymnodiniales%Kareniaceae%NA%NA	8
3608b38877c5d7bcebd7d249cc85e9cf578128ce	NA%Phaeophyceae%Ectocarpales%NA%NA%NA	10
331b2f15ce93912f8203b55170712f53d02cb195	Ascomycota%Eurotiomycetes%Eurotiales%Aspergillaceae%Aspergillus%NA	10
311d20cd2b305fe8100fce998b77faabdb21105d	NA%NA%NA%NA%NA%NA	10
323e7a6ccfdd4c2d1a21ef7e25b6e9b924992aa5	Ascomycota%Eurotiomycetes%Eurotiales%NA%NA%NA	10
0ca609572308ec780f6f0d75203729c1131f39c8	Ascomycota%Eurotiomycetes%Eurotiales%NA%NA%NA	10
0cb55ab5ac5c78366c0d932b4c0ea1e31c2b99e7	NA%NA%NA%NA%NA%NA	10
0efa89a9b7f00e8f368cd3d78465e7a730cd7a99	NA%NA%NA%NA%NA%NA	10
4b0872595540665ea81e4bc5c9fa62b28026a949	NA%NA%NA%NA%NA%NA	10
5f9f1ca55c092779c52bfe3d5831f3893e3d394d	Porifera%Demospongiae%NA%NA%NA%NA	10
5c6fd4ac82d1e7959ed0d4ada4bbb8a8d32b543c	NA%NA%NA%NA%NA%NA	10
5d8f0496f0ca52f5b0b997f640e8c865c6b14849	NA%NA%NA%NA%NA%NA	10
5b357fc7f448740e9d2169737fdb60e53700bd1f	NA%NA%NA%NA%NA%NA	10
584507d4753a3d0da49332f6d5019d4b5f4a6b4e	NA%NA%NA%NA%NA%NA	10
534b693f155f6deab2c836071ed95928fa3e2833	NA%NA%NA%NA%NA%NA	10
55776987ac7a169a06ae18466f304d7c9ffe958e	Ascomycota%Sordariomycetes%Hypocreales%NA%NA%NA	10
52e6a0cfb70a7d0d5b43c392ff25167e3ee01d2f	Ascomycota%Eurotiomycetes%Eurotiales%Aspergillaceae%Aspergillus%NA	10
5242d7cbbbc68eb72715e1638937c421ca7f0307	NA%NA%NA%NA%NA%NA	10
6c3044a997541220b597e930aaddb812ea008e2d	Ascomycota%Sordariomycetes%NA%NA%NA%NA	10
6561e1413032e589b0fa83940cbcba64867d7b1a	NA%NA%NA%NA%NA%NA	10
667f2e35fb343cca0e1aab00b4c64c9dcaf0dd52	Ascomycota%Eurotiomycetes%Eurotiales%NA%NA%NA	10
6d02c0771a05313905aa9bbbbe91a0387e948a0d	Ascomycota%Dothideomycetes%Cladosporiales%Cladosporiaceae%Cladosporium%NA	10
6d4c0a0e0ee1f49ded72ebf82808c954e329b605	Ascomycota%Eurotiomycetes%Eurotiales%Aspergillaceae%Penicillium%NA	3
6eb7d7c443daae1082180ac712f387372149f25d	Ascomycota%Eurotiomycetes%Eurotiales%Aspergillaceae%Penicillium%NA	3
6b2ed9888292c177d1d8c8bcd00075d28e64ee15	NA%NA%NA%NA%NA%NA	10
80712e14c865d76898c189bcc956f7a3b1a01bb6	Ascomycota%Sordariomycetes%Glomerellales%NA%NA%NA	10
6895527d4eeff0eeb9dbc92e8be7f811bd5b43b8	NA%NA%NA%NA%NA%NA	10
4ffbcfb5c773ed871c118c78cf63a089976287d8	Ascomycota%Eurotiomycetes%Eurotiales%NA%NA%NA	10
605a1f0f7c0cbe3e5212d2bcf439b5add71d1b7a	NA%NA%NA%NA%NA%NA	10
7819807fcbe96fbc575ee8f5fa7fdfae08333ef2	NA%NA%NA%NA%NA%NA	10
7e557576e3de45692bd3c9942c56e4d6c5aeb8bf	Ascomycota%Sordariomycetes%Hypocreales%NA%NA%NA	10
7b59e1a28680f465b5edd18564ab66a0f92a5a22	NA%NA%NA%NA%NA%NA	10
7c883b4291b511a0b1e7282e0ef6434e191e71c0	Rotifera%Eurotatoria%Ploima%Synchaetidae%Polyarthra%NA	10
7c58226cff1391ef19be4067226711688ae32983	NA%NA%NA%NA%NA%NA	10
7c30e018a39a5cd3bd978162ff5bec24c4d6e472	NA%NA%NA%NA%NA%NA	10
74f781108bac7c042474ca7b552e9b18482e71c3	NA%NA%NA%NA%NA%NA	10
715168e6d113a77662c2bf7f17bdd7aa30b0276a	NA%NA%NA%NA%NA%NA	10
46558b0ba244cb65eddc0a96ff0acc52ac4a1d87	NA%NA%NA%NA%NA%NA	10
ed9c4e663aebf3e805ec08bf9facdfef166fb253	Ascomycota%Sordariomycetes%Glomerellales%NA%NA%NA	10
cabf5631a662dbf8b9b99699e5bceba53a08b45e	Ascomycota%Sordariomycetes%Hypocreales%NA%Gliocladium%NA	10
faa6811494c034dc5b4413244890f496eb8ad491	NA%NA%NA%NA%NA%NA	10
d6e749ee10db64b687974b63d5de54f5710117e8	NA%NA%NA%NA%NA%NA	10
8414cb9e25141b411f6b623b89df3068d5a79000	NA%NA%NA%NA%NA%NA	10
3120ce3f1301c0d2a1aeac19bf9c0774960799b6	NA%NA%NA%NA%NA%NA	10
bb67b2077f4d71ad3b9068c3f41efd34dd5114d9	Arthropoda%Hexanauplia%Calanoida%Diaptomidae%Arctodiaptomus%Arctodiaptomus dorsalis	2
f626b9b1a80864a3ac0b322b3dbe8da22af2741e	Oomycota%NA%Peronosporales%Peronosporaceae%Basidiophora%Basidiophora entospora	1
a8247d880184199f995b9a3029260aa39702672f	Ascomycota%Sordariomycetes%Glomerellales%NA%NA%NA	10
83aaf7798f759b53dd47e4d2bb5f35d522a4a1aa	Arthropoda%Hexanauplia%Calanoida%Diaptomidae%Arctodiaptomus%Arctodiaptomus dorsalis	2
45ef3e31651428550be4220ef84649147152aec3	Arthropoda%Hexanauplia%Calanoida%Diaptomidae%Arctodiaptomus%Arctodiaptomus dorsalis	2
08f97903957b504e5e3278987524fd59bc449f46	Arthropoda%Hexanauplia%Calanoida%Diaptomidae%Arctodiaptomus%Arctodiaptomus dorsalis	2
e6e95ff64c362772b4cd4a136a3050310b214bb2	NA%NA%NA%NA%NA%NA	10
798aeffd418c47571765d3910bd75b9f2b67118a	Arthropoda%Arachnida%Araneae%NA%NA%NA	10
298be9ce5f22656b79791fd76372a99ffb4b680a	NA%NA%NA%NA%NA%NA	10
a18f67a2c86d736be6b0b1bdabb2337867473b47	NA%NA%NA%NA%NA%NA	10
c1af5851707604e6f442c3083ca880bb87cc6fe2	NA%NA%NA%NA%NA%NA	10
7a9db911661ece51e8a1972b0182f481071f68ce	Ascomycota%Leotiomycetes%Helotiales%Discinellaceae%Articulospora%Articulospora tetracladia	1
89af3d84d5f6688616d4c95ce5ab07a94f17a142	Ascomycota%Sordariomycetes%Hypocreales%NA%NA%NA	10
1d043bfbfe8dc56994089e5a2b0f8dfc8be7c76f	NA%NA%NA%NA%NA%NA	10
1fd6d118c9ad9b71033220925110198dbaac5dd6	Arthropoda%Hexanauplia%Calanoida%Diaptomidae%Arctodiaptomus%Arctodiaptomus dorsalis	2
d799edca0cda8b02e5991dc82daf84ab2275b79a	NA%NA%NA%NA%NA%NA	10
08bda6305b372f3e181f3262da847365102a3812	NA%NA%NA%NA%NA%NA	10
642f159c97e9cee0b29e4b878495d0cff6c3d2cc	NA%NA%NA%NA%NA%NA	10
c8fb21f1cea6f7de062c09964b4b25388af3e7a1	NA%NA%NA%NA%NA%NA	10
005428251766db02e3f535b731b4fea9a9bef557	NA%NA%NA%NA%NA%NA	10
e2d759e8e3ef49359495555653b60f48fc18ba80	Ascomycota%Sordariomycetes%Hypocreales%NA%NA%NA	10
4318e0c6f65a99c2e28cab472d9e882ca40ee209	NA%NA%NA%NA%NA%NA	10
8b9fe1b276b0f715c2368f355797cf090d2b806e	Ascomycota%Eurotiomycetes%Eurotiales%Aspergillaceae%Aspergillus%Aspergillus terreus	1
1b11cdb863076290595853ece348713809655eb3	NA%NA%NA%NA%NA%NA	10
a09ffb775ce1188ec7da37950c0e0060a466ed99	NA%NA%NA%NA%NA%NA	10
c26e973651013e25f44b0e5190741e55bdd5393f	NA%NA%NA%NA%NA%NA	10
3a5a4069dc6eca0285d9aef9b37a8727c62344ad	NA%NA%NA%NA%NA%NA	10
84e51bcace919579365a61d97acf2dd6313ca618	NA%NA%NA%NA%NA%NA	10
f041e2ae3b9d3b867af725b74a5c5ebd770b7daf	NA%NA%NA%NA%NA%NA	10
0eb6365311396e2ae784cf4380dcaaaa9ef477bb	NA%NA%NA%NA%NA%NA	10
dde7921115a385bd3609817c8654c8cf2284b383	NA%NA%NA%NA%NA%NA	10
017ba1b5afc841f02bdb3bca516f790d9681c5ba	NA%NA%NA%NA%NA%NA	10
d74b29f0fbc4e29ef52c5c09c6fcee610ad02fb8	NA%NA%NA%NA%NA%NA	10
d253ba923de02225416df6420c21553dceaa3579	Arthropoda%Hexanauplia%Calanoida%Diaptomidae%Arctodiaptomus%Arctodiaptomus dorsalis	2
6adb0482ccca46378ac4e397cfc89ce4ca6de228	NA%NA%NA%NA%NA%NA	10
257011c5714b9c917cdd4a61d7b0e277bd4e1dc6	NA%NA%NA%NA%NA%NA	10
4a0ee0c22b460641bfdf7732a543b2bb77188d36	Arthropoda%Hexanauplia%Calanoida%Diaptomidae%Arctodiaptomus%Arctodiaptomus dorsalis	2
7933497d36ae372ea195c33fc3b14ce63424090c	NA%NA%NA%NA%NA%NA	10
7b3fe67c93a1e69b0a9c39fb069664f1eb87e56b	NA%NA%NA%NA%NA%NA	10
f283a211c9d4fa635879816190dc64b97ea7a7f5	NA%NA%NA%NA%NA%NA	10
8d7ba9ac4fe31bc9de2e7d9fbee369a520d4861b	NA%NA%NA%NA%NA%NA	10
5c65e39fcad87c7ed92c6765fea9328c766bb063	NA%NA%NA%NA%NA%NA	10
ed241b6f3db75f3b698a5fd685e8becb09f09d8e	NA%NA%NA%NA%NA%NA	10
401fad766af7957bcba16e9d17dff6341f9f7ff1	Basidiomycota%Agaricomycetes%Agaricales%NA%NA%NA	10
6c2ef6d760b3bdbeb827c3684cd8b5266904b5f7	Ascomycota%Sordariomycetes%Hypocreales%NA%NA%NA	10
3218f5b01307c7c37e20e1d22afd602562f3ef13	NA%NA%NA%NA%NA%NA	10
4ff770e0095dbcfdcf72e47cf19ef27f56b34f2a	Ascomycota%Eurotiomycetes%Eurotiales%Aspergillaceae%Aspergillus%NA	10
c6128145899d9b13111292068b3f4081b760b387	Arthropoda%Insecta%Lepidoptera%NA%NA%NA	10
9c52dd755e58712730b042033bbf0931e5ccabb0	Arthropoda%Insecta%NA%NA%NA%NA	10
93d88e205b8aa462239d3d733391ff5d7207501a	Arthropoda%Hexanauplia%Calanoida%Diaptomidae%Arctodiaptomus%Arctodiaptomus dorsalis	2
9472ffce2d1dbab820756095d528d5962d0ce601	NA%NA%NA%NA%NA%NA	10
745f586968c4f6184b67e5f04359f0d7eef55a2a	NA%NA%NA%NA%NA%NA	10
ae1c53d2289f2a0639fe1639f91eb2501a957361	NA%NA%NA%NA%NA%NA	10
a1721a743382d08518be5162dff2c1589d3b5aad	Ascomycota%NA%NA%NA%NA%NA	10
a28fad240cd49f89d021c7ad7b77afa8da841962	NA%NA%NA%NA%NA%NA	10
96a27889c4aed6db7e16629075eaf33126c023c5	NA%NA%NA%NA%NA%NA	10
d060467cfee8ed0830632b80aa26776c10cfd4c8	NA%NA%NA%NA%NA%NA	10
d6482e1eb9d2ad411915ed6d74e7003995adaf9a	NA%NA%NA%NA%NA%NA	10
e7e7bf1cb6b1a716791be0aa67a5427b1ae25fab	NA%NA%NA%NA%NA%NA	10
f1177f6c4cb29f723c010da22ceca312fc5816d1	Ascomycota%Sordariomycetes%Hypocreales%NA%NA%NA	10
fa30f17bdd61ea762468e0e78dfa2f75761a8f09	Arthropoda%Hexanauplia%Calanoida%Diaptomidae%Arctodiaptomus%NA	10
4dcf0429e7ec7f8c46681c55a12afbc77535bae8	Ascomycota%Eurotiomycetes%Eurotiales%NA%NA%NA	10
4b0d754e7e31d356efb575447cf91e412a095846	NA%NA%NA%NA%NA%NA	10
1cc49ef964d23b0a1b6629404febb436ae6c157d	NA%NA%NA%NA%NA%NA	10
4af9f15515fefec7c41288189d8e18f751d25c13	NA%NA%NA%NA%NA%NA	10
447f9356b42489d52cd5a724ed5583483a1f91a9	Ascomycota%Sordariomycetes%Hypocreales%NA%NA%NA	10
404eb7ffebf2d8277f8c70c4bd1d9d7497e2b70d	NA%NA%NA%NA%NA%NA	10
09fd4c6a764089da99207f607d9576f182eb0373	NA%NA%NA%NA%NA%NA	10
7fc57bdf4b0817d0dd8fa1f9bb7cb1ad4b333783	Basidiomycota%Agaricomycetes%Agaricales%NA%NA%NA	10
6ccddd691d808131d5316801957878fb5f59e8a0	NA%NA%NA%NA%NA%NA	10
c6a71c47b3b32aabf0682583d7edd966b2d54c03	Ascomycota%Sordariomycetes%Hypocreales%NA%NA%NA	10
b202c85c3415956283d033e3cb9f9677e35bf83b	NA%NA%NA%NA%NA%NA	10
b62fad3673ae3ccd8791f0a9122db024c613a37d	NA%NA%NA%NA%NA%NA	10
b80da0ad1703f77386c3034c4b03028acb6369e3	NA%NA%NA%NA%NA%NA	10
bbcdcb29ad4f4ea3fce5616757667e6f158f3652	NA%NA%NA%NA%NA%NA	10
c1c6d66bd2ffeb17fe184b7c5eec93dff7331f11	NA%NA%NA%NA%NA%NA	10
c461463a4c987bbdf53362757667a4c2fe193691	Arthropoda%Arachnida%Scorpiones%Buthidae%Odontobuthus%Odontobuthus doriae	1
c6f6ed2138f304627ce2dd8d3bb72bc00350de62	Bacillariophyta%Coscinodiscophyceae%Stephanodiscales%NA%NA%NA	10
84e28459107614bdf9830547259cb58341fec21e	Ascomycota%Eurotiomycetes%Eurotiales%Aspergillaceae%Aspergillus%Aspergillus nomiae	1
ffa44359ce33095d51b3e2d697af33cd16bb5214	NA%NA%NA%NA%NA%NA	10
880e00b7c0631143dbbaf077d196a34db3135bca	Basidiomycota%Agaricomycetes%Agaricales%NA%NA%NA	10
8ddf1292fa120adc781c46f01aee20cf3a16371d	NA%NA%NA%NA%NA%NA	10
afc093761d6b39bcf497737160f83b7af04da283	NA%NA%NA%NA%NA%NA	10
a7b6735494cb698f0f84e4ffd79c7029127238df	NA%NA%NA%NA%NA%NA	10
abc6c1bb73786f81ea6795e94e8553cfdb6dd200	NA%NA%NA%NA%NA%NA	10
abf2cffab7e54c926dc914f9b1627309820c38ef	NA%NA%NA%NA%NA%NA	10
ac528db8795e9ded4b88a1767a83c1b69063813f	Oomycota%NA%NA%NA%NA%NA	10
ac8aa18c4c156aba96dd4becae198aaf630583c6	NA%NA%NA%NA%NA%NA	10
e3c60a9d66a144571aa3830e5f7cbe64e35e7657	Ascomycota%Eurotiomycetes%Eurotiales%NA%NA%NA	10
992b58892ca6a50d68e5bf9fee718f1f47e0c08d	NA%NA%NA%NA%NA%NA	10
93755237c22d6c67b26cd1482f8b9d001dec43e0	NA%NA%NA%NA%NA%NA	10
9401b418b79d6a8ae20bbdac26c8dfda9cbc8e82	NA%NA%NA%NA%NA%NA	10
92b2a2cebd957c8cd5a32387d46268b24c66e3d5	Ascomycota%Eurotiomycetes%Eurotiales%NA%NA%NA	10
ef659c23d4fcd1c381d9362c05ce8d4d85f86302	NA%NA%NA%NA%NA%NA	10
ec6710369aab01a5accd1031f5d26c390d7ca2c3	NA%NA%NA%NA%NA%NA	10
eaf13d3e354c110a85b607ee563124f3945d87b3	NA%NA%NA%NA%NA%NA	10
e8401ade0e2791fd817afc95e73ba68430549ae4	NA%Phaeophyceae%NA%NA%NA%NA	10
e247f59303ca24276b81a6fbb648277826437a94	NA%Phaeophyceae%NA%NA%NA%NA	10
f1bf61c3354beef7f6fd84cddbe1b5fb7a189cdb	Rotifera%Eurotatoria%Ploima%Brachionidae%NA%NA	7
fd0908c55877a4679dbfedad399a7db08a0e93c5	NA%NA%NA%NA%NA%NA	10
f79686001aeb79ea5d3c1194f81c060ea6f80d55	NA%NA%NA%NA%NA%NA	10
856eef6991c4556cd2265d0a72955f7fe01d3674	NA%NA%NA%NA%NA%NA	10
85aee6693e77886fa3a2cc3b28aaf864c1f1b622	NA%Phaeophyceae%NA%NA%NA%NA	10
85cde898e74377b4907fd833180d0d5e268c0da3	NA%NA%NA%NA%NA%NA	10
85e624e6b16f1f7bf00214e1b767a087b257bb00	Ascomycota%Eurotiomycetes%Eurotiales%NA%NA%NA	10
fc74ab64f505719014ecf764e9a68b3f2ef8a885	Ascomycota%Eurotiomycetes%Eurotiales%NA%NA%NA	10
f2783868156c6f548db8cf57691aa658a3ce27f0	NA%NA%NA%NA%NA%NA	10
fc61ba4b6dba9a16b28f08a28cad95dd1dcb915b	NA%NA%NA%NA%NA%NA	10
f8f0ffa33bf905d2e4cb4e0d16aa72760ff9b5c9	NA%NA%NA%NA%NA%NA	10
f85a1ea1cf729f5367a909d22c95bafe0dc4e168	NA%NA%NA%NA%NA%NA	10
f9da55d4c4add7c12efac9cddeec7fa805f78ca1	NA%NA%NA%NA%NA%NA	10
9042015aff15e39e07ea871a71282b5478819087	Ascomycota%Eurotiomycetes%Eurotiales%NA%NA%NA	10
f28abb8ebe7cb4c877d29da898633a258c3d1499	Ascomycota%Eurotiomycetes%Eurotiales%NA%NA%NA	10
cad25dac54f34ef65b879f9ca37d733a384df631	NA%NA%NA%NA%NA%NA	10
ce84966be1403ebb7622988985c0e90e078a7b09	NA%NA%NA%NA%NA%NA	10
c99d3321c9dfd27bf1162f77dbba630f71e01f1b	Arthropoda%Hexanauplia%Cyclopoida%Cyclopidae%Thermocyclops%Thermocyclops inversus	1
d1eafdf42923c84ea08bfa2bc6269df6680b4aea	NA%NA%NA%NA%NA%NA	10
d3c09290d061c947af7d39317ac4fe19dbad1c80	NA%NA%NA%NA%NA%NA	10
d7f420b01e2c6383742af9f7fa6359ffe9e30c21	NA%NA%NA%NA%NA%NA	10
daaa98760aa35a098951c3d7ab000aaa1c1cf596	NA%NA%NA%NA%NA%NA	10
99500291b5f3af1028dfe62dfbe2cd50b2f66034	Discosea%NA%Longamoebia%NA%NA%NA	10
dcea432c27c338168353c6340c68698b691b4a4d	NA%NA%NA%NA%NA%NA	10
f042f85c74a37b834c8378409f1b554b09aeb0ec	Ascomycota%Eurotiomycetes%Eurotiales%NA%NA%NA	10
9f0d27fac72ca9fd36a7aa56e96f9ad5ff8e8abe	NA%NA%NA%NA%NA%NA	10
9cb01df368080faf67683d6fd23b74229266d361	NA%NA%NA%NA%NA%NA	10
f3e162de0254c92df8dcea0ec89fe0b6e39da877	Chlorophyta%Chlorophyceae%Sphaeropleales%Hydrodictyaceae%Hydrodictyon%Hydrodictyon reticulatum	1
2c315ca478668e2da1c1fe19fe391817bc39388c	NA%NA%NA%NA%NA%NA	10
23d9a8d6c771c4e55efee68582b7718626774548	NA%NA%NA%NA%NA%NA	10
27cd7434e536f76fcc60b26fc36e095a42f42eee	Ascomycota%Sordariomycetes%NA%NA%NA%NA	10
281028da1de8cc0c28ec674ed0fb7dc806ea098f	Ascomycota%Eurotiomycetes%Eurotiales%NA%NA%NA	10
2a03293e711010e0e6a97c622562a7587e260efd	NA%NA%NA%NA%NA%NA	10
2b656a573a0bf0741302f6b16d60c400e1744060	NA%NA%NA%NA%NA%NA	10
00990397b7a3de06cff0b67fd7b764d5e8929505	Ascomycota%Eurotiomycetes%Eurotiales%NA%NA%NA	10
2d1076c30f9cd2ed7caafb102792b2aba9bbccec	NA%NA%NA%NA%NA%NA	10
2ece8e7304034ee7fd0c1f1f02a768432dc5054b	NA%NA%NA%NA%NA%NA	10
308839845abeab7490dee878023bf429679b00ed	NA%NA%NA%NA%NA%NA	10
31bdf238ad61be049355e884f3d019c8f94111ab	NA%NA%NA%NA%NA%NA	10
1186859dcd02a65b0e9dcf2efb8878841f030b17	Ascomycota%Sordariomycetes%Hypocreales%NA%NA%NA	10
0216a0147a94df926f711a3c46e762f19de60706	NA%Dinophyceae%Thoracosphaerales%Thoracosphaeraceae%Thoracosphaera%NA	10
02ff55298cf7387288e24be71e3914522923fb50	Arthropoda%Hexanauplia%Cyclopoida%Cyclopidae%Thermocyclops%Thermocyclops inversus	1
033739242c1ae85844801171c28f7c1c65426535	NA%NA%NA%NA%NA%NA	10
0384950be225639096903fe0f888023176bc04e7	NA%NA%NA%NA%NA%NA	10
079a19f54463797415574a45ad3a84ef29d228f8	NA%NA%NA%NA%NA%NA	10
0e5ae87be9be146d40d64b58f44b98d56f8edc02	NA%NA%NA%NA%NA%NA	10
11c6d19394ea58034dad41891e08d49d3ebd9109	NA%NA%NA%NA%NA%NA	10
14b3d23ce27f34ec9e39eb5861de2bb9ebddbf49	NA%NA%NA%NA%NA%NA	10
175c1e33247a607c0384208a0272d380738d6838	NA%NA%NA%NA%NA%NA	10
18a904239761c6035db1ee7a5014febf250c4398	Rotifera%Eurotatoria%Ploima%NA%NA%NA	10
1c88b91ac05a3e3c00b3214b38363e7794e36c67	NA%NA%NA%NA%NA%NA	10
1d65231b27f8ed74fe726a6312879ab7eb97be0c	Ascomycota%Sordariomycetes%Hypocreales%NA%NA%NA	10
1e17b7ee67bbc0ad15136ca5ec5583f48122c9b5	NA%NA%NA%NA%NA%NA	10
1e9816c4e38e5a8b611a20d2a7150d486b1a9948	Ascomycota%Eurotiomycetes%Eurotiales%NA%NA%NA	10
444fa1ba35e98e2ef0b076eb2551a7e29180f14e	NA%NA%NA%NA%NA%NA	10
4cc7440bae80833a56d50ec059eae06efe3f5ed0	Ascomycota%Sordariomycetes%Hypocreales%NA%NA%NA	10
4dd00f4bcecef81ba319ee42d5c448b52f48571f	Ascomycota%Eurotiomycetes%Eurotiales%NA%NA%NA	10
4a6eb22336fc7c5c0e9c0ecf15b80a28f5c4459f	Chlorophyta%Chlorophyceae%Sphaeropleales%Radiococcaceae%Follicularia%Follicularia texensis	1
4a0eb72afeaaf53a270bba3e0f30e2826b2fdc7f	Ascomycota%Eurotiomycetes%Eurotiales%Aspergillaceae%Aspergillus%Aspergillus versicolor	2
4967c6f9f68040e7b1f6319f17cce63337c07473	Arthropoda%Collembola%Symphypleona%Sminthurididae%Stenacidia%Stenacidia violacea	1
46fc64a4d62afbc22981ea8c0d896d86daa5866a	NA%NA%NA%NA%NA%NA	10
5d320ff4fd4aba0a759e0adc15f940bee5041f0f	Ascomycota%Eurotiomycetes%Eurotiales%Aspergillaceae%Aspergillus%NA	10
70ab9c892584b781577b5ece0714cc4366b458cf	NA%NA%NA%NA%NA%NA	10
78ef281bb3b47706700c62b1a02e05131d802720	NA%NA%NA%NA%NA%NA	10
7e09a124ca24253a3eef8d0d66be45ecdace9f33	Ascomycota%Sordariomycetes%Hypocreales%NA%NA%NA	10
7e549a899249bb3d6a453428a5e2328d3fa64378	NA%NA%NA%NA%NA%NA	10
5414e36570ee387eb7623a21fb1496d3e339745e	Ascomycota%Eurotiomycetes%Eurotiales%NA%NA%NA	10
357093c68eb6d8bc02cbfff2b32ae0189705dcb7	Discosea%NA%Himatismenida%Cochliopodiidae%Cochliopodium%NA	3
370304bf8d7e82c7ba5378c3a80c3474976e496f	NA%NA%NA%NA%NA%NA	10
374a9c8f78c13afbb2b83291a2f89adef2215617	Arthropoda%Hexanauplia%Cyclopoida%Cyclopidae%Thermocyclops%Thermocyclops inversus	2
377cf43be49810c7f71fe125a332bf6ee31fd064	NA%NA%NA%NA%NA%NA	10
38523a410b80fa0669d46f73f956fe84a4e0ce70	NA%NA%NA%NA%NA%NA	10
678059af77dee5619afadaa03aeeceff80d41a95	Ascomycota%Eurotiomycetes%Eurotiales%Aspergillaceae%Aspergillus%Aspergillus nidulans	2
680556296f7b0f8c1bc75c1749bded21e921663d	NA%NA%NA%NA%NA%NA	10
6d59a56661acef63384ba7a8e3ce6ea29a99ff2c	NA%NA%NA%NA%NA%NA	10
64ad3c06a2bcfb664afe1c7f4b8ad9f0964c5fca	NA%NA%NA%NA%NA%NA	10
652133d92a4d94a65ac52138e0d47c7122b79f57	Discosea%NA%Himatismenida%NA%NA%NA	10
621f0c0b3e01fd355eabe105079dd5b800bb0068	NA%NA%NA%NA%NA%NA	10
3b501d08ba90f6dcaedb136f3dd2a8f6a37dd7a1	NA%NA%NA%NA%NA%NA	10
3e24b7f98ee1b12e90a0623bb4751e68e8ca9d20	NA%NA%NA%NA%NA%NA	10
51f9edf11ba57799bc75089afe8e41e8f58684ba	NA%NA%NA%NA%NA%NA	10
2e856b23c90b1b87a774c89e66d49dce41e5e23a	NA%NA%NA%NA%NA%NA	10
8705da7e311e9b8aea88db3e1f86bf8f92c8e79e	NA%NA%NA%NA%NA%NA	10
023da70affb0b7f8aeeccb469e98623bfd751126	NA%NA%NA%NA%NA%NA	10
4ec92605b744313eaecce46937d557e7df7649a9	Chordata%Actinopteri%Pleuronectiformes%Scophthalmidae%Lepidorhombus%Lepidorhombus whiffiagonis	1
f7f3525cd4a0e471ffc5638b1ebb5028f6e9a513	Chlorophyta%Chlorophyceae%Sphaeropleales%Pseudomuriellaceae%Pseudomuriella%NA	3
3e986c66272c8387657ebc647255d85c4ffa86c3	NA%NA%NA%NA%NA%NA	10
bbe8852247a096aed5603df913e2246a4f2293c6	NA%NA%NA%NA%NA%NA	10
b2c253aa137a9f4fa81c8538eaac3c18d7b5eed5	NA%NA%NA%NA%NA%NA	10
538c0977a7fd8a3d7e26c71b93d67225a32d8dee	NA%NA%NA%NA%NA%NA	10
d0e33657d8f85fa275154ca63848848e24352f37	NA%NA%NA%NA%NA%NA	10
7d667b34b10b3f2e95bc72708bdd9759483ff9f7	NA%NA%NA%NA%NA%NA	10
8ac4d7a46d2d60f69c0c14f7c2a159f00b8cfc7d	Rotifera%Eurotatoria%Ploima%NA%NA%NA	10
1ddeca085c46471963271afb71a44a5bfd8d512b	NA%NA%NA%NA%NA%NA	10
9b1540837d1734b43d4804fd2a1db84d1add91fc	NA%NA%NA%NA%NA%NA	10
26c1077db5ca9ec783c8afe78a3d8bd24f8b7495	NA%NA%NA%NA%NA%NA	10
275c162ab2d1c3ddaa60d7343691d3c67bd4b1ea	Mollusca%Gastropoda%NA%NA%NA%NA	10
42e41e74899801bb3d59532801c970384280acdf	NA%NA%NA%NA%NA%NA	10
7e9af5a0713e6b171dbd67e15a931f54984011db	NA%NA%NA%NA%NA%NA	10
31f691ebd0f4398413195bf91dc65793bad410df	Ascomycota%Eurotiomycetes%Eurotiales%NA%NA%NA	10
1d23834f634fe60594cf00f327510ca7357b9b74	NA%NA%NA%NA%NA%NA	10
47d2051ddd74c03ab986e563eb7cb0b58098ef55	NA%NA%NA%NA%NA%NA	10
7e29f6bd4c239d8a1900fc4a8f97b07eea93b8a1	NA%NA%NA%NA%NA%NA	10
8c25bd15037fd4c5ffdbd92d1502d28b93f525c4	NA%NA%NA%NA%NA%NA	10
ac4dae608a23e7a96d3dd5ba0965102704772ace	NA%Phaeophyceae%Ectocarpales%NA%NA%NA	10
2416efb2fe6010887a237ef1b187ed555fb68fd6	Apicomplexa%Conoidasida%Eucoccidiorida%Eimeriidae%Eimeria%Eimeria mandali	1
800b45a41426334357374ccbaf8a05043cf26485	Chordata%Actinopteri%Pleuronectiformes%Scophthalmidae%Lepidorhombus%Lepidorhombus whiffiagonis	1
653754dc5dd6b23b59e60a5057147076a62c8e13	Discosea%NA%Longamoebia%Acanthamoebidae%Acanthamoeba%Acanthamoeba byersi	1
82cd1a77406504fed1d33b5f202da7828bdb44b7	Arthropoda%Insecta%Diptera%NA%NA%NA	10
8507e2ff7a626f30b075fe2a16f2014b5f334b1a	NA%NA%NA%NA%NA%NA	10
a73151ac3140bd04efee97aff10547531e127e82	NA%NA%NA%NA%NA%NA	10
fc74950e98465f77ae6afde500e9c1d328b16198	Arthropoda%Hexanauplia%Calanoida%Diaptomidae%Arctodiaptomus%Arctodiaptomus dorsalis	2
c26029b21dc425829a4b68c0767ef84818729954	Ascomycota%Eurotiomycetes%Eurotiales%NA%NA%NA	10
ca8fa21af88946b13f2c1d623f6787cd6769fa77	NA%NA%NA%NA%NA%NA	10
260e287d0fe30819ca854e09acbd90ef2f167c60	NA%NA%NA%NA%NA%NA	10
bcfb88160c05c525d3e378d5574823c669172a3e	Ascomycota%Sordariomycetes%Hypocreales%Nectriaceae%Calonectria%NA	10
334f4d1002b4e44fb13b0d5acad500821d4fddb8	NA%NA%NA%NA%NA%NA	10
97285ef7df3a481add63a578930b35147bebdd52	NA%NA%NA%NA%NA%NA	10
776152e563aa9c50d25d49440396552106ca9e3b	NA%NA%NA%NA%NA%NA	10
84260e8fd5dbe6453ce9e4d97c7ba9db45a08441	NA%NA%NA%NA%NA%NA	10
c0fd35e06d14da7abc797713327bfc7dcbec9ffc	NA%NA%NA%NA%NA%NA	10
f19f99aa0306167929eace3803e0b8275a17e18a	NA%NA%NA%NA%NA%NA	10
f74020cb12fc2092e99ec49580e9d706a2ce0981	Ascomycota%Eurotiomycetes%Eurotiales%Aspergillaceae%Aspergillus%NA	10
c0228429215399127acc2fc2f3fc36b7542e90ec	NA%NA%NA%NA%NA%NA	10
2f6fe8345d317556507b71911f11e570dadbf273	Ascomycota%Eurotiomycetes%Eurotiales%Aspergillaceae%Aspergillus%NA	10
4dc839fa2a16bb4ddff05e03b9c00602af6cda2d	Ascomycota%Eurotiomycetes%Eurotiales%Aspergillaceae%Aspergillus%NA	10
302a7875b74fb56c1c126fcdc2adf22f0d0d7140	Ascomycota%Eurotiomycetes%Eurotiales%NA%NA%NA	10
3ad267b58612f9922ddae799756242ba99a5ec2d	Rotifera%Eurotatoria%Ploima%Synchaetidae%Polyarthra%Polyarthra vulgaris	1
55c76db2798865049a14d3f25f42bd3e46019820	Ascomycota%Sordariomycetes%Glomerellales%Glomerellaceae%Colletotrichum%Colletotrichum gloeosporioides	1
58883dd392d0b801534555873c8295faef3f704f	NA%NA%NA%NA%NA%NA	10
5c522af108f5b9a2b9a3484d2e43e41a2e89dbe4	NA%Phaeophyceae%NA%NA%NA%NA	10
d90fac0dec3ba758fa11410aecd6d0638c0bc312	Ascomycota%Sordariomycetes%NA%NA%NA%NA	10
d67fb042ccc509d96a25e60a54dd576a0d3d9e49	NA%NA%NA%NA%NA%NA	10
bdaaff1fbfc1fe61f7b50233ce0739a3dea3e7e1	NA%NA%NA%NA%NA%NA	10
bb6264822060a6c7cd3809980508f2914d8fc14a	NA%NA%NA%NA%NA%NA	10
c01feb7ab51b080029b333369e3ff8a5c716a190	Ascomycota%Eurotiomycetes%Eurotiales%NA%NA%NA	10
abbaed798d2cb5c8d19ae4dcad832d6923b735e0	Oomycota%NA%NA%NA%NA%NA	10
a8b5e876038f8cee85b36aeee3b0a5f31d7a631a	Ascomycota%Eurotiomycetes%Eurotiales%Aspergillaceae%Aspergillus%Aspergillus nomiae	1
a954eb34e7c69f36b41288b684c4b65603498cff	NA%NA%NA%NA%NA%NA	10
a96e81028b3eee74f27ae0e185a9fa5570225d4c	Bacillariophyta%Coscinodiscophyceae%Melosirales%NA%NA%NA	10
a470fd3b9075976412b6b6a5361ca92e69e8189e	NA%NA%NA%NA%NA%NA	10
a13fd356b83fcec6f80fb5d39bc72d806259ded7	Ascomycota%Eurotiomycetes%Eurotiales%Aspergillaceae%Aspergillus%NA	10
a289baffd650b6ba54ca3ae907245cc51fed235d	Bacillariophyta%Coscinodiscophyceae%Stephanodiscales%NA%NA%NA	10
97402273c4f88ffa22272859c7f5933aa46288ce	Ascomycota%Eurotiomycetes%Eurotiales%NA%NA%NA	10
95fdb82a6856d1255d55ac7cf00a5afb40ff54e7	NA%NA%NA%NA%NA%NA	10
95aed2311db502a7bc5a90f63050286a763fd337	NA%NA%NA%NA%NA%NA	10
7c40c226ddd7c83700fb9608c60af331d9c232ad	Arthropoda%NA%NA%NA%NA%NA	10
fb6daca86e6becbb95db6669b4616c8fd9a16b9d	Ascomycota%Eurotiomycetes%Eurotiales%NA%NA%NA	10
8bbb3194ccc10f1a5b6071218a447d5d95aae967	NA%NA%NA%NA%NA%NA	10
e59809752ac6e697506b00bff263e23364fac332	Ascomycota%Eurotiomycetes%Eurotiales%NA%NA%NA	10
e402b8ff0d432f4efdce2cc950e248de3a5b04c5	NA%NA%NA%NA%NA%NA	10
e2de7711273c3e4216f3cb12eb42ce76395491ab	Arthropoda%Malacostraca%Amphipoda%Gammaridae%Gammarus%Gammarus lacustris	1
eb73a35f37215abfcca0d34be230e6cf5bf8dc95	Mollusca%Gastropoda%Ellobiida%Ellobiidae%NA%NA	7
8ac325c200ae31fac82462916ec4cf061b2fa85b	NA%NA%NA%NA%NA%NA	10
894f1e81f116ea2e333e95ae2e8796ca14b69422	NA%NA%NA%NA%NA%NA	10
ee402ae2f73037e211fff9c4b95781130e643ad5	NA%NA%NA%NA%NA%NA	10
83dcb9533b67110059fabba7e794ec64f21ea834	Ascomycota%Eurotiomycetes%Eurotiales%Aspergillaceae%Aspergillus%NA	10
ef7dc65a697004b3e3ef565767619e5059a5e8d4	NA%NA%NA%NA%NA%NA	10
cc4b1f49224d254f6945519ba51486d94cf7ebb9	NA%NA%NA%NA%NA%NA	10
c51300cfd57a3783898c5ae0c1470323bb9d6de3	NA%NA%NA%NA%NA%NA	10
c24c791a6cf85ee7635c052d6394e017a350091a	Ascomycota%Eurotiomycetes%Eurotiales%NA%NA%NA	10
db2009f04ad6bbb4c3020788bda71b29b78cecff	Ascomycota%Eurotiomycetes%Eurotiales%NA%NA%NA	10
d8ed183c966877b5c28a49303eb18cb7563df1ca	NA%NA%NA%NA%NA%NA	10
313718b1627da76c24669838fc1d3bd3d316f7c5	NA%NA%NA%NA%NA%NA	10
349ca75bee19fe573c6e42b8ff8f3c00c82fa764	NA%NA%NA%NA%NA%NA	10
3cb8d3827221697ef5fe9a141dd26200881651fd	Arthropoda%Hexanauplia%Calanoida%NA%NA%NA	10
421e78838343c2a1d011510eb3da908f8c8544bd	NA%NA%NA%NA%NA%NA	10
47ad1376df53bbbfb57bd7bb31539027497436c3	NA%NA%NA%NA%NA%NA	10
1afa359607e89cd050bdf00fe3c72d7c8d919be6	Basidiomycota%Agaricomycetes%Agaricales%Psathyrellaceae%Candolleomyces%NA	10
1895abcad93d4a95d207b80bba2a5c7f482f3dda	NA%NA%NA%NA%NA%NA	10
15464547cc75abcbaed2e35da90344149c99bd4b	NA%NA%NA%NA%NA%NA	10
1115798a5b33bf7bc525f5d15f49761513c8b6c8	NA%NA%NA%NA%NA%NA	10
27c8ae3909d91f0bb6ceafa9e5a21fef5e18f6fe	Ascomycota%Eurotiomycetes%Eurotiales%Aspergillaceae%Penicillium%NA	3
2376622b6bb1f5145613e26b68120613c8ad4369	Ascomycota%Eurotiomycetes%Eurotiales%NA%NA%NA	10
0bcf741eea736a6b8fb25c4509bbb9e28248cec8	NA%NA%NA%NA%NA%NA	10
0568068d559a04e4ddd0fb7c8ff86ff5d0141e8e	NA%NA%NA%NA%NA%NA	10
00a08fc87b54d1acc073cd55141a4e6d93e26237	Ascomycota%Eurotiomycetes%Eurotiales%NA%NA%NA	10
6abf2d822e22d6c0d9f408b8354e05760d22819b	Ascomycota%Leotiomycetes%NA%NA%NA%NA	10
67f824944fd44609f787ee6308b6608969ed6726	Bacillariophyta%Coscinodiscophyceae%Stephanodiscales%NA%NA%NA	10
6364dc83b0600761ac8ba346b868b2c7a74a37b3	Ascomycota%Eurotiomycetes%Eurotiales%NA%NA%NA	10
61a600d425a46af8712d5f9487f7dd94d520159f	Ascomycota%Eurotiomycetes%Eurotiales%NA%NA%NA	10
6b8e3187a833e110f45fed86f6dbab934dbf119c	Ascomycota%Eurotiomycetes%Eurotiales%NA%NA%NA	10
6c475b81b886ec9be21d9dd55bf91af1261870be	Arthropoda%Insecta%NA%NA%NA%NA	10
6e9ad715acf884917564027c0314943dce1e800b	NA%NA%NA%NA%NA%NA	10
717ef1c6b057ec6844c5d75be419fc349f1d0de1	NA%NA%NA%NA%NA%NA	10
73c62b4a3afb16973ebc5c0391e9b9452763425e	Arthropoda%Arachnida%Trombidiformes%Eriophyidae%Phyllocoptruta%Phyllocoptruta oleivora	1
73fd8cbaef2d6de716786ef10065dc5446c22189	NA%NA%NA%NA%NA%NA	10
74a970a9ed827771fe57dc56e3cbd8620fd9daa3	NA%NA%NA%NA%NA%NA	10
774ad0ea7ee1c09b4bb1aba77741c45fcb9ccc47	Ascomycota%Sordariomycetes%Hypocreales%NA%NA%NA	10
7aefbf5c8d45e9c94de64e0c4e806c5efd52966a	NA%NA%NA%NA%NA%NA	10
5e653eaf9e9f24d806a21aee4b93982016e5e530	Ascomycota%Sordariomycetes%Hypocreales%NA%NA%NA	10
5bcd8e2fbdb14bbb1ba35dfaefc9a3e3c7dd7239	NA%NA%NA%NA%NA%NA	10
56bd26cbb28189639e558e91dd29bb80b2edc702	Ascomycota%Sordariomycetes%Hypocreales%Nectriaceae%Calonectria%NA	10
51b17c7ce2cc089e712892d14ca788848a548104	NA%NA%NA%NA%NA%NA	10
50d68301ebb3bf9df1b6452f614b25d9be6dc406	Arthropoda%Malacostraca%Amphipoda%Gammaridae%Gammarus%Gammarus lacustris	1
65062b100f41abb21928ada88640bffe4f15de8a	Arthropoda%Arachnida%NA%NA%NA%NA	10
713bfbcd69d5181d4413afc09ec9bf72ed521825	Mollusca%Gastropoda%Stylommatophora%NA%NA%NA	10
06abf11460b1d3c3b2009a931795721df5f64b9b	NA%NA%NA%NA%NA%NA	10
c717f93f1767b6466d607ec0e8dc38d5542b9849	Streptophyta%Magnoliopsida%Lamiales%Plantaginaceae%Plantago%Plantago uniglumis	1
4014ef45261a0426eb541b7e595c524d9501b4a8	NA%NA%NA%NA%NA%NA	10
b19a192b759c1f1e3e7cbf5579212a20a3c1491b	NA%NA%NA%NA%NA%NA	10
15baed7370ef9e9a04d30625c0add0da69cf0f8d	NA%NA%NA%NA%NA%NA	10
5bf1812dee09a92236afac327a79234d37f8cfb9	NA%NA%NA%NA%NA%NA	10
da808c5d7cf11f7ac381151d40e4df224b029807	NA%NA%NA%NA%NA%NA	10
60b96624e777ea5f776555f53d72a62f8b1342e4	Arthropoda%Insecta%Coleoptera%NA%NA%NA	10
fcb384f858260744909fcb5eaa95ecde7c6f4298	Ascomycota%Sordariomycetes%NA%NA%NA%NA	10
fea936bf20717bcced9634c093466418686b09a3	Oomycota%NA%NA%NA%NA%NA	10
9a0fc0aa950d158a8da91d01c018ffba708b24d9	Ascomycota%Leotiomycetes%Chaetomellales%NA%NA%NA	10
e2ab7167c7cd1187f9bbb852cd80ce8c07f310dd	NA%NA%NA%NA%NA%NA	10
38f29c71e1c999783144d2e0584391dde55801d9	NA%NA%NA%NA%NA%NA	10
7834cd2b4801a75456f2399427f84eb665dbaa09	Chordata%Mammalia%Artiodactyla%Phocoenidae%Neophocaena%NA	10
d0edeb72094bc8d75a273d3514fb414986fc4caa	NA%NA%NA%NA%NA%NA	10
dbd6c902933be7947337d0ecb60b3a2b171f9952	Basidiomycota%Agaricomycetes%Agaricales%Psathyrellaceae%Candolleomyces%NA	10
248f21df5d1290827b8fd9d6e4eebd9f4e53839f	NA%NA%NA%NA%NA%NA	10
9543aa7139245187f9375f7ec47eb8e34b3a59e5	NA%NA%NA%NA%NA%NA	10
5716a0fb9848474d6af2205875abe9ebcffbd95a	NA%NA%NA%NA%NA%NA	10
5ad794862bf94138330c89045bd4efeda6ad58ac	Echinodermata%Crinoidea%Comatulida%NA%NA%NA	10
88b1a089dbe3eff371963a2cb69ca54d15443a87	Basidiomycota%Agaricomycetes%Agaricales%NA%NA%NA	10
97bfdd12110b4f1d47476222478e081b82c8c1e2	NA%NA%NA%NA%NA%NA	10
378469f37172d8d7b03356629c395c06c550d12f	NA%NA%NA%NA%NA%NA	10
f71febcbf3b98363add83b4e6c170437cd412d8d	NA%NA%NA%NA%NA%NA	10
7148a6329b25bf1a590d7b4bc04760f05bb4e226	NA%NA%NA%NA%NA%NA	10
c44e9be0a9ed7a37fc533fba9887e89a996af098	NA%NA%NA%NA%NA%NA	10
8d29e9f7fdde438f6f96625e73c52b7b9b7ad838	NA%NA%NA%NA%NA%NA	10
5e673a42a4feed78549910053949eab579009d7b	NA%NA%NA%NA%NA%NA	10
39129e969c8f51113be24d19afef532ee4dc0952	NA%NA%NA%NA%NA%NA	10
6fda91dece022471a75dbbf90c20b0eb08181751	NA%NA%NA%NA%NA%NA	10
2057418d6122e578c0090d57c6f8415d39f4af7d	NA%NA%NA%NA%NA%NA	10
03eb495896eba5566f929226c18ecdadf13474fc	Ascomycota%Sordariomycetes%NA%NA%NA%NA	10
36cea477723fe94a4af5e83b5c33db2a3f1a2335	Ascomycota%Sordariomycetes%Hypocreales%NA%NA%NA	10
3762e8522b6b5de55ba2c786ed2ef8591fe25057	NA%NA%NA%NA%NA%NA	10
41dff7d02e78c38952ad67fb5c8eb8016f2bcbcc	Mollusca%Gastropoda%Stylommatophora%Chondrinidae%Chondrina%Chondrina calpica	1
552ced75ec29b439792092da44ec46b25708d21d	NA%NA%NA%NA%NA%NA	10
58f915a0d253a77b4bd32b67a08fe59069082f94	NA%NA%NA%NA%NA%NA	10
da2bd698333bbb5d3ac681b2218f33bb94dde79c	NA%NA%NA%NA%NA%NA	10
004857638eee7c3cc4ad382d3be193517da6cc6d	NA%NA%NA%NA%NA%NA	10
4c445d18fde37d880c1184c26720ee3e06db345d	NA%NA%NA%NA%NA%NA	10
de6b3cd85416c557b70c5f4458d8bcff211b7771	Nematoda%Chromadorea%Rhabditida%NA%NA%NA	10
aef7130ad71d516afd2b9dc1d206041e229da506	NA%NA%NA%NA%NA%NA	10
3d4690828c0779b5fd13bcf192d7e42601480f64	NA%NA%NA%NA%NA%NA	10
a125fbf9fac96a60759792b8727b3dfd7db4173a	Ascomycota%Sordariomycetes%Hypocreales%NA%NA%NA	10
833fb6e0adfac0943ec7fe6fbb602f18231a9258	NA%NA%NA%NA%NA%NA	10
917a1657c978dc46802b15cb2fec74194962da10	Ascomycota%Sordariomycetes%Hypocreales%NA%NA%NA	10
708b3434bcbe6d7209aa1fe1743180c7bab1ccc8	Ascomycota%Sordariomycetes%Glomerellales%NA%NA%NA	10
ecf7b3e5b74e7f368ac365609e7699ea13635b7c	NA%NA%NA%NA%NA%NA	10
621bf5107c9e04fc1323deb283a8f70f0eb198cc	NA%NA%NA%NA%NA%NA	10
aef02415d8cf082cb341f115d5f805d4742ebb48	Ascomycota%Sordariomycetes%Hypocreales%NA%NA%NA	10
be5fcd1fecd68b926cec212ad044329328780a3b	NA%NA%NA%NA%NA%NA	10
b3711a34d3ad68d4fa4fd6593ade7eea6d9abc27	NA%NA%NA%NA%NA%NA	10
a8f32b058f2dc38abce8d7b34ecbff0e7d33d372	NA%NA%NA%NA%NA%NA	10
a47ba9ed9b3fb83b66d1f6e89083ee91d630f5a7	NA%NA%NA%NA%NA%NA	10
a55b7dc4a68f9b39714aa95b242785e3a798d966	NA%NA%NA%NA%NA%NA	10
a1e495d85ef8fd45222456965245e4fbafba13d0	NA%NA%NA%NA%NA%NA	10
e6b86d41fe62820c93c1db439fbb2fbfc092d2ef	NA%NA%NA%NA%NA%NA	10
f42b33f3fa77157ae94e028bd926e4d7854bd404	Ascomycota%NA%NA%NA%NA%NA	10
9f1116c2be2cdc5320c65278343399b83e267b86	Basidiomycota%Agaricomycetes%Agaricales%NA%NA%NA	10
9b51744071a7aa4b051a006d84411ff530aa17e1	NA%NA%NA%NA%NA%NA	10
99a99eda1eb93732be7556634c7a497ddbd1c7b5	Mucoromycota%NA%NA%NA%NA%NA	10
f760478d419dab11ae67bb3616fc7ac9ee30f888	NA%NA%NA%NA%NA%NA	10
ce9ac55273289e518116823a8be225cb53b8fb83	NA%NA%NA%NA%NA%NA	10
c49e8e7ab1e255e8cbc5864e924f6266ef1ad3fe	Cnidaria%Anthozoa%Scleractinia%Caryophylliidae%Gardineria%NA	3
d7e59025f0f289fec813170a9e6888b723700780	NA%NA%NA%NA%NA%NA	10
d1adaf7e8cad64d7e5d7aa1449eea2458aa5bf85	NA%NA%NA%NA%NA%NA	10
2eb4a415e99db223501dd73384cb3fd1b1cc7320	Porifera%Demospongiae%Tetractinellida%Theneidae%Thenea%NA	4
22aebf3f27e8d0935a67cbe068344b4f797fc5b9	Ascomycota%Leotiomycetes%Thelebolales%NA%NA%NA	10
26571844d608e75f1aa2dd48bcdf90c8101c710e	NA%NA%NA%NA%NA%NA	10
29d9b2791fa10138d2a9bab14b7466d8a288b202	Bacillota%Bacilli%Lactobacillales%Aerococcaceae%Aerococcus%Aerococcus urinae	1
2fdf066aad3833465e15023d93bac2485393cb88	NA%NA%NA%NA%NA%NA	10
39e6d91619d4de11bcb2e57d023a4bed69aa89e7	NA%NA%NA%NA%NA%NA	10
338d62cb7b2723e307650669bbd4c6e0053031fe	NA%NA%NA%NA%NA%NA	10
3e841d1591bb3ea87791b404d89d90a91a081e77	Basidiomycota%Agaricomycetes%Agaricales%NA%NA%NA	10
0b5f6f19de6a08d0d4e3a64af2c5e40e8850ca04	NA%NA%NA%NA%NA%NA	10
0a5c2cb1ba0c57dcbdcda1ddb156aba4215f8d6c	Ascomycota%Sordariomycetes%Hypocreales%NA%NA%NA	10
0a0aca63612c422bff23f27e6d4ab6a0dbc5cbd9	NA%NA%NA%NA%NA%NA	10
0207a8f197f35ca130183083f46988bad9482d67	Rotifera%Eurotatoria%Ploima%Brachionidae%Brachionus%Brachionus plicatilis	2
188384e21579cc573608cd6c5873c371902eca87	Ascomycota%Eurotiomycetes%Eurotiales%NA%NA%NA	10
676bc331feedab5176b025f8aa4264ac69177f7b	Ascomycota%Eurotiomycetes%Eurotiales%NA%NA%NA	10
500ab901cdd27e6015cd950e05444ac24021477b	Bacillariophyta%Coscinodiscophyceae%Thalassiosirales%NA%NA%NA	10
521e5e1578cd499b34d520b0d58df2b1fdd0e7a8	NA%NA%NA%NA%NA%NA	10
6d62b4c6b2081eebb381fe7c788fc6ddecc20a86	NA%NA%NA%NA%NA%NA	10
8a3aa4ef8c6893de943d51eaaa8799e960afdf11	NA%NA%NA%NA%NA%NA	10
654772163bd2962d8027458202066648efe3a5eb	Mollusca%Gastropoda%Nudibranchia%Dendronotidae%Dendronotus%Dendronotus venustus	1
4d6cb14fcb51273479f09c7c68c66cd92f51cb0c	NA%NA%NA%NA%NA%NA	10
485e2a19d9d019d3491b80c7f5bbea019c3e3892	NA%NA%NA%NA%NA%NA	10
7e207dcdfe74b56da7e147a731e0caa9a45ec598	NA%NA%NA%NA%NA%NA	10
cecfc43c0b144c6f7dcc3cbfcdb22d764a33fa53	Bacillota%Bacilli%Lactobacillales%Aerococcaceae%Aerococcus%Aerococcus urinae	1
c246fef532c4faef319ec662c66381426a5490f7	Oomycota%NA%Peronosporales%Peronosporaceae%NA%NA	7
e7791e924d0cface755eedf1ca7b38c83c79da27	Basidiomycota%Agaricomycetes%Agaricales%NA%NA%NA	10
90ede6dd059c8690bb2ec0109e8d763cfe0a67fd	NA%NA%NA%NA%NA%NA	10
1f2eb5cf5f498ee9950dc4e9ea561fd3fe0d31d1	NA%Phaeophyceae%Ectocarpales%NA%NA%NA	10
b3706f3a40bd7a2a829bd05ecb81bfd20823155b	NA%NA%NA%NA%NA%NA	10
cc9ec45614ca2cbf87419742b6105c0dcda58061	NA%NA%NA%NA%NA%NA	10
9f0af133faf6ecf6480b9da2d37519b9d8a08122	NA%NA%NA%NA%NA%NA	10
99b06b998f9bfd9f66ff22c4a4e3306047fabf75	NA%NA%NA%NA%NA%NA	10
44a9e798473736c7a3286231606707a169e60d99	NA%NA%NA%NA%NA%NA	10
583105aaca27ae60fb37b7f2916395e70f6d43a5	NA%NA%NA%NA%NA%NA	10
1117a81caeed54e304f3d3070fae11e85d6b647d	NA%NA%NA%NA%NA%NA	10
5057dde1c7a6e072710a4b1d17e89e9dc8001f66	NA%NA%NA%NA%NA%NA	10
605ad3ced63025928020ba0cedd8a6227051fab9	Chordata%NA%NA%NA%NA%NA	10
caa0007fa7b730daef62661feab922383cf5c4ca	NA%NA%NA%NA%NA%NA	10
bacdfd9f8f091c73fc1c10345caae04a5e0ae7fb	Mollusca%Gastropoda%Nudibranchia%Dendronotidae%Dendronotus%Dendronotus venustus	1
b3918aa70160f9dce420ea29b3b2433c3f7c4cdd	NA%NA%NA%NA%NA%NA	10
3acc87a9333644de65994179554e3062633606e4	Ascomycota%Sordariomycetes%Hypocreales%Nectriaceae%Fusarium%Fusarium decemcellulare	1
1e1d5a33ffbd75a74b020da6246926ba26c34de4	NA%NA%NA%NA%NA%NA	10
29b2bea038c9890de8bad89cebaa4b45bdc73df1	NA%NA%NA%NA%NA%NA	10
510463f272b51a94e32418ef42b35dc5f2b78a62	Mollusca%Gastropoda%Stylommatophora%Hygromiidae%Kovacsia%Kovacsia kovacsi	1
975fe3793ca69a91c3e9fde4202b924ed1acf95e	NA%NA%NA%NA%NA%NA	10
a3a7b5b6a3afda6245d8be4993691b0b886b6581	Basidiomycota%Agaricomycetes%Agaricales%NA%NA%NA	10
a3dc649501db350035a10cc5f303cfee36dc763a	NA%NA%NA%NA%NA%NA	10
a45248ba60ab93655f081abfb01fd4b76c3f4ef8	Ascomycota%Eurotiomycetes%Eurotiales%NA%NA%NA	10
aeaa1222b88ba574dd891492dc284361cf4ab53b	NA%NA%NA%NA%NA%NA	10
b8664c165410df357cb4af67fa83dfa35050d833	NA%NA%NA%NA%NA%NA	10
b873f4cb04a1fde2ff2ffda359e8343845a486b6	NA%NA%NA%NA%NA%NA	10
bb085a067a5d0b8df3cb274f9f2ddd1ee0c3f1af	NA%NA%NA%NA%NA%NA	10
bcaa57e026fd704122c3e713a9dccfad0aceeb63	NA%NA%NA%NA%NA%NA	10
bd83678a81b3f3ca3af4bea4a576aeb4c6ac71dd	Ascomycota%Eurotiomycetes%Eurotiales%NA%NA%NA	10
7ce52b2013e29ab159b88e82579cac07ac71e2e5	NA%NA%NA%NA%NA%NA	10
987c96246c53d3cee7706d8cbfa433ad690c5cb4	Basidiomycota%Agaricomycetes%Agaricales%NA%NA%NA	10
fda62968a4e7942cfec42fc3ab3c9f7588ab734f	NA%NA%NA%NA%NA%NA	10
8e122cb32d09445bb447eae10f92ed55f021b27e	NA%NA%NA%NA%NA%NA	10
9228decdf12f64100d3f936d15cceb321874b50b	Ascomycota%Dothideomycetes%Cladosporiales%Cladosporiaceae%Cladosporium%NA	10
9865bab95b01c4b27ded45c1eab5776a6fd32cf9	NA%NA%NA%NA%NA%NA	10
9c4c7db267bcd5052f0664fb162e62c5144ace98	Arthropoda%Insecta%Diptera%NA%NA%NA	10
ecf8cdd8d1f6b6f673411e8be1cc19b686564059	NA%NA%NA%NA%NA%NA	10
86f5cddcc4aa08b383600ae3c2fe073897767e51	Arthropoda%Insecta%Thysanoptera%Thripidae%Frankliniella%NA	3
82af622b0051016fda94959faa29246aefb36fc7	NA%NA%NA%NA%NA%NA	10
c3e2d825746f0f28cd141567b5b461d5076a09bc	NA%NA%NA%NA%NA%NA	10
c593664421c170e8cf028d1f7584e2d663f95bc8	NA%NA%NA%NA%NA%NA	10
c80bdf9e494ab7d55da2e17d3d79f1db447f662e	NA%NA%NA%NA%NA%NA	10
cad0719169d28d9fc2b71ef4e051a598d1e1da6d	NA%NA%NA%NA%NA%NA	10
d3838762627a9af092cff4a52b130fdf4fa5df81	NA%NA%NA%NA%NA%NA	10
d980288d89e1df037df4a8d741ba89a4f776c287	Chordata%Mammalia%Primates%NA%NA%NA	10
2fd1849752261c1b0122936ca5e138b3a49e2991	Ascomycota%Sordariomycetes%Glomerellales%NA%NA%NA	10
30596085aa5111912771ede0d69dd2d08ae04858	Ascomycota%Dothideomycetes%Cladosporiales%NA%NA%NA	10
376163bc0ad6fa306921cfde985a3bef43dfccb9	NA%NA%NA%NA%NA%NA	10
3a7a56100f01c16d684af0ad01c6988df21e9d70	Discosea%NA%Himatismenida%Cochliopodiidae%Cochliopodium%Cochliopodium kieliense	1
3b4e6919bc8ab87f74b278c60441d2ef736506fc	Ascomycota%Eurotiomycetes%Eurotiales%Aspergillaceae%Aspergillus%Aspergillus campestris	2
0d997ffc90e71fc179968a8a183aa01bd9d6219b	Ascomycota%Eurotiomycetes%Eurotiales%Aspergillaceae%Aspergillus%NA	10
012989224fce2e5210fd2e3f2c279063e3f3ceb9	Arthropoda%Insecta%Diptera%NA%NA%NA	10
01cafa565674b49887ba12a18d8e4971d5a981c4	NA%NA%NA%NA%NA%NA	10
03ae17de7f3f2834ddfead710e0968830a24eedf	Arthropoda%Insecta%Diptera%NA%NA%NA	10
03c99cd79ed537c9608ccf5d209e228ad7274765	NA%NA%NA%NA%NA%NA	10
096826f9d47d61abbe371072102b12e214b883e1	Arthropoda%Insecta%Diptera%NA%NA%NA	10
164a99631bf5828c71feefe5f270cae0cdab85ed	NA%NA%NA%NA%NA%NA	10
19b6700b987e7ef34e8350d7fe4ef8043c146c42	NA%NA%NA%NA%NA%NA	10
1c133ec4eaa6aea1cb5fc254b5d4cefd1930e319	NA%NA%NA%NA%NA%NA	10
6293b2313e52ca2d5030da5c59502c2151d2f833	NA%NA%NA%NA%NA%NA	10
62ede664a4a6cb578d28fd316119bfe5bd2dd8d4	NA%NA%NA%NA%NA%NA	10
65548007d17782d10c28c307d7faaf235a38bb0f	NA%NA%NA%NA%NA%NA	10
69af19af90458e35af92be30f15ed1e5a5119be4	NA%NA%NA%NA%NA%NA	10
71886c35c18cba391e9c5d8cc7e0ca8c0aab087a	NA%NA%NA%NA%NA%NA	10
719d348a573e71c81cebe52071d058b69c0ae1a2	NA%NA%NA%NA%NA%NA	10
77c67b0ef408eca2920fe7eada0ddc96bc74a4ce	NA%NA%NA%NA%NA%NA	10
7a46a24ab802d8802a1da6ef4b91c21848cc53e0	Rotifera%Eurotatoria%Ploima%Brachionidae%Brachionus%NA	3
7c05e315de3050a118dd5978193696f1c36ab29f	Mollusca%Gastropoda%Nudibranchia%Dendronotidae%Dendronotus%Dendronotus venustus	1
417907ce0ff7ba62d3a6f5e17e1cf9114a17c938	NA%NA%NA%NA%NA%NA	10
482cbd3a028cc49e050d08ce3396bdb6eb49f0f9	Mollusca%Gastropoda%Nudibranchia%Dendronotidae%Dendronotus%Dendronotus venustus	1
4c116bb106150a778c4dc2e7d9cb4c0526131c70	NA%NA%NA%NA%NA%NA	10
4e38b26ba0fbec0b0829a9fef79a15ee6b348502	NA%NA%NA%NA%NA%NA	10
4ed8dbba6b78dec563d91b5c89babab74156aa97	Arthropoda%Insecta%Diptera%NA%NA%NA	10
52f4b3edaa826cea57524813267309c1e799da2b	NA%NA%NA%NA%NA%NA	10
5cd4175b36c063d2662f872406374449cfa205ee	Arthropoda%Insecta%Diptera%NA%NA%NA	10
5dd54d1c2056fcbe13c30b531c6ab7b203c6c9f6	NA%NA%NA%NA%NA%NA	10
59633474468fe27ac9e0e1cb8c3a574cf4e9e8f5	Ascomycota%Leotiomycetes%Thelebolales%NA%NA%NA	10
c5cf9cdc531a8e24a2d661cf73a88f0b8e480642	NA%NA%NA%NA%NA%NA	10
2006d58b8b887390db07e9ab96c7420ba59f69a5	NA%NA%NA%NA%NA%NA	10
f608177a0586816893f3f775c667fe6a48a024f5	NA%NA%NA%NA%NA%NA	10
ea1353e0e732af57200abd4c4be4411d58e9a00d	NA%NA%NA%NA%NA%NA	10
44e2060f1aef32bb8c1cb0dfc1936dbf44188678	Cnidaria%Anthozoa%Scleractinia%Caryophylliidae%Gardineria%NA	3
0c309ade024bb735015389246be44a7e33be697c	Mollusca%Gastropoda%Stylommatophora%Hygromiidae%Kovacsia%Kovacsia kovacsi	1
29c04307ff79ecc4426b9c17d8c70f2abbf6fd0e	NA%NA%NA%NA%NA%NA	10
ada228c7921f578ef6f92fa51f2ab9443d3f0d09	NA%NA%NA%NA%NA%NA	10
a78d745ae383625f98f22e98cc818e05ee389645	Ascomycota%NA%NA%NA%NA%NA	10
7f84269b64ad36f2b28a93b8a7984d883ba69a41	NA%NA%NA%NA%NA%NA	10
b2ec36e72bc5d63a7ade055231cc560b4b02f6ea	Pseudomonadota%Betaproteobacteria%Burkholderiales%Comamonadaceae%Pseudacidovorax%Pseudacidovorax intermedius	1
5b0cb45c14d3b5e7b9a54053005fcc8f1077a357	NA%NA%NA%NA%NA%NA	10
c312963723f7971f1b1c6b62451159a687594bb9	NA%NA%NA%NA%NA%NA	10
7a06b7a331e0c8cd2a3fcad998bb2f0f5a14694d	NA%NA%NA%NA%NA%NA	10
973fb1531f172411ba7acbd2918229606713b921	NA%NA%NA%NA%NA%NA	10
a7413da2b46bc2d12559ebc6fbdf76bf5e7c63b9	NA%NA%NA%NA%NA%NA	10
cd610f9b58b930fa92d64701ce227a03856da803	NA%NA%NA%NA%NA%NA	10
8c23467b4f26da03bd65e4f09517a300b2763ca6	NA%NA%NA%NA%NA%NA	10
6930d768669d7301b1ec75aa4de9d79635e4e7e3	NA%NA%NA%NA%NA%NA	10
1f137fa1b33362b80bd295d740fcdada751ccbf6	NA%NA%NA%NA%NA%NA	10
3fa3d80d8d544c080efc9d1372da2a7e853c1549	Cnidaria%Anthozoa%Scleractinia%NA%NA%NA	10
420110b30dbad413d96669f233372e2562171b69	NA%NA%NA%NA%NA%NA	10
a1958f9392f9013394fedf714b6f71b2429a48a9	Arthropoda%Insecta%Coleoptera%Erirhinidae%Thryogenes%Thryogenes festucae	1
a571e0f76f8a76d7e10d6ffae87e6b5530389eb8	Ascomycota%Sordariomycetes%Hypocreales%NA%NA%NA	10
a5aeac2cc22267fb6797feb0d9388dedf22b0a4c	NA%NA%NA%NA%NA%NA	10
a6020ecd41162f573ce9ca2322edb26762bc9231	NA%NA%NA%NA%NA%NA	10
a91a508c6c6d3063f325d681a74d8fed8b7739d9	Ascomycota%Eurotiomycetes%Eurotiales%NA%NA%NA	10
ab6f1a8bfeaa24dc208464bb5854e493daea8acf	Ascomycota%Dothideomycetes%Cladosporiales%NA%NA%NA	10
b745408d158660d7e18c3569e92d4ee1f331fa87	Mollusca%Gastropoda%Nudibranchia%Dendronotidae%Dendronotus%Dendronotus venustus	1
feed88495dafaee329b7aca4c5bcf65df5397fcf	NA%NA%NA%NA%NA%NA	10
7f921402178a80c8722bedf777e4f56952ab1e15	NA%NA%NA%NA%NA%NA	10
853b7887761a204b2ed7b09ff566e4acbf8c2093	Arthropoda%NA%NA%NA%NA%NA	10
9bdbb239bea921d59962e8c78c52c2fe0de8ac55	NA%NA%NA%NA%NA%NA	10
96dcc4b356d7c127cc0d4406c551feb2c7b7a099	NA%NA%NA%NA%NA%NA	10
9841dcf6c14240a649ba999d5101018999b562a7	NA%NA%NA%NA%NA%NA	10
987f162a580386db1f4ae9e9e4cdfa5bd7a0084e	Ascomycota%Eurotiomycetes%Eurotiales%NA%NA%NA	10
e7843cfb8372328a4e98910361a507cd3a0ea965	NA%NA%NA%NA%NA%NA	10
ea2bda8e363f593e51eae3708c51ea09cd7ce313	NA%NA%NA%NA%NA%NA	10
813fde41c80ab46515665b88ec63e40e92970051	NA%NA%NA%NA%NA%NA	10
fb50508260b18892ab86cc7b678d627c073be682	NA%NA%NA%NA%NA%NA	10
fdb510428c2e6af0c9f34ca66c1b1d65c5ab0dab	Chordata%Mammalia%Primates%Hominidae%Homo%Homo sapiens	1
c61fcc0ef0ffd87c21e260101a28716d855b29cc	NA%NA%NA%NA%NA%NA	10
cafbc502a8bda1eae95664a5eee0499590a53b87	Cnidaria%Anthozoa%Scleractinia%Caryophylliidae%Gardineria%Gardineria hawaiiensis	1
ce0da37db39b0fd67ee646deba13b085cd19cf4d	NA%NA%NA%NA%NA%NA	10
de116e2e3deb13293869b0dc6f73fcd4cf313e66	NA%NA%NA%NA%NA%NA	10
24957de6eb31732d7e213fd666a026a93d713808	NA%NA%NA%NA%NA%NA	10
26f1df9a9d4625c360e121da13816b993c2d8eb3	NA%NA%NA%NA%NA%NA	10
009e693011fb232e2dda4931bd9fd1a2e749e59c	Ascomycota%Eurotiomycetes%Eurotiales%NA%NA%NA	10
2db696d94e62289d34c2925e33600bffbb27f2e2	Ascomycota%Sordariomycetes%NA%NA%NA%NA	10
02a83e6cd1750e544aafa17e8b134a5160657149	NA%NA%NA%NA%NA%NA	10
03cd3799fa8ae14043a69e8492cf28256c6dcbca	Cnidaria%Hydrozoa%NA%NA%NA%NA	10
045c971e506cc1f478772b8e9a7a3b69640638d9	Cnidaria%Anthozoa%Scleractinia%Caryophylliidae%Gardineria%Gardineria paradoxa	1
058a23a8226affd239b154d863926f5a9c59e611	Basidiomycota%Agaricomycetes%Agaricales%NA%NA%NA	10
05d23668d8a2a82e2ff7b10c2bf63af0dfa7fbe5	NA%NA%NA%NA%NA%NA	10
08add6fce7cb4cfdd0877f3cba76c84cbc2b6dfe	NA%NA%NA%NA%NA%NA	10
09fa99919126c7b9cd6c6284ffe0c8323079dfcd	NA%NA%NA%NA%NA%NA	10
0da5a66e6059d9a879b488b48956aa2af0a2b26f	NA%NA%NA%NA%NA%NA	10
0bf9aa0d8e5b99a6a1883a48f9c51ab51ca58014	NA%NA%NA%NA%NA%NA	10
1d3181799b440baf0113acc8287f9e91e345c511	NA%NA%NA%NA%NA%NA	10
1e01e5d668b2c1e86285f702b1944016c054a863	Ascomycota%Sordariomycetes%Hypocreales%NA%NA%NA	10
1c2aba0eaacc84aa050dd3a5ec4d234eea6ca095	NA%NA%NA%NA%NA%NA	10
4fef768d1632065ddc19305c0ec1d1fdfe814915	NA%NA%NA%NA%NA%NA	10
441ad8c05cf15166481dd681af6977ad2397ab89	NA%NA%NA%NA%NA%NA	10
525c1709e6145bccdb687032c8a14a2bcc2566c5	NA%NA%NA%NA%NA%NA	10
33ad449d29d81d5560be5a285d3861f89147af5a	Ascomycota%Eurotiomycetes%Eurotiales%NA%NA%NA	10
552471903ad67b6f38e394b14dfc0b7d4cc0f32f	NA%NA%NA%NA%NA%NA	10
59b5194c8f5611a20871149f09e3eb2150592232	Ascomycota%Eurotiomycetes%Eurotiales%NA%NA%NA	10
02c1949321f6fc080ff2411b33f5a8c97bfba14a	NA%NA%NA%NA%NA%NA	10
486406d8e38972629645e15e257e661100e19b9c	NA%NA%NA%NA%NA%NA	10
52be93c769dfd7f40b903c633a7081875644d459	NA%NA%NA%NA%NA%NA	10
fa8d56f484493e547affec18ba69ef24b4e30e04	NA%NA%NA%NA%NA%NA	10
70dc51ba1e8956d308fa399d271617b1cc11c341	NA%NA%NA%NA%NA%NA	10
ac08c19bd807d597e0557e0d47e0d381c0c20343	Rhodophyta%Florideophyceae%Gigartinales%Dumontiaceae%Gibsmithia%Gibsmithia hawaiiensis	1
1b5370950a8b81565232536b48bf7ce7915e988f	Ascomycota%Sordariomycetes%Hypocreales%NA%NA%NA	10
50d08e42c02e388fb428d55affc739083a68760c	NA%Phaeophyceae%Scytothamnales%NA%Stereocladon%Stereocladon rugulosus	1
0cec7f132354dbaa75d6de48c413db5ad386b572	NA%NA%NA%NA%NA%NA	10
60cbda72e476177d76ade7febbfa7825463ac275	NA%NA%NA%NA%NA%NA	10
2fbf5ebb09740b68c0370070b2539cc8590f2ddb	NA%NA%NA%NA%NA%NA	10
3d117aedeebcbb7f0e074a5e6fa23ddba0580b06	NA%NA%NA%NA%NA%NA	10
dd08c2d0f806d825facdfb075867c1680f0b773c	Mollusca%Gastropoda%Stylommatophora%NA%NA%NA	10
c848955c7d51e0650c3dbb5bbb0570b444a1eadf	NA%NA%NA%NA%NA%NA	10
0ab6ac5f41c23b6c166a6aeaa6b4b95e43f187e4	Ascomycota%Eurotiomycetes%Eurotiales%Aspergillaceae%Aspergillus%NA	10
49eb213c622aa713728b89099a05929b147c5d65	NA%NA%NA%NA%NA%NA	10
688631679df4e6d75104e34ec3a27f74806c3a07	Ascomycota%Eurotiomycetes%Eurotiales%NA%NA%NA	10
6cf0f32cf9c34a4de26b8f6e56804dedbc82af98	NA%NA%NA%NA%NA%NA	10
83155b658bec4f8c3560e0c077fe4fd606a3e1ba	NA%NA%NA%NA%NA%NA	10
5ca82abed70e40ae77ed9d6093ac9c78f5b1d801	Pseudomonadota%Betaproteobacteria%Burkholderiales%Comamonadaceae%Pseudacidovorax%Pseudacidovorax intermedius	1
495c1d80d52c7fab58952ea85acdaa2780ecc256	NA%NA%NA%NA%NA%NA	10
b29be5fc8894c12a6089a298d02848c71c3a068b	NA%NA%NA%NA%NA%NA	10
a08b019dbe3257886dcc8d37712e09b039362286	Arthropoda%Arachnida%Araneae%NA%NA%NA	10
9b50d9a3ca93abd41b29b3ea31ceaf1fac93ed45	NA%NA%NA%NA%NA%NA	10
a6987e70dd1a262cecfadb801241fd9961412146	NA%NA%NA%NA%NA%NA	10
8e088039b1a2e8b73cc5d52a1ea6ff5abedece1a	NA%NA%NA%NA%NA%NA	10
be1f3528bc0afa94054927e738f9f49b73951765	NA%NA%NA%NA%NA%NA	10
93eb925a434e222bf43681a2407f88b467c0ee1b	NA%NA%NA%NA%NA%NA	10
c22038777b8d0495587f3b5f60e9a939fa64182d	NA%NA%NA%NA%NA%NA	10
dc2de380c0fdb938d02ef349a22774e30732f31c	Arthropoda%Malacostraca%Decapoda%Diogenidae%Calcinus%Calcinus californiensis	1
d257cb8d7f6f08052555ae2d54c4652b456a08bb	NA%NA%NA%NA%NA%NA	10
adf69e14c8aed3a6e3eeeaf2685e787930d4b8eb	NA%NA%NA%NA%NA%NA	10
abbb0438023236775ec8e621534cabc0cd4ad6b7	NA%NA%NA%NA%NA%NA	10
33c691da1f33d35ff04b09ce55960bba8ff5ca5d	Arthropoda%Insecta%Diptera%Simuliidae%Austrosimulium%Austrosimulium furiosum	1
00ed3bef2bf7dd79b81b0c0450e85a3171c01905	Ascomycota%Leotiomycetes%NA%NA%NA%NA	10
80af01b219c35db3ae9fb6ef244906afec999b14	NA%NA%NA%NA%NA%NA	10
5b189bf2917043b62ef7b0fdb062cee59febe1ac	NA%NA%NA%NA%NA%NA	10
64d6f7cadd380f46cd9235981facc126e49aaf0e	NA%NA%NA%NA%NA%NA	10
331e9fc8b79cfba390dafa1679bf04c438a6e67a	Cnidaria%Hydrozoa%Leptothecata%NA%NA%NA	10
9b2c48d0a65cfa3942c947ab13b7143d1c777a73	Arthropoda%Insecta%NA%NA%NA%NA	10
088c650333a95f7bc364aef11b422b7948488aea	Arthropoda%Insecta%Trichoptera%Glossosomatidae%Glossosoma%Glossosoma dulkejti	1
52b698991537ec6eeeea9e2063ed529328f04647	Cnidaria%Hydrozoa%Leptothecata%Haleciidae%Nemalecium%Nemalecium lighti	1
613a6d312034501a142efd9216f9b960e023352c	NA%NA%NA%NA%NA%NA	10
a9ad7e4d409e30150abc8b0616eb7db83ca36e24	NA%NA%NA%NA%NA%NA	10
4814935b8a8065b6db472f8131964bd7d6f779d6	NA%NA%NA%NA%NA%NA	10
8603dfd4a73fd9bb202b69dd2396df293766c808	NA%NA%NA%NA%NA%NA	10
fd435fa147320c6e5699c4084a979de06ab93edb	Ascomycota%Sordariomycetes%Hypocreales%Nectriaceae%Fusarium%NA	3
0979e6a35997b1bc899321a2ae55a60550a688ba	Cnidaria%Hydrozoa%Leptothecata%NA%NA%NA	10
99461d0fc27467412eefff1919f0e504727c78ba	NA%NA%NA%NA%NA%NA	10
602a6894808d8cbc54035eb3b269b870a340c748	NA%NA%NA%NA%NA%NA	10
fa1c28edcb3faaeedd0741517735d4f9a63c6c31	NA%NA%NA%NA%NA%NA	10
9afc7e58b99e0953cabd68c7fe42d43039b4e55c	NA%NA%NA%NA%NA%NA	10
104c20df0f5913d14fa4e2ddc0088161f5042b06	NA%NA%NA%NA%NA%NA	10
2199810451ebc94ee7cbb99453f5fefa84588363	Ciliophora%Oligohymenophorea%Philasterida%Philasteridae%Philaster%Philaster sinensis	1
22f885be3eacd87c768ba05b9fecba607cd34424	Cnidaria%Hydrozoa%Leptothecata%NA%NA%NA	10
ac7de5ae8ed03bf53a43770e8290d82fef9908cd	NA%NA%NA%NA%NA%NA	10
db6bc2449e2f53f1774acbadc21d7eef405e9edc	NA%NA%NA%NA%NA%NA	10
21213d5751bc62ca6822e0e9431f9662a057c63f	Ascomycota%Sordariomycetes%Glomerellales%NA%NA%NA	10
70acbc1dc3c3caa275f7c4c2c280100cef96b0db	NA%NA%NA%NA%NA%NA	10
38f86567bdb8ac6c2de334cd5dbac69cc16812f0	Ascomycota%Sordariomycetes%Hypocreales%NA%NA%NA	10
960ae88fb5aa98249cb03e90ad19e555c2ebae7a	NA%NA%NA%NA%NA%NA	10
a49916a3c17bd31b6db2df183dd5fc925086e1c5	NA%NA%NA%NA%NA%NA	10
aca226b0dd9da07a5df0034efc3207edd32cc549	NA%NA%NA%NA%NA%NA	10
63355c4d756e527f35c5506afebc463daedf2b81	NA%NA%NA%NA%NA%NA	10
b0bf33d7b58d60bf7f0f0fa7ca30f2f177322bba	NA%NA%NA%NA%NA%NA	10
92a233e1e598f80ba707dfb4c432550a797ff86c	NA%NA%NA%NA%NA%NA	10
6aae2e6bf2a44c24a564fe5eac80f7176b71563e	NA%NA%NA%NA%NA%NA	10
6a2dfad0c53bce91aa39d30be17a8eb3de981219	Bacillariophyta%Bacillariophyceae%Bacillariales%NA%NA%NA	10
6b7e5a4fbdfbc9ddb3bdc76ec3261764f42feb13	NA%NA%NA%NA%NA%NA	10
642cb7cceb32413e35655ee721fc195f6c8840e6	NA%NA%NA%NA%NA%NA	10
f097fba52e775c8854ca8cc9fd2c8177dc1330b8	NA%NA%NA%NA%NA%NA	10
f4898380923a653f7b0cbb694a02671eca8413a9	NA%NA%NA%NA%NA%NA	10
fca9d8ccee1c4b1498f32aa63b9e99db0c3fb830	Arthropoda%Malacostraca%Decapoda%Munididae%NA%NA	7
c9fadbf9750458d161fc68b5cdafe789bfa42909	NA%NA%NA%NA%NA%NA	10
c40759283cd7a62b653288925ef6ad8e83ab96d2	NA%NA%NA%NA%NA%NA	10
c2681d3b4aaa04e23d1b4d626198b803fd729b61	NA%NA%NA%NA%NA%NA	10
fd8c85146506d431f29088e229331a65e27643f4	NA%NA%NA%NA%NA%NA	10
dce34ff385e44d00f9e964cde1992568ecf48829	NA%NA%NA%NA%NA%NA	10
d61279ccd79f05b45405775d6ebe5f8194748f7d	NA%NA%NA%NA%NA%NA	10
e0b56f0a1be2750cb0ab734070233bc894c45809	NA%NA%NA%NA%NA%NA	10
b34f43d2ab7a476b8a76a7b5c65e8c19cc3a270a	NA%NA%NA%NA%NA%NA	10
e730e0c88272bf31b09d0b527c22925799f08193	NA%NA%NA%NA%NA%NA	10
e6e8d2973fefea23d3150c64288d9b6787541228	Oomycota%NA%NA%NA%NA%NA	10
1034c211a684d3e0fe1071a7536eba60b1d7b2f3	NA%NA%NA%NA%NA%NA	10
271c17484c5c6a32f47f053acd628dd41da35001	NA%NA%NA%NA%NA%NA	10
0ae3f51ea8f73cbb463cef1120bf72e7c3f6a9bc	NA%NA%NA%NA%NA%NA	10
38099e6ee6912aedb0c28c2456a61b0668b859d3	NA%NA%NA%NA%NA%NA	10
3a3e5d3666fd1832efbfa2af91f9fe8f403f437c	NA%NA%NA%NA%NA%NA	10
3af89b3f2fc9544f6ba6d237e541783f8800a52b	NA%NA%NA%NA%NA%NA	10
3b2b4863c5822cb5ec737c45f25e767fea4ab1fd	Oomycota%NA%Pythiales%NA%NA%NA	10
219f88db0a85599c925fda3afee78526eba1008f	NA%NA%NA%NA%NA%NA	10
22d2297d3d1a431cd08a3b79a2346a205f60a1cf	NA%NA%NA%NA%NA%NA	10
7c5d8f1b5febcb878e8f4ecb534b15854f120dbe	Ascomycota%Eurotiomycetes%Eurotiales%Aspergillaceae%Aspergillus%NA	10
02a443f0584d57d4aa9de5108a1ac261ed6aac0f	NA%NA%NA%NA%NA%NA	10
7e37925e91ac6b0ecd2582e06f08ec98f877973c	Rhodophyta%Bangiophyceae%Bangiales%Bangiaceae%Pyropia%Pyropia perforata	1
51ddc4a57593e6e98ddab26a67493ac773e090bc	NA%NA%NA%NA%NA%NA	10
52c72913042d83210930cd09ac2159d9faac33e7	NA%NA%NA%NA%NA%NA	10
544435b8327af1c3492acb3f7ab11301c31b54af	NA%NA%NA%NA%NA%NA	10
546a07eab3c42e6647206629e05c2af17ce2301f	NA%NA%NA%NA%NA%NA	10
597f948ce44da3abb0fe71572a946338347b2b8c	NA%NA%NA%NA%NA%NA	10
5a1e0269750dec8f2b6f1014392a66be8c767b29	NA%NA%NA%NA%NA%NA	10
1a379714b6ec9eea98a0636a93fb7162f96cd811	NA%NA%NA%NA%NA%NA	10
c404646c77981ca72edb145b21bd1c0513ad3066	NA%NA%NA%NA%NA%NA	10
b0acf02a3edb045a9566cd0ad3199cf5a03d3186	NA%NA%NA%NA%NA%NA	10
ca689dc4b578a9b85f6dd69b164753bbb31dadb3	NA%NA%NA%NA%NA%NA	10
00d70ece0f3b714051339bf1890cd55ca46d0e8d	NA%NA%NA%NA%NA%NA	10
494f372c460b14be9a0d8061a3b1bbc1c367334d	NA%Xanthophyceae%Tribonematales%NA%NA%NA	10
aa455b52e839b772cf015ebbc704479185fde355	Arthropoda%Arachnida%NA%NA%NA%NA	10
eb6089ee324b343f76490ab01e7172aa7072ca92	NA%Xanthophyceae%Tribonematales%NA%NA%NA	10
58edc921e928bca8752105ce77555ce6e398877f	NA%NA%NA%NA%NA%NA	10
ace3689065ee967be39402d2ca6c107126896561	NA%NA%NA%NA%NA%NA	10
0096ba4bb3ef35890d49ce15198969c349b5a906	NA%NA%NA%NA%NA%NA	10
74f5d3225f22943a423a955c69deebfda7ecbe71	NA%NA%NA%NA%NA%NA	10
795cef22a12c94dcc930e53033a2885bab0b1333	Ascomycota%Dothideomycetes%Cladosporiales%NA%NA%NA	10
f6ce4711530c204b12fa807f0cc2e798b9571035	NA%NA%NA%NA%NA%NA	10
46aa9f8113e3c7deec9a61619d4239d7a350c9b7	NA%NA%NA%NA%NA%NA	10
bca49cf98890bfb5b5d92fa95499a8a8bb0c559b	NA%NA%NA%NA%NA%NA	10
0557002c248bd2e9993d2375c8682f9191de482d	NA%NA%NA%NA%NA%NA	10
c29982d2160514ad113b3d9e23844bcd9ddef2c1	NA%NA%NA%NA%NA%NA	10
3ae06198b19948a153b91b66521c6da85b0eeaad	Arthropoda%Insecta%NA%NA%NA%NA	10
a752c5002f6d94cda0f742c66690e8c157a7e152	NA%NA%NA%NA%NA%NA	10
c6673fa29ff09ecde9e9b64b3ea2fec4ba9394d3	Ascomycota%Eurotiomycetes%Eurotiales%Aspergillaceae%Aspergillus%NA	10
e29e68a7c795c4e5b477bf0d29402af6ec82b487	NA%NA%NA%NA%NA%NA	10
b661598d89661ff9a9586ad17fb4dd0aeb08bf51	NA%Xanthophyceae%Tribonematales%Tribonemataceae%Tribonema%NA	10
b24455e4a0633bd846855c7908a11d64efb80cd9	NA%Xanthophyceae%Tribonematales%NA%NA%NA	10
9bc817b7029ec5b33f65ab09df0a46a830f02109	Ascomycota%Leotiomycetes%NA%NA%NA%NA	10
0d9b15945ba00b72d75ead76e63f79d96193081d	NA%NA%NA%NA%NA%NA	10
117051f0a2bab0a59a04d114dc7622c03d0fe794	NA%NA%NA%NA%NA%NA	10
80517ec46cf468f1c7ba89ed3767581e809a7d2e	NA%NA%NA%NA%NA%NA	10
45fe75619dd14514a2835c4ae53b92e1ca3a5394	NA%NA%NA%NA%NA%NA	10
509b9870b296850ef7572fce1c14306a9f808ccd	NA%NA%NA%NA%NA%NA	10
afefb2e35bc37a3ea9ea76cc3f76af04d5c8b633	Echinodermata%Crinoidea%Comatulida%NA%NA%NA	10
b96e0f6cfb09f26f9e5c2a6c29acf325ce62f7f0	NA%NA%NA%NA%NA%NA	10
bd4ed3671cd52fd0201ae0b6b5ca42ebffe65af2	Arthropoda%Hexanauplia%Calanoida%Diaptomidae%Arctodiaptomus%NA	10
bd6472308aa3b5dae11e26db4bf97bcaa5c6473f	NA%NA%NA%NA%NA%NA	10
b6c889969c7914c629db4188671d65c0d7c5abc6	NA%NA%NA%NA%NA%NA	10
b3fe23804b6ac770f41f0427e7778717fd9f17da	NA%NA%NA%NA%NA%NA	10
c067a92edb5df7014e876b50b5ad4345426b1262	NA%NA%NA%NA%NA%NA	10
aca17770bdc691be479424b767e1e84153e1d3d8	Arthropoda%Insecta%NA%NA%NA%NA	10
a8881307537b4feb1ebd3c4768c1a73dbbb14abd	NA%NA%NA%NA%NA%NA	10
a15f03df69c02da72994e0491833c047bfc56eb4	Ascomycota%Sordariomycetes%Hypocreales%NA%NA%NA	10
a2b86276ed54328602f8a4d5fd6f0bb7607e9d72	Basidiomycota%Agaricomycetes%Agaricales%NA%NA%NA	10
8b7a540fa5ecef300b9540b445f1558c809060db	NA%NA%NA%NA%NA%NA	10
8b4c39a399567c06132c31fa91273079ed651216	NA%NA%NA%NA%NA%NA	10
e7c5ee7a28933de151cbbd2b59e161bb2c7068e8	NA%NA%NA%NA%NA%NA	10
e81d8b421339fe0539f3106a1b06fceb0e6b0dc1	Ascomycota%Leotiomycetes%Helotiales%NA%NA%NA	10
e62d424344997837b6dd1c79194af36b110529df	NA%NA%NA%NA%NA%NA	10
e6360d380896f2c8fbddb73c31b7df312c22a7af	Ascomycota%Eurotiomycetes%Eurotiales%Aspergillaceae%Penicillium%NA	3
e0f13bca790b336cf77bb1b997f3c5e6f86102f9	NA%NA%NA%NA%NA%NA	10
9f163c9d44e044ae66c04a39b061b32513e414d6	Arthropoda%NA%NA%NA%NA%NA	10
9b9b5fb322c0fb548409b2ae92332fd30b357bb2	Bacillariophyta%Bacillariophyceae%Naviculales%NA%NA%NA	10
94417fdb472fe4292e17b77c8fcdb24fd0a24b37	NA%NA%NA%NA%NA%NA	10
91a6aca7d64de4a4034d753d7954d4ddf702316e	NA%NA%NA%NA%NA%NA	10
ef8c5d4e1e6f6c9ea1abcd204745a9a3181c681c	Oomycota%NA%NA%NA%NA%NA	10
c4c248a86875e5ef69e4173daf532cb77569b607	NA%NA%NA%NA%NA%NA	10
dcb2f188516560a08d5adef4066e12791f930798	NA%NA%NA%NA%NA%NA	10
d111d8fade5fbbf82a014f2481702e6367a9ae59	NA%NA%NA%NA%NA%NA	10
12204977a0cdef510386962447fef33ab891ed34	NA%NA%NA%NA%NA%NA	10
1325aba1266bedfbd181e4e70e277d3e8be76a28	NA%NA%NA%NA%NA%NA	10
134b9dc783300803143554a987961325a7913810	Ascomycota%Sordariomycetes%NA%NA%NA%NA	10
173ef221b51b5ea7e4f7efa7146af06559ca558a	NA%NA%NA%NA%NA%NA	10
1ad943e50bb2c948dda2af433dd7b1184fc05477	NA%NA%NA%NA%NA%NA	10
1ca258527cba5e1119ba3146d811aa37dfe5d996	NA%NA%NA%NA%NA%NA	10
255410b62f4413aa579b9551ed16bc97b44d5fe8	NA%NA%NA%NA%NA%NA	10
2276dc83d343e7a671844cbcb1dea5838d1e9120	NA%NA%NA%NA%NA%NA	10
253f2fb794999c5538df0839abcf15da3b157c29	NA%NA%NA%NA%NA%NA	10
420ae756a5cd3b9951840186809902d741ef54a2	NA%NA%NA%NA%NA%NA	10
20a6a7f727c1a59838bc3f6f2c666765b4a02a73	Ascomycota%Sordariomycetes%Hypocreales%NA%NA%NA	10
0eb1ded94a7ac0b748219711ec6ead0f47313ab9	NA%NA%NA%NA%NA%NA	10
063f6f006f33dd088bf71f830e52b8e85da2df53	NA%NA%NA%NA%NA%NA	10
357e6c3b1bd79a9c7555f93b8c648bd6b70c97f5	NA%NA%NA%NA%NA%NA	10
35d4c93c0419fbf773ac494b5b454bbe849e795b	Discosea%NA%Himatismenida%Cochliopodiidae%Cochliopodium%Cochliopodium crystalli	1
379bb5905a1c6da37de4927c4db78a2930ef599f	NA%NA%NA%NA%NA%NA	10
383862c498b370032cdf6c4fe7faf42d4c303bd7	NA%NA%NA%NA%NA%NA	10
3c4d515266839087c16659a5dbdb95d8ca4341c3	NA%NA%NA%NA%NA%NA	10
3f2cc4f99191128c8e10fec2ef661104aed4ac32	NA%NA%NA%NA%NA%NA	10
04b124793715a3da77bd82478751678d775a1bc1	NA%NA%NA%NA%NA%NA	10
52a5aef299b195c750cf39d9cec03eb11f69899b	Ascomycota%Sordariomycetes%Hypocreales%Nectriaceae%Fusarium%NA	3
54039de6af7272bb544527a32c5b355ce01fa675	NA%NA%NA%NA%NA%NA	10
562ed4946046a0d9a95f9bd46239950999a0760f	NA%Xanthophyceae%Tribonematales%NA%NA%NA	10
57df07bf215e0a307b6128b3bfa7ddae9dc6d113	NA%NA%NA%NA%NA%NA	10
5a72bdf0ec5422abaa6e9415db12ce16fb75f9fa	NA%NA%NA%NA%NA%NA	10
6a91fa299de581a6bf798e1c82799fc54fe2ba11	NA%NA%NA%NA%NA%NA	10
628602e7b4bca964b1449322d108c798882103ef	NA%NA%NA%NA%NA%NA	10
70acb4bb77ec7a8551bcde97b1062e67045fa75c	NA%NA%NA%NA%NA%NA	10
7fbab105ac40de5fac23fb9fc16f605233462d8a	NA%NA%NA%NA%NA%NA	10
4a91e57f2b79e7dd357e726be37f1cadd36c6fb2	NA%NA%NA%NA%NA%NA	10
499328482ebb64350261552c379883115813e9cb	NA%NA%NA%NA%NA%NA	10
645ddec008bb36dc1421c088e594099d8a0e2d50	NA%NA%NA%NA%NA%NA	10
b7bec86406bb550765ac31b0f9d57fe1e683019c	NA%NA%NA%NA%NA%NA	10
0b0201c2784ae8557245cdbda9fc1bb3620f9542	NA%NA%NA%NA%NA%NA	10
968679409a8f10f5491241f201c3af6027712e07	NA%NA%NA%NA%NA%NA	10
83e51105e4ada26558e6ca4186849fd099008437	Ascomycota%Eurotiomycetes%Eurotiales%Aspergillaceae%Aspergillus%NA	10
e372f6f8390529a1fe14499314476c7875cac284	Ascomycota%Sordariomycetes%NA%NA%NA%NA	10
93befff2df7e5ffe7047b386fac882ad58a1dd70	Ascomycota%Sordariomycetes%Glomerellales%NA%NA%NA	10
6472335c3c5ae7ebf7ce5b845db3615674bb8468	NA%NA%NA%NA%NA%NA	10
aeb81f348ddb76a3b8bca34ef4db0470fb813acc	NA%NA%NA%NA%NA%NA	10
a56593a3bf9d7ec6b555accd4a44137758880018	NA%NA%NA%NA%NA%NA	10
b2610501e7c801b67ad56ab471d20fc8d8f2d789	NA%NA%NA%NA%NA%NA	10
baf36d7c0d3de725c791afd031db803f64d0cea0	NA%NA%NA%NA%NA%NA	10
8360afd6edda9674933c60e312e5707cf5c942cc	NA%NA%NA%NA%NA%NA	10
c441937a715b215baad24e0b733497f6aabd6c44	NA%NA%NA%NA%NA%NA	10
d8c0db3cca5da1840910a7e6e6c532006871d5fa	NA%NA%NA%NA%NA%NA	10
bcd9d08744dc0ca9357fd569bc775933f39bfb3e	NA%NA%NA%NA%NA%NA	10
016f70805437899aaacca6280b07ae48ee1a139a	NA%NA%NA%NA%NA%NA	10
2eca0258a8255923caaf404c5a228e351b4a28ca	NA%NA%NA%NA%NA%NA	10
22a845c8dc085bb55de2c7942009e8ddd8979602	NA%NA%NA%NA%NA%NA	10
209900377ba800f5b784f3cc06518ba50614f157	NA%NA%NA%NA%NA%NA	10
30c2817f3998b7ecad221ee2682a0fbff2b0ccac	NA%NA%NA%NA%NA%NA	10
32017306cc03bc1985cd5f7f988aa6430ae252f9	Ascomycota%Sordariomycetes%NA%NA%NA%NA	10
75704fb7649d881da7777ea32b97c3b8ce291fd0	Ascomycota%Sordariomycetes%Hypocreales%NA%NA%NA	10
67d8da3f75c8e5cfc38262bb5a63b0c44e03c8b0	NA%NA%NA%NA%NA%NA	10
33e0d3908555e2ff64c53734d6771b183323dd91	Mollusca%Gastropoda%Stylommatophora%NA%NA%NA	10
5b82fb510246e469588d434dda55f9ab8a57de81	NA%NA%NA%NA%NA%NA	10
6df636023d21f62b5fbc04cab26b68b7a5403fe6	NA%NA%NA%NA%NA%NA	10
86b377d917586afa61fa944f3bdb50da88d203b8	Porifera%Demospongiae%Tetractinellida%Theneidae%Thenea%NA	4
efb311c35ff15f4afec7745f11ec8bd2351f757e	Cnidaria%Anthozoa%Actiniaria%Hormathiidae%NA%NA	9
0a664fb9529bf9db362138d76a86e179e04d410b	NA%NA%NA%NA%NA%NA	10
2028bc884edf3b7f5854d329c19ba23dab00d802	Ascomycota%Sordariomycetes%NA%NA%NA%NA	10
f4cedbee902a182e01f8467790599608ce0d84f9	NA%NA%NA%NA%NA%NA	10
5be4d47a6520d041dec7cb0208317527272835ab	NA%NA%NA%NA%NA%NA	10
eac3da556b692e8e1aa37bcbeae5b44294983a95	NA%NA%NA%NA%NA%NA	10
0f6b6129fae416c87ccd224009c08522e6f127d1	Arthropoda%NA%NA%NA%NA%NA	10
e15fbaaf348ceb2a0f41b6a8a60104e42288124e	NA%NA%NA%NA%NA%NA	10
837cb586f1775e5147910be3c1e0c18892fa7db9	NA%NA%NA%NA%NA%NA	10
aec09b664c2d7425adba217add9cf8df43a925c2	NA%Phaeophyceae%Ralfsiales%Pseudoralfsiaceae%Nuchella%Nuchella vesicularis	1
06595c9a176ef927a98e893e154996fe1b37da55	NA%NA%NA%NA%NA%NA	10
4221f52c88d4e8125aac2259500815ffa960867c	Arthropoda%Insecta%Ephemeroptera%Heptageniidae%Ecdyonurus%Ecdyonurus corsicus	1
a2c0b3b74f6028174e0a7beb52a1fe7a49e66073	NA%NA%NA%NA%NA%NA	10
4428436272bc55c0cdce1b0a63ba3122383cfbd9	Mollusca%Gastropoda%Stylommatophora%Clausiliidae%Papillifera%Papillifera papillaris	1
eb5593742b2313b52c3194bad050ca4f0b596146	Chordata%Actinopteri%Perciformes%Triglidae%Eutrigla%Eutrigla gurnardus	1
3ff78f2c77fcebca151fb9975e02bb83eb7533b1	NA%NA%NA%NA%NA%NA	10
72680f271eea8ce98eddc5b1230ce1dad7f908b5	Porifera%Demospongiae%Tetractinellida%Theneidae%Thenea%NA	4
a7516cb846869a840d1fd5dda09cf71c6dacbdcf	Ascomycota%Sordariomycetes%NA%NA%NA%NA	10
145a809fa910a1c41df86cc9d7f65b34aa5c86c5	NA%Phaeophyceae%Ectocarpales%Scytosiphonaceae%Planosiphon%Planosiphon zosterifolius	1
2f7a089263e476665b30d05698c0e9a5986c7251	NA%NA%NA%NA%NA%NA	10
4566af21998c46afd73f8d7e1229763b65be96a7	NA%NA%NA%NA%NA%NA	10
7e6d2f0493a54eee222a15b10b4ae946a3c73ed9	NA%NA%NA%NA%NA%NA	10
7634f4f632eb057d951927de0e4c51c6bd59213f	NA%NA%NA%NA%NA%NA	10
8cc1f4379b6bf3981fdc3d25d44de613405d6101	NA%NA%NA%NA%NA%NA	10
e2ce258502e4630f3892c66e36a3841fe24d9a2b	NA%NA%NA%NA%NA%NA	10
cb1a0575fb6cd9541d16111369bcc2b057829e16	NA%NA%NA%NA%NA%NA	10
dbe4134bbb870c9475a5d977a189d84d17a3a47d	NA%NA%NA%NA%NA%NA	10
d16211b13077ac0e88d4c3a8860fd5acbe08defa	NA%Phaeophyceae%Ralfsiales%Pseudoralfsiaceae%Nuchella%Nuchella vesicularis	1
20664c36b68140abe7f581124fefa99d8625713e	NA%NA%NA%NA%NA%NA	10
181f20a4746576f5d3baf9ee4769aafda730d860	NA%Phaeophyceae%Dictyotales%Dictyotaceae%Dictyota%Dictyota falklandica	1
6ea8278581e0940b0b37a577dd963698656766d4	Ascomycota%Sordariomycetes%Hypocreales%NA%NA%NA	10
6aaade58005b55183c13a9da2f17db8954fbe80e	NA%NA%NA%NA%NA%NA	10
69368c39c67b2bc83750bf6011375c29d97011b0	Arthropoda%Hexanauplia%Calanoida%Diaptomidae%Arctodiaptomus%Arctodiaptomus dorsalis	2
62a42e54774305e36cf482722f0aedecde9c787c	Arthropoda%Insecta%Diptera%Tipulidae%Tipula%Tipula serta	1
5f089ed0e26a79f6f2822b281f1891af65fa9bb3	NA%NA%NA%NA%NA%NA	10
8ed09e631c8f8e4de9a115188ee6f4df5cb6aa62	NA%NA%NA%NA%NA%NA	10
7b52c84e81c5c5981562818172d19aecbb68f935	NA%NA%NA%NA%NA%NA	10
64be400c61af4e265f0e10a784ff6746e0e82c78	NA%NA%NA%NA%NA%NA	10
9736b25a7386e8a44b8868767b01d825d29bcb73	NA%NA%NA%NA%NA%NA	10
6de19e2466f78e5b289370d2e1d9a96e9460c53a	NA%NA%NA%NA%NA%NA	10
6e91501ae004b65f9143cf97f4681198bda94270	Mollusca%Gastropoda%Stylommatophora%NA%NA%NA	10
99cb5206738d2f3cbf01ae34dbbadbe16f5b9999	NA%NA%NA%NA%NA%NA	10
4801ecffca091430697c2412914c6ce0fa95137f	NA%NA%NA%NA%NA%NA	10
31e83c76521505a7ef6c239af48932ca1f2dc1dd	NA%NA%NA%NA%NA%NA	10
e3c996f4831e387af2b14af668348d090e1229e3	Arthropoda%Insecta%NA%NA%NA%NA	10
c1858d32ff5337eb10e2c172a3a18a1894b32913	Arthropoda%NA%NA%NA%NA%NA	10
a0f50b3f70888b5c2b815efa6265bc79389fc47b	NA%NA%NA%NA%NA%NA	10
d0a27365ec3d612aa7f48a14582e28aea3db7a42	NA%NA%NA%NA%NA%NA	10
8907f2c62499e72ed83118575e8a8db83e20c123	NA%NA%NA%NA%NA%NA	10
fb493a20c5204e1c9bd4590340f40a9611bd858e	NA%NA%NA%NA%NA%NA	10
74f54a66753c26123e46f320a94eb72835ccf2de	NA%NA%NA%NA%NA%NA	10
65ac108470fcf11d2e02bf2393b58a5a7bdf521c	NA%NA%NA%NA%NA%NA	10
aba1f5fa398992f4d4ce96ff393cd49aef8e3079	NA%NA%NA%NA%NA%NA	10
3f461ca76b0d3b1c452b55ee590504cc0ffd9334	Arthropoda%Insecta%NA%NA%NA%NA	10
35e53281490b782dd07e99aaf95900b73aad9562	NA%NA%NA%NA%NA%NA	10
0eac7b667be9756b3e0c3ecdf4b3b27d60835d70	NA%NA%NA%NA%NA%NA	10
b0862bbfd8c1d75518160c100f87a2c992d13df8	NA%NA%NA%NA%NA%NA	10
d2e6005a278fb8abaa808bb076a3bce91c76f197	NA%NA%NA%NA%NA%NA	10
cf123aeb8a8a0eef3fa58d64b7e2c7fc84e410a1	NA%NA%NA%NA%NA%NA	10
04273d45d5251f1a24e900347d3333b4eec1f37d	NA%NA%NA%NA%NA%NA	10
aa6763082c2ee02d2e00dfbf2b47eb2a2bee2ffe	NA%NA%NA%NA%NA%NA	10
5ad35c1885b705f45b8164a64946e8d44817066b	NA%NA%NA%NA%NA%NA	10
d70325a7d77f32dd6fdb166c5c3dbb23db7972ce	NA%NA%NA%NA%NA%NA	10
bcfb93f1b219c26ede4f2756eb6794858ea8daea	NA%Dinophyceae%Gonyaulacales%Amphidomataceae%Amphidoma%NA	10
869a9ae4b8d472615db117382bce55d7dee4c725	Arthropoda%NA%NA%NA%NA%NA	10
b7d19843dd69d3161056cf0ccbf47e3bbc4f024e	NA%NA%NA%NA%NA%NA	10
b90e3690766c613c12fb119ad4eafbb8e66e5d4d	Arthropoda%Insecta%Coleoptera%NA%NA%NA	10
5e31f40940b71f666f5c20401d950f82ad992d12	NA%NA%NA%NA%NA%NA	10
89611f15c15f3610a32df80e5dbd817e157d827e	NA%NA%NA%NA%NA%NA	10
87efc971f5f1a5b2ce389baeeb4d1b8326862826	NA%NA%NA%NA%NA%NA	10
20c2697a383d9a232a6d583fba007da52994146d	Ascomycota%NA%NA%NA%NA%NA	10
280755e9ec4098601e32f5d178b1c4d118b605bc	NA%NA%NA%NA%NA%NA	10
86f49dc239b3cdf4da14e9dcd1ae7bc10c6e2a58	NA%NA%NA%NA%NA%NA	10
0bad79b6e661ab68265b503913853558359dbdd0	Arthropoda%Arachnida%Araneae%NA%NA%NA	10
7ee9b1523cfb30edc3d0d246f938d3cc4572a8f8	Cnidaria%Anthozoa%Penicillaria (in: tube anenomes)%Arachnactidae%Isarachnanthus%Isarachnanthus nocturnus	2
470b8e439e108656e34a37940edcd52f30d29809	NA%NA%NA%NA%NA%NA	10
a2340c2f8882795b49f4bd36fa99585c382ff7be	Oomycota%NA%NA%NA%NA%NA	10
638e6920a72de22d4724dc386b1869db279822a9	NA%NA%NA%NA%NA%NA	10
7242d8dbbc0cecb25906b45de1142b2760c3264f	NA%NA%NA%NA%NA%NA	10
7c613740b79dcd77338b32fd954ea8a374aae4cf	NA%NA%NA%NA%NA%NA	10
f7e1ff47573dc50fd5d1a06fb3a55a1bb4f5d3e2	NA%NA%NA%NA%NA%NA	10
eb2df75cdfa58d0d68f9076fcc8ecc380a53a264	NA%NA%NA%NA%NA%NA	10
0d61e482fb2f4af725594b498787bca2409c6551	NA%NA%NA%NA%NA%NA	10
